source,id,sent_at_utc,route,size_class,tip_lamports,cu_price_micro_lamports,policy_id,assignment_prob,uniform_arm,regime_id,outcome,finalized,payload_json
sim,sim-7dfe63d05c29c767e448370cc4a55b1e4ca0a4a04226b65d29499201d1961cb2-0,2026-10-05T00:00:00.000Z,beam_quic,small,100000,1000,stratified-v0-splitmix64:full,0.012345679012345678,True,sim-r0,LANDED_OK,True,"{""id"":""sim-7dfe63d05c29c767e448370cc4a55b1e4ca0a4a04226b65d29499201d1961cb2-0"",""source"":""sim"",""config"":{""route"":""beam_quic"",""tip_lamports"":""100000"",""cu_price_micro_lamports"":""1000"",""cu_limit"":25000,""fee_bucket"":""local_median"",""tip_tier"":""x1"",""size_class"":""small""},""policy_id"":""stratified-v0-splitmix64:full"",""assignment_prob"":0.012345679012345678,""uniform_arm"":true,""regime_id"":""sim-r0"",""sent_slot"":""1000000"",""clock_id"":""sim-clock-v1"",""send_mono_ns"":""0"",""send_wall_utc"":""2026-10-05T00:00:00.000Z"",""signature"":null,""blockhash"":""synthetic-blockhash-0"",""last_valid_block_height"":""1000016"",""leader_class_next"":[{""leader"":""synthetic-leader-0"",""skip_rate_tercile"":""unknown"",""stake_tercile"":""middle""}],""outcome"":""LANDED_OK"",""landed_slot"":""1000001"",""landed_block_id"":""synthetic-block-1000001"",""landed_index"":0,""landed_index_scope"":""unknown"",""observer_first_seen"":{""grpc"":{""clock_id"":""sim-clock-v1"",""mono_ns"":""250000000"",""wall_utc"":""2026-10-05T00:00:00.250Z""}},""resolved_at_utc"":""2026-10-05T00:00:00.250Z""}"
sim,sim-7dfe63d05c29c767e448370cc4a55b1e4ca0a4a04226b65d29499201d1961cb2-1,2026-10-05T00:00:00.250Z,beam_quic,small,100000,1000,stratified-v0-splitmix64:full,0.008051529790660225,True,sim-r0,LANDED_OK,True,"{""id"":""sim-7dfe63d05c29c767e448370cc4a55b1e4ca0a4a04226b65d29499201d1961cb2-1"",""source"":""sim"",""config"":{""route"":""beam_quic"",""tip_lamports"":""100000"",""cu_price_micro_lamports"":""1000"",""cu_limit"":25000,""fee_bucket"":""local_median"",""tip_tier"":""x1"",""size_class"":""small""},""policy_id"":""stratified-v0-splitmix64:full"",""assignment_prob"":0.008051529790660225,""uniform_arm"":true,""regime_id"":""sim-r0"",""sent_slot"":""1000001"",""clock_id"":""sim-clock-v1"",""send_mono_ns"":""250000000"",""send_wall_utc"":""2026-10-05T00:00:00.250Z"",""signature"":null,""blockhash"":""synthetic-blockhash-1"",""last_valid_block_height"":""1000017"",""leader_class_next"":[{""leader"":""synthetic-leader-0"",""skip_rate_tercile"":""unknown"",""stake_tercile"":""middle""}],""outcome"":""LANDED_OK"",""landed_slot"":""1000002"",""landed_block_id"":""synthetic-block-1000002"",""landed_index"":0,""landed_index_scope"":""unknown"",""observer_first_seen"":{""grpc"":{""clock_id"":""sim-clock-v1"",""mono_ns"":""500000000"",""wall_utc"":""2026-10-05T00:00:00.500Z""}},""resolved_at_utc"":""2026-10-05T00:00:00.500Z""}"
sim,sim-7dfe63d05c29c767e448370cc4a55b1e4ca0a4a04226b65d29499201d1961cb2-2,2026-10-05T00:00:00.500Z,beam_http,small,100000,0,stratified-v0-splitmix64:full,0.012417396649761794,False,sim-r0,LANDED_OK,True,"{""id"":""sim-7dfe63d05c29c767e448370cc4a55b1e4ca0a4a04226b65d29499201d1961cb2-2"",""source"":""sim"",""config"":{""route"":""beam_http"",""tip_lamports"":""100000"",""cu_price_micro_lamports"":""0"",""cu_limit"":25000,""fee_bucket"":""zero"",""tip_tier"":""x1"",""size_class"":""small""},""policy_id"":""stratified-v0-splitmix64:full"",""assignment_prob"":0.012417396649761794,""uniform_arm"":false,""regime_id"":""sim-r0"",""sent_slot"":""1000002"",""clock_id"":""sim-clock-v1"",""send_mono_ns"":""500000000"",""send_wall_utc"":""2026-10-05T00:00:00.500Z"",""signature"":null,""blockhash"":""synthetic-blockhash-2"",""last_valid_block_height"":""1000018"",""leader_class_next"":[{""leader"":""synthetic-leader-0"",""skip_rate_tercile"":""unknown"",""stake_tercile"":""middle""}],""outcome"":""LANDED_OK"",""landed_slot"":""1000003"",""landed_block_id"":""synthetic-block-1000003"",""landed_index"":0,""landed_index_scope"":""unknown"",""observer_first_seen"":{""grpc"":{""clock_id"":""sim-clock-v1"",""mono_ns"":""750000000"",""wall_utc"":""2026-10-05T00:00:00.750Z""}},""resolved_at_utc"":""2026-10-05T00:00:00.750Z""}"
sim,sim-7dfe63d05c29c767e448370cc4a55b1e4ca0a4a04226b65d29499201d1961cb2-3,2026-10-05T00:00:00.750Z,beam_quic,large,200000,5000,stratified-v0-splitmix64:full,0.012471970927085747,False,sim-r0,LANDED_OK,True,"{""id"":""sim-7dfe63d05c29c767e448370cc4a55b1e4ca0a4a04226b65d29499201d1961cb2-3"",""source"":""sim"",""config"":{""route"":""beam_quic"",""tip_lamports"":""200000"",""cu_price_micro_lamports"":""5000"",""cu_limit"":300000,""fee_bucket"":""local_p90"",""tip_tier"":""x2"",""size_class"":""large""},""policy_id"":""stratified-v0-splitmix64:full"",""assignment_prob"":0.012471970927085747,""uniform_arm"":false,""regime_id"":""sim-r0"",""sent_slot"":""1000003"",""clock_id"":""sim-clock-v1"",""send_mono_ns"":""750000000"",""send_wall_utc"":""2026-10-05T00:00:00.750Z"",""signature"":null,""blockhash"":""synthetic-blockhash-3"",""last_valid_block_height"":""1000019"",""leader_class_next"":[{""leader"":""synthetic-leader-1"",""skip_rate_tercile"":""unknown"",""stake_tercile"":""high""}],""outcome"":""LANDED_OK"",""landed_slot"":""1000004"",""landed_block_id"":""synthetic-block-1000004"",""landed_index"":0,""landed_index_scope"":""unknown"",""observer_first_seen"":{""grpc"":{""clock_id"":""sim-clock-v1"",""mono_ns"":""1000000000"",""wall_utc"":""2026-10-05T00:00:01.000Z""}},""resolved_at_utc"":""2026-10-05T00:00:01.000Z""}"
sim,sim-7dfe63d05c29c767e448370cc4a55b1e4ca0a4a04226b65d29499201d1961cb2-4,2026-10-05T00:00:01.000Z,beam_http,medium,1000000,0,stratified-v0-splitmix64:full,0.012527233115468408,False,sim-r0,LANDED_OK,True,"{""id"":""sim-7dfe63d05c29c767e448370cc4a55b1e4ca0a4a04226b65d29499201d1961cb2-4"",""source"":""sim"",""config"":{""route"":""beam_http"",""tip_lamports"":""1000000"",""cu_price_micro_lamports"":""0"",""cu_limit"":100000,""fee_bucket"":""zero"",""tip_tier"":""x10"",""size_class"":""medium""},""policy_id"":""stratified-v0-splitmix64:full"",""assignment_prob"":0.012527233115468408,""uniform_arm"":false,""regime_id"":""sim-r0"",""sent_slot"":""1000004"",""clock_id"":""sim-clock-v1"",""send_mono_ns"":""1000000000"",""send_wall_utc"":""2026-10-05T00:00:01.000Z"",""signature"":null,""blockhash"":""synthetic-blockhash-4"",""last_valid_block_height"":""1000020"",""leader_class_next"":[{""leader"":""synthetic-leader-1"",""skip_rate_tercile"":""unknown"",""stake_tercile"":""high""}],""outcome"":""LANDED_OK"",""landed_slot"":""1000005"",""landed_block_id"":""synthetic-block-1000005"",""landed_index"":0,""landed_index_scope"":""unknown"",""observer_first_seen"":{""grpc"":{""clock_id"":""sim-clock-v1"",""mono_ns"":""1250000000"",""wall_utc"":""2026-10-05T00:00:01.250Z""}},""resolved_at_utc"":""2026-10-05T00:00:01.250Z""}"
sim,sim-7dfe63d05c29c767e448370cc4a55b1e4ca0a4a04226b65d29499201d1961cb2-5,2026-10-05T00:00:01.250Z,beam_quic,medium,1000000,0,stratified-v0-splitmix64:full,0.012583196304126534,False,sim-r0,LANDED_OK,True,"{""id"":""sim-7dfe63d05c29c767e448370cc4a55b1e4ca0a4a04226b65d29499201d1961cb2-5"",""source"":""sim"",""config"":{""route"":""beam_quic"",""tip_lamports"":""1000000"",""cu_price_micro_lamports"":""0"",""cu_limit"":100000,""fee_bucket"":""zero"",""tip_tier"":""x10"",""size_class"":""medium""},""policy_id"":""stratified-v0-splitmix64:full"",""assignment_prob"":0.012583196304126534,""uniform_arm"":false,""regime_id"":""sim-r0"",""sent_slot"":""1000005"",""clock_id"":""sim-clock-v1"",""send_mono_ns"":""1250000000"",""send_wall_utc"":""2026-10-05T00:00:01.250Z"",""signature"":null,""blockhash"":""synthetic-blockhash-5"",""last_valid_block_height"":""1000021"",""leader_class_next"":[{""leader"":""synthetic-leader-0"",""skip_rate_tercile"":""unknown"",""stake_tercile"":""middle""}],""outcome"":""LANDED_OK"",""landed_slot"":""1000006"",""landed_block_id"":""synthetic-block-1000006"",""landed_index"":0,""landed_index_scope"":""unknown"",""observer_first_seen"":{""grpc"":{""clock_id"":""sim-clock-v1"",""mono_ns"":""1500000000"",""wall_utc"":""2026-10-05T00:00:01.500Z""}},""resolved_at_utc"":""2026-10-05T00:00:01.500Z""}"
sim,sim-7dfe63d05c29c767e448370cc4a55b1e4ca0a4a04226b65d29499201d1961cb2-6,2026-10-05T00:00:01.500Z,beam_quic,large,500000,0,stratified-v0-splitmix64:full,0.01263987391646966,False,sim-r0,LANDED_OK,True,"{""id"":""sim-7dfe63d05c29c767e448370cc4a55b1e4ca0a4a04226b65d29499201d1961cb2-6"",""source"":""sim"",""config"":{""route"":""beam_quic"",""tip_lamports"":""500000"",""cu_price_micro_lamports"":""0"",""cu_limit"":300000,""fee_bucket"":""zero"",""tip_tier"":""x5"",""size_class"":""large""},""policy_id"":""stratified-v0-splitmix64:full"",""assignment_prob"":0.01263987391646966,""uniform_arm"":false,""regime_id"":""sim-r0"",""sent_slot"":""1000006"",""clock_id"":""sim-clock-v1"",""send_mono_ns"":""1500000000"",""send_wall_utc"":""2026-10-05T00:00:01.500Z"",""signature"":null,""blockhash"":""synthetic-blockhash-6"",""last_valid_block_height"":""1000022"",""leader_class_next"":[{""leader"":""synthetic-leader-0"",""skip_rate_tercile"":""unknown"",""stake_tercile"":""middle""}],""outcome"":""LANDED_OK"",""landed_slot"":""1000007"",""landed_block_id"":""synthetic-block-1000007"",""landed_index"":0,""landed_index_scope"":""unknown"",""observer_first_seen"":{""grpc"":{""clock_id"":""sim-clock-v1"",""mono_ns"":""1750000000"",""wall_utc"":""2026-10-05T00:00:01.750Z""}},""resolved_at_utc"":""2026-10-05T00:00:01.750Z""}"
sim,sim-7dfe63d05c29c767e448370cc4a55b1e4ca0a4a04226b65d29499201d1961cb2-7,2026-10-05T00:00:01.750Z,beam_http,medium,100000,1000,stratified-v0-splitmix64:full,0.012697279720834323,False,sim-r0,LANDED_OK,True,"{""id"":""sim-7dfe63d05c29c767e448370cc4a55b1e4ca0a4a04226b65d29499201d1961cb2-7"",""source"":""sim"",""config"":{""route"":""beam_http"",""tip_lamports"":""100000"",""cu_price_micro_lamports"":""1000"",""cu_limit"":100000,""fee_bucket"":""local_median"",""tip_tier"":""x1"",""size_class"":""medium""},""policy_id"":""stratified-v0-splitmix64:full"",""assignment_prob"":0.012697279720834323,""uniform_arm"":false,""regime_id"":""sim-r0"",""sent_slot"":""1000007"",""clock_id"":""sim-clock-v1"",""send_mono_ns"":""1750000000"",""send_wall_utc"":""2026-10-05T00:00:01.750Z"",""signature"":null,""blockhash"":""synthetic-blockhash-7"",""last_valid_block_height"":""1000023"",""leader_class_next"":[{""leader"":""synthetic-leader-0"",""skip_rate_tercile"":""unknown"",""stake_tercile"":""middle""}],""outcome"":""LANDED_OK"",""landed_slot"":""1000012"",""landed_block_id"":""synthetic-block-1000012"",""landed_index"":0,""landed_index_scope"":""unknown"",""observer_first_seen"":{""grpc"":{""clock_id"":""sim-clock-v1"",""mono_ns"":""3000000000"",""wall_utc"":""2026-10-05T00:00:03.000Z""}},""resolved_at_utc"":""2026-10-05T00:00:03.000Z""}"
sim,sim-7dfe63d05c29c767e448370cc4a55b1e4ca0a4a04226b65d29499201d1961cb2-8,2026-10-05T00:00:02.000Z,beam_quic,large,200000,0,stratified-v0-splitmix64:full,0.012755427841634737,True,sim-r0,LANDED_OK,True,"{""id"":""sim-7dfe63d05c29c767e448370cc4a55b1e4ca0a4a04226b65d29499201d1961cb2-8"",""source"":""sim"",""config"":{""route"":""beam_quic"",""tip_lamports"":""200000"",""cu_price_micro_lamports"":""0"",""cu_limit"":300000,""fee_bucket"":""zero"",""tip_tier"":""x2"",""size_class"":""large""},""policy_id"":""stratified-v0-splitmix64:full"",""assignment_prob"":0.012755427841634737,""uniform_arm"":true,""regime_id"":""sim-r0"",""sent_slot"":""1000008"",""clock_id"":""sim-clock-v1"",""send_mono_ns"":""2000000000"",""send_wall_utc"":""2026-10-05T00:00:02.000Z"",""signature"":null,""blockhash"":""synthetic-blockhash-8"",""last_valid_block_height"":""1000024"",""leader_class_next"":[{""leader"":""synthetic-leader-0"",""skip_rate_tercile"":""unknown"",""stake_tercile"":""middle""}],""outcome"":""LANDED_OK"",""landed_slot"":""1000010"",""landed_block_id"":""synthetic-block-1000010"",""landed_index"":0,""landed_index_scope"":""unknown"",""observer_first_seen"":{""grpc"":{""clock_id"":""sim-clock-v1"",""mono_ns"":""2500000000"",""wall_utc"":""2026-10-05T00:00:02.500Z""}},""resolved_at_utc"":""2026-10-05T00:00:02.500Z""}"
sim,sim-7dfe63d05c29c767e448370cc4a55b1e4ca0a4a04226b65d29499201d1961cb2-9,2026-10-05T00:00:02.250Z,beam_http,small,1000000,5000,stratified-v0-splitmix64:full,0.012814332770948822,False,sim-r0,LANDED_OK,True,"{""id"":""sim-7dfe63d05c29c767e448370cc4a55b1e4ca0a4a04226b65d29499201d1961cb2-9"",""source"":""sim"",""config"":{""route"":""beam_http"",""tip_lamports"":""1000000"",""cu_price_micro_lamports"":""5000"",""cu_limit"":25000,""fee_bucket"":""local_p90"",""tip_tier"":""x10"",""size_class"":""small""},""policy_id"":""stratified-v0-splitmix64:full"",""assignment_prob"":0.012814332770948822,""uniform_arm"":false,""regime_id"":""sim-r0"",""sent_slot"":""1000009"",""clock_id"":""sim-clock-v1"",""send_mono_ns"":""2250000000"",""send_wall_utc"":""2026-10-05T00:00:02.250Z"",""signature"":null,""blockhash"":""synthetic-blockhash-9"",""last_valid_block_height"":""1000025"",""leader_class_next"":[{""leader"":""synthetic-leader--1"",""skip_rate_tercile"":""unknown"",""stake_tercile"":""low""}],""outcome"":""LANDED_OK"",""landed_slot"":""1000010"",""landed_block_id"":""synthetic-block-1000010"",""landed_index"":0,""landed_index_scope"":""unknown"",""observer_first_seen"":{""grpc"":{""clock_id"":""sim-clock-v1"",""mono_ns"":""2500000000"",""wall_utc"":""2026-10-05T00:00:02.500Z""}},""resolved_at_utc"":""2026-10-05T00:00:02.500Z""}"
sim,sim-7dfe63d05c29c767e448370cc4a55b1e4ca0a4a04226b65d29499201d1961cb2-10,2026-10-05T00:00:02.500Z,beam_http,small,100000,5000,stratified-v0-splitmix64:full,0.012874009380559596,False,sim-r0,LANDED_OK,True,"{""id"":""sim-7dfe63d05c29c767e448370cc4a55b1e4ca0a4a04226b65d29499201d1961cb2-10"",""source"":""sim"",""config"":{""route"":""beam_http"",""tip_lamports"":""100000"",""cu_price_micro_lamports"":""5000"",""cu_limit"":25000,""fee_bucket"":""local_p90"",""tip_tier"":""x1"",""size_class"":""small""},""policy_id"":""stratified-v0-splitmix64:full"",""assignment_prob"":0.012874009380559596,""uniform_arm"":false,""regime_id"":""sim-r0"",""sent_slot"":""1000010"",""clock_id"":""sim-clock-v1"",""send_mono_ns"":""2500000000"",""send_wall_utc"":""2026-10-05T00:00:02.500Z"",""signature"":null,""blockhash"":""synthetic-blockhash-10"",""last_valid_block_height"":""1000026"",""leader_class_next"":[{""leader"":""synthetic-leader-0"",""skip_rate_tercile"":""unknown"",""stake_tercile"":""middle""}],""outcome"":""LANDED_OK"",""landed_slot"":""1000011"",""landed_block_id"":""synthetic-block-1000011"",""landed_index"":0,""landed_index_scope"":""unknown"",""observer_first_seen"":{""grpc"":{""clock_id"":""sim-clock-v1"",""mono_ns"":""2750000000"",""wall_utc"":""2026-10-05T00:00:02.750Z""}},""resolved_at_utc"":""2026-10-05T00:00:02.750Z""}"
sim,sim-7dfe63d05c29c767e448370cc4a55b1e4ca0a4a04226b65d29499201d1961cb2-11,2026-10-05T00:00:02.750Z,rpc,medium,0,0,stratified-v0-splitmix64:full,0.012934472934472934,False,sim-r0,LANDED_OK,True,"{""id"":""sim-7dfe63d05c29c767e448370cc4a55b1e4ca0a4a04226b65d29499201d1961cb2-11"",""source"":""sim"",""config"":{""route"":""rpc"",""tip_lamports"":""0"",""cu_price_micro_lamports"":""0"",""cu_limit"":100000,""fee_bucket"":""zero"",""tip_tier"":""none"",""size_class"":""medium""},""policy_id"":""stratified-v0-splitmix64:full"",""assignment_prob"":0.012934472934472934,""uniform_arm"":false,""regime_id"":""sim-r0"",""sent_slot"":""1000011"",""clock_id"":""sim-clock-v1"",""send_mono_ns"":""2750000000"",""send_wall_utc"":""2026-10-05T00:00:02.750Z"",""signature"":null,""blockhash"":""synthetic-blockhash-11"",""last_valid_block_height"":""1000027"",""leader_class_next"":[{""leader"":""synthetic-leader--1"",""skip_rate_tercile"":""unknown"",""stake_tercile"":""low""}],""outcome"":""LANDED_OK"",""landed_slot"":""1000012"",""landed_block_id"":""synthetic-block-1000012"",""landed_index"":0,""landed_index_scope"":""unknown"",""observer_first_seen"":{""grpc"":{""clock_id"":""sim-clock-v1"",""mono_ns"":""3000000000"",""wall_utc"":""2026-10-05T00:00:03.000Z""}},""resolved_at_utc"":""2026-10-05T00:00:03.000Z""}"
sim,sim-7dfe63d05c29c767e448370cc4a55b1e4ca0a4a04226b65d29499201d1961cb2-12,2026-10-05T00:00:03.000Z,beam_http,medium,500000,5000,stratified-v0-splitmix64:full,0.01299573910193379,False,sim-r0,LANDED_OK,True,"{""id"":""sim-7dfe63d05c29c767e448370cc4a55b1e4ca0a4a04226b65d29499201d1961cb2-12"",""source"":""sim"",""config"":{""route"":""beam_http"",""tip_lamports"":""500000"",""cu_price_micro_lamports"":""5000"",""cu_limit"":100000,""fee_bucket"":""local_p90"",""tip_tier"":""x5"",""size_class"":""medium""},""policy_id"":""stratified-v0-splitmix64:full"",""assignment_prob"":0.01299573910193379,""uniform_arm"":false,""regime_id"":""sim-r0"",""sent_slot"":""1000012"",""clock_id"":""sim-clock-v1"",""send_mono_ns"":""3000000000"",""send_wall_utc"":""2026-10-05T00:00:03.000Z"",""signature"":null,""blockhash"":""synthetic-blockhash-12"",""last_valid_block_height"":""1000028"",""leader_class_next"":[{""leader"":""synthetic-leader-0"",""skip_rate_tercile"":""unknown"",""stake_tercile"":""middle""}],""outcome"":""LANDED_OK"",""landed_slot"":""1000014"",""landed_block_id"":""synthetic-block-1000014"",""landed_index"":0,""landed_index_scope"":""unknown"",""observer_first_seen"":{""grpc"":{""clock_id"":""sim-clock-v1"",""mono_ns"":""3500000000"",""wall_utc"":""2026-10-05T00:00:03.500Z""}},""resolved_at_utc"":""2026-10-05T00:00:03.500Z""}"
sim,sim-7dfe63d05c29c767e448370cc4a55b1e4ca0a4a04226b65d29499201d1961cb2-13,2026-10-05T00:00:03.250Z,beam_http,small,200000,0,stratified-v0-splitmix64:full,0.01305782397096428,True,sim-r0,LANDED_OK,True,"{""id"":""sim-7dfe63d05c29c767e448370cc4a55b1e4ca0a4a04226b65d29499201d1961cb2-13"",""source"":""sim"",""config"":{""route"":""beam_http"",""tip_lamports"":""200000"",""cu_price_micro_lamports"":""0"",""cu_limit"":25000,""fee_bucket"":""zero"",""tip_tier"":""x2"",""size_class"":""small""},""policy_id"":""stratified-v0-splitmix64:full"",""assignment_prob"":0.01305782397096428,""uniform_arm"":true,""regime_id"":""sim-r0"",""sent_slot"":""1000013"",""clock_id"":""sim-clock-v1"",""send_mono_ns"":""3250000000"",""send_wall_utc"":""2026-10-05T00:00:03.250Z"",""signature"":null,""blockhash"":""synthetic-blockhash-13"",""last_valid_block_height"":""1000029"",""leader_class_next"":[{""leader"":""synthetic-leader-1"",""skip_rate_tercile"":""unknown"",""stake_tercile"":""high""}],""outcome"":""LANDED_OK"",""landed_slot"":""1000015"",""landed_block_id"":""synthetic-block-1000015"",""landed_index"":0,""landed_index_scope"":""unknown"",""observer_first_seen"":{""grpc"":{""clock_id"":""sim-clock-v1"",""mono_ns"":""3750000000"",""wall_utc"":""2026-10-05T00:00:03.750Z""}},""resolved_at_utc"":""2026-10-05T00:00:03.750Z""}"
sim,sim-7dfe63d05c29c767e448370cc4a55b1e4ca0a4a04226b65d29499201d1961cb2-14,2026-10-05T00:00:03.500Z,beam_quic,large,500000,1000,stratified-v0-splitmix64:full,0.013120744062448097,True,sim-r0,LANDED_OK,True,"{""id"":""sim-7dfe63d05c29c767e448370cc4a55b1e4ca0a4a04226b65d29499201d1961cb2-14"",""source"":""sim"",""config"":{""route"":""beam_quic"",""tip_lamports"":""500000"",""cu_price_micro_lamports"":""1000"",""cu_limit"":300000,""fee_bucket"":""local_median"",""tip_tier"":""x5"",""size_class"":""large""},""policy_id"":""stratified-v0-splitmix64:full"",""assignment_prob"":0.013120744062448097,""uniform_arm"":true,""regime_id"":""sim-r0"",""sent_slot"":""1000014"",""clock_id"":""sim-clock-v1"",""send_mono_ns"":""3500000000"",""send_wall_utc"":""2026-10-05T00:00:03.500Z"",""signature"":null,""blockhash"":""synthetic-blockhash-14"",""last_valid_block_height"":""1000030"",""leader_class_next"":[{""leader"":""synthetic-leader-0"",""skip_rate_tercile"":""unknown"",""stake_tercile"":""middle""}],""outcome"":""LANDED_OK"",""landed_slot"":""1000015"",""landed_block_id"":""synthetic-block-1000015"",""landed_index"":0,""landed_index_scope"":""unknown"",""observer_first_seen"":{""grpc"":{""clock_id"":""sim-clock-v1"",""mono_ns"":""3750000000"",""wall_utc"":""2026-10-05T00:00:03.750Z""}},""resolved_at_utc"":""2026-10-05T00:00:03.750Z""}"
sim,sim-7dfe63d05c29c767e448370cc4a55b1e4ca0a4a04226b65d29499201d1961cb2-15,2026-10-05T00:00:03.750Z,beam_quic,large,1000000,5000,stratified-v0-splitmix64:full,0.013184516344787223,False,sim-r0,LANDED_OK,True,"{""id"":""sim-7dfe63d05c29c767e448370cc4a55b1e4ca0a4a04226b65d29499201d1961cb2-15"",""source"":""sim"",""config"":{""route"":""beam_quic"",""tip_lamports"":""1000000"",""cu_price_micro_lamports"":""5000"",""cu_limit"":300000,""fee_bucket"":""local_p90"",""tip_tier"":""x10"",""size_class"":""large""},""policy_id"":""stratified-v0-splitmix64:full"",""assignment_prob"":0.013184516344787223,""uniform_arm"":false,""regime_id"":""sim-r0"",""sent_slot"":""1000015"",""clock_id"":""sim-clock-v1"",""send_mono_ns"":""3750000000"",""send_wall_utc"":""2026-10-05T00:00:03.750Z"",""signature"":null,""blockhash"":""synthetic-blockhash-15"",""last_valid_block_height"":""1000031"",""leader_class_next"":[{""leader"":""synthetic-leader-0"",""skip_rate_tercile"":""unknown"",""stake_tercile"":""middle""}],""outcome"":""LANDED_OK"",""landed_slot"":""1000016"",""landed_block_id"":""synthetic-block-1000016"",""landed_index"":0,""landed_index_scope"":""unknown"",""observer_first_seen"":{""grpc"":{""clock_id"":""sim-clock-v1"",""mono_ns"":""4000000000"",""wall_utc"":""2026-10-05T00:00:04.000Z""}},""resolved_at_utc"":""2026-10-05T00:00:04.000Z""}"
sim,sim-7dfe63d05c29c767e448370cc4a55b1e4ca0a4a04226b65d29499201d1961cb2-16,2026-10-05T00:00:04.000Z,beam_http,large,100000,1000,stratified-v0-splitmix64:full,0.013249158249158248,True,sim-r0,LANDED_OK,True,"{""id"":""sim-7dfe63d05c29c767e448370cc4a55b1e4ca0a4a04226b65d29499201d1961cb2-16"",""source"":""sim"",""config"":{""route"":""beam_http"",""tip_lamports"":""100000"",""cu_price_micro_lamports"":""1000"",""cu_limit"":300000,""fee_bucket"":""local_median"",""tip_tier"":""x1"",""size_class"":""large""},""policy_id"":""stratified-v0-splitmix64:full"",""assignment_prob"":0.013249158249158248,""uniform_arm"":true,""regime_id"":""sim-r0"",""sent_slot"":""1000016"",""clock_id"":""sim-clock-v1"",""send_mono_ns"":""4000000000"",""send_wall_utc"":""2026-10-05T00:00:04.000Z"",""signature"":null,""blockhash"":""synthetic-blockhash-16"",""last_valid_block_height"":""1000032"",""leader_class_next"":[{""leader"":""synthetic-leader-0"",""skip_rate_tercile"":""unknown"",""stake_tercile"":""middle""}],""outcome"":""LANDED_OK"",""landed_slot"":""1000017"",""landed_block_id"":""synthetic-block-1000017"",""landed_index"":0,""landed_index_scope"":""unknown"",""observer_first_seen"":{""grpc"":{""clock_id"":""sim-clock-v1"",""mono_ns"":""4250000000"",""wall_utc"":""2026-10-05T00:00:04.250Z""}},""resolved_at_utc"":""2026-10-05T00:00:04.250Z""}"
sim,sim-7dfe63d05c29c767e448370cc4a55b1e4ca0a4a04226b65d29499201d1961cb2-17,2026-10-05T00:00:04.250Z,beam_quic,small,500000,0,stratified-v0-splitmix64:full,0.013314687685397066,True,sim-r0,LANDED_OK,True,"{""id"":""sim-7dfe63d05c29c767e448370cc4a55b1e4ca0a4a04226b65d29499201d1961cb2-17"",""source"":""sim"",""config"":{""route"":""beam_quic"",""tip_lamports"":""500000"",""cu_price_micro_lamports"":""0"",""cu_limit"":25000,""fee_bucket"":""zero"",""tip_tier"":""x5"",""size_class"":""small""},""policy_id"":""stratified-v0-splitmix64:full"",""assignment_prob"":0.013314687685397066,""uniform_arm"":true,""regime_id"":""sim-r0"",""sent_slot"":""1000017"",""clock_id"":""sim-clock-v1"",""send_mono_ns"":""4250000000"",""send_wall_utc"":""2026-10-05T00:00:04.250Z"",""signature"":null,""blockhash"":""synthetic-blockhash-17"",""last_valid_block_height"":""1000033"",""leader_class_next"":[{""leader"":""synthetic-leader--1"",""skip_rate_tercile"":""unknown"",""stake_tercile"":""low""}],""outcome"":""LANDED_OK"",""landed_slot"":""1000018"",""landed_block_id"":""synthetic-block-1000018"",""landed_index"":0,""landed_index_scope"":""unknown"",""observer_first_seen"":{""grpc"":{""clock_id"":""sim-clock-v1"",""mono_ns"":""4500000000"",""wall_utc"":""2026-10-05T00:00:04.500Z""}},""resolved_at_utc"":""2026-10-05T00:00:04.500Z""}"
sim,sim-7dfe63d05c29c767e448370cc4a55b1e4ca0a4a04226b65d29499201d1961cb2-18,2026-10-05T00:00:04.500Z,beam_quic,small,1000000,0,stratified-v0-splitmix64:full,0.013381123058542412,False,sim-r0,LANDED_OK,True,"{""id"":""sim-7dfe63d05c29c767e448370cc4a55b1e4ca0a4a04226b65d29499201d1961cb2-18"",""source"":""sim"",""config"":{""route"":""beam_quic"",""tip_lamports"":""1000000"",""cu_price_micro_lamports"":""0"",""cu_limit"":25000,""fee_bucket"":""zero"",""tip_tier"":""x10"",""size_class"":""small""},""policy_id"":""stratified-v0-splitmix64:full"",""assignment_prob"":0.013381123058542412,""uniform_arm"":false,""regime_id"":""sim-r0"",""sent_slot"":""1000018"",""clock_id"":""sim-clock-v1"",""send_mono_ns"":""4500000000"",""send_wall_utc"":""2026-10-05T00:00:04.500Z"",""signature"":null,""blockhash"":""synthetic-blockhash-18"",""last_valid_block_height"":""1000034"",""leader_class_next"":[{""leader"":""synthetic-leader--1"",""skip_rate_tercile"":""unknown"",""stake_tercile"":""low""}],""outcome"":""LANDED_OK"",""landed_slot"":""1000019"",""landed_block_id"":""synthetic-block-1000019"",""landed_index"":0,""landed_index_scope"":""unknown"",""observer_first_seen"":{""grpc"":{""clock_id"":""sim-clock-v1"",""mono_ns"":""4750000000"",""wall_utc"":""2026-10-05T00:00:04.750Z""}},""resolved_at_utc"":""2026-10-05T00:00:04.750Z""}"
sim,sim-7dfe63d05c29c767e448370cc4a55b1e4ca0a4a04226b65d29499201d1961cb2-19,2026-10-05T00:00:04.750Z,beam_http,small,200000,0,stratified-v0-splitmix64:full,0.008576093494886998,True,sim-r0,LANDED_OK,True,"{""id"":""sim-7dfe63d05c29c767e448370cc4a55b1e4ca0a4a04226b65d29499201d1961cb2-19"",""source"":""sim"",""config"":{""route"":""beam_http"",""tip_lamports"":""200000"",""cu_price_micro_lamports"":""0"",""cu_limit"":25000,""fee_bucket"":""zero"",""tip_tier"":""x2"",""size_class"":""small""},""policy_id"":""stratified-v0-splitmix64:full"",""assignment_prob"":0.008576093494886998,""uniform_arm"":true,""regime_id"":""sim-r0"",""sent_slot"":""1000019"",""clock_id"":""sim-clock-v1"",""send_mono_ns"":""4750000000"",""send_wall_utc"":""2026-10-05T00:00:04.750Z"",""signature"":null,""blockhash"":""synthetic-blockhash-19"",""last_valid_block_height"":""1000035"",""leader_class_next"":[{""leader"":""synthetic-leader-1"",""skip_rate_tercile"":""unknown"",""stake_tercile"":""high""}],""outcome"":""LANDED_OK"",""landed_slot"":""1000020"",""landed_block_id"":""synthetic-block-1000020"",""landed_index"":0,""landed_index_scope"":""unknown"",""observer_first_seen"":{""grpc"":{""clock_id"":""sim-clock-v1"",""mono_ns"":""5000000000"",""wall_utc"":""2026-10-05T00:00:05.000Z""}},""resolved_at_utc"":""2026-10-05T00:00:05.000Z""}"
sim,sim-7dfe63d05c29c767e448370cc4a55b1e4ca0a4a04226b65d29499201d1961cb2-20,2026-10-05T00:00:05.000Z,rpc,small,0,0,stratified-v0-splitmix64:full,0.01347114556416882,True,sim-r0,LANDED_OK,True,"{""id"":""sim-7dfe63d05c29c767e448370cc4a55b1e4ca0a4a04226b65d29499201d1961cb2-20"",""source"":""sim"",""config"":{""route"":""rpc"",""tip_lamports"":""0"",""cu_price_micro_lamports"":""0"",""cu_limit"":25000,""fee_bucket"":""zero"",""tip_tier"":""none"",""size_class"":""small""},""policy_id"":""stratified-v0-splitmix64:full"",""assignment_prob"":0.01347114556416882,""uniform_arm"":true,""regime_id"":""sim-r0"",""sent_slot"":""1000020"",""clock_id"":""sim-clock-v1"",""send_mono_ns"":""5000000000"",""send_wall_utc"":""2026-10-05T00:00:05.000Z"",""signature"":null,""blockhash"":""synthetic-blockhash-20"",""last_valid_block_height"":""1000036"",""leader_class_next"":[{""leader"":""synthetic-leader-0"",""skip_rate_tercile"":""unknown"",""stake_tercile"":""middle""}],""outcome"":""LANDED_OK"",""landed_slot"":""1000022"",""landed_block_id"":""synthetic-block-1000022"",""landed_index"":0,""landed_index_scope"":""unknown"",""observer_first_seen"":{""grpc"":{""clock_id"":""sim-clock-v1"",""mono_ns"":""5500000000"",""wall_utc"":""2026-10-05T00:00:05.500Z""}},""resolved_at_utc"":""2026-10-05T00:00:05.500Z""}"
sim,sim-7dfe63d05c29c767e448370cc4a55b1e4ca0a4a04226b65d29499201d1961cb2-21,2026-10-05T00:00:05.250Z,beam_http,small,100000,1000,stratified-v0-splitmix64:full,0.013539769277474195,False,sim-r0,LANDED_OK,True,"{""id"":""sim-7dfe63d05c29c767e448370cc4a55b1e4ca0a4a04226b65d29499201d1961cb2-21"",""source"":""sim"",""config"":{""route"":""beam_http"",""tip_lamports"":""100000"",""cu_price_micro_lamports"":""1000"",""cu_limit"":25000,""fee_bucket"":""local_median"",""tip_tier"":""x1"",""size_class"":""small""},""policy_id"":""stratified-v0-splitmix64:full"",""assignment_prob"":0.013539769277474195,""uniform_arm"":false,""regime_id"":""sim-r0"",""sent_slot"":""1000021"",""clock_id"":""sim-clock-v1"",""send_mono_ns"":""5250000000"",""send_wall_utc"":""2026-10-05T00:00:05.250Z"",""signature"":null,""blockhash"":""synthetic-blockhash-21"",""last_valid_block_height"":""1000037"",""leader_class_next"":[{""leader"":""synthetic-leader-1"",""skip_rate_tercile"":""unknown"",""stake_tercile"":""high""}],""outcome"":""LANDED_OK"",""landed_slot"":""1000022"",""landed_block_id"":""synthetic-block-1000022"",""landed_index"":0,""landed_index_scope"":""unknown"",""observer_first_seen"":{""grpc"":{""clock_id"":""sim-clock-v1"",""mono_ns"":""5500000000"",""wall_utc"":""2026-10-05T00:00:05.500Z""}},""resolved_at_utc"":""2026-10-05T00:00:05.500Z""}"
sim,sim-7dfe63d05c29c767e448370cc4a55b1e4ca0a4a04226b65d29499201d1961cb2-22,2026-10-05T00:00:05.500Z,beam_quic,small,200000,1000,stratified-v0-splitmix64:full,0.013609364081062194,False,sim-r0,LANDED_OK,True,"{""id"":""sim-7dfe63d05c29c767e448370cc4a55b1e4ca0a4a04226b65d29499201d1961cb2-22"",""source"":""sim"",""config"":{""route"":""beam_quic"",""tip_lamports"":""200000"",""cu_price_micro_lamports"":""1000"",""cu_limit"":25000,""fee_bucket"":""local_median"",""tip_tier"":""x2"",""size_class"":""small""},""policy_id"":""stratified-v0-splitmix64:full"",""assignment_prob"":0.013609364081062194,""uniform_arm"":false,""regime_id"":""sim-r0"",""sent_slot"":""1000022"",""clock_id"":""sim-clock-v1"",""send_mono_ns"":""5500000000"",""send_wall_utc"":""2026-10-05T00:00:05.500Z"",""signature"":null,""blockhash"":""synthetic-blockhash-22"",""last_valid_block_height"":""1000038"",""leader_class_next"":[{""leader"":""synthetic-leader-1"",""skip_rate_tercile"":""unknown"",""stake_tercile"":""high""}],""outcome"":""LANDED_OK"",""landed_slot"":""1000023"",""landed_block_id"":""synthetic-block-1000023"",""landed_index"":0,""landed_index_scope"":""unknown"",""observer_first_seen"":{""grpc"":{""clock_id"":""sim-clock-v1"",""mono_ns"":""5750000000"",""wall_utc"":""2026-10-05T00:00:05.750Z""}},""resolved_at_utc"":""2026-10-05T00:00:05.750Z""}"
sim,sim-7dfe63d05c29c767e448370cc4a55b1e4ca0a4a04226b65d29499201d1961cb2-23,2026-10-05T00:00:05.750Z,beam_http,large,500000,1000,stratified-v0-splitmix64:full,0.013679950734582563,False,sim-r0,LANDED_OK,True,"{""id"":""sim-7dfe63d05c29c767e448370cc4a55b1e4ca0a4a04226b65d29499201d1961cb2-23"",""source"":""sim"",""config"":{""route"":""beam_http"",""tip_lamports"":""500000"",""cu_price_micro_lamports"":""1000"",""cu_limit"":300000,""fee_bucket"":""local_median"",""tip_tier"":""x5"",""size_class"":""large""},""policy_id"":""stratified-v0-splitmix64:full"",""assignment_prob"":0.013679950734582563,""uniform_arm"":false,""regime_id"":""sim-r0"",""sent_slot"":""1000023"",""clock_id"":""sim-clock-v1"",""send_mono_ns"":""5750000000"",""send_wall_utc"":""2026-10-05T00:00:05.750Z"",""signature"":null,""blockhash"":""synthetic-blockhash-23"",""last_valid_block_height"":""1000039"",""leader_class_next"":[{""leader"":""synthetic-leader-1"",""skip_rate_tercile"":""unknown"",""stake_tercile"":""high""}],""outcome"":""LANDED_OK"",""landed_slot"":""1000027"",""landed_block_id"":""synthetic-block-1000027"",""landed_index"":0,""landed_index_scope"":""unknown"",""observer_first_seen"":{""grpc"":{""clock_id"":""sim-clock-v1"",""mono_ns"":""6750000000"",""wall_utc"":""2026-10-05T00:00:06.750Z""}},""resolved_at_utc"":""2026-10-05T00:00:06.750Z""}"
sim,sim-7dfe63d05c29c767e448370cc4a55b1e4ca0a4a04226b65d29499201d1961cb2-24,2026-10-05T00:00:06.000Z,beam_http,medium,100000,0,stratified-v0-splitmix64:full,0.013751550593655855,False,sim-r0,LANDED_OK,True,"{""id"":""sim-7dfe63d05c29c767e448370cc4a55b1e4ca0a4a04226b65d29499201d1961cb2-24"",""source"":""sim"",""config"":{""route"":""beam_http"",""tip_lamports"":""100000"",""cu_price_micro_lamports"":""0"",""cu_limit"":100000,""fee_bucket"":""zero"",""tip_tier"":""x1"",""size_class"":""medium""},""policy_id"":""stratified-v0-splitmix64:full"",""assignment_prob"":0.013751550593655855,""uniform_arm"":false,""regime_id"":""sim-r0"",""sent_slot"":""1000024"",""clock_id"":""sim-clock-v1"",""send_mono_ns"":""6000000000"",""send_wall_utc"":""2026-10-05T00:00:06.000Z"",""signature"":null,""blockhash"":""synthetic-blockhash-24"",""last_valid_block_height"":""1000040"",""leader_class_next"":[{""leader"":""synthetic-leader-0"",""skip_rate_tercile"":""unknown"",""stake_tercile"":""middle""}],""outcome"":""LANDED_OK"",""landed_slot"":""1000025"",""landed_block_id"":""synthetic-block-1000025"",""landed_index"":0,""landed_index_scope"":""unknown"",""observer_first_seen"":{""grpc"":{""clock_id"":""sim-clock-v1"",""mono_ns"":""6250000000"",""wall_utc"":""2026-10-05T00:00:06.250Z""}},""resolved_at_utc"":""2026-10-05T00:00:06.250Z""}"
sim,sim-7dfe63d05c29c767e448370cc4a55b1e4ca0a4a04226b65d29499201d1961cb2-25,2026-10-05T00:00:06.250Z,beam_http,small,500000,5000,stratified-v0-splitmix64:full,0.013824185631414547,False,sim-r0,LANDED_OK,True,"{""id"":""sim-7dfe63d05c29c767e448370cc4a55b1e4ca0a4a04226b65d29499201d1961cb2-25"",""source"":""sim"",""config"":{""route"":""beam_http"",""tip_lamports"":""500000"",""cu_price_micro_lamports"":""5000"",""cu_limit"":25000,""fee_bucket"":""local_p90"",""tip_tier"":""x5"",""size_class"":""small""},""policy_id"":""stratified-v0-splitmix64:full"",""assignment_prob"":0.013824185631414547,""uniform_arm"":false,""regime_id"":""sim-r0"",""sent_slot"":""1000025"",""clock_id"":""sim-clock-v1"",""send_mono_ns"":""6250000000"",""send_wall_utc"":""2026-10-05T00:00:06.250Z"",""signature"":null,""blockhash"":""synthetic-blockhash-25"",""last_valid_block_height"":""1000041"",""leader_class_next"":[{""leader"":""synthetic-leader-0"",""skip_rate_tercile"":""unknown"",""stake_tercile"":""middle""}],""outcome"":""LANDED_OK"",""landed_slot"":""1000026"",""landed_block_id"":""synthetic-block-1000026"",""landed_index"":0,""landed_index_scope"":""unknown"",""observer_first_seen"":{""grpc"":{""clock_id"":""sim-clock-v1"",""mono_ns"":""6500000000"",""wall_utc"":""2026-10-05T00:00:06.500Z""}},""resolved_at_utc"":""2026-10-05T00:00:06.500Z""}"
sim,sim-7dfe63d05c29c767e448370cc4a55b1e4ca0a4a04226b65d29499201d1961cb2-26,2026-10-05T00:00:06.500Z,beam_quic,small,100000,5000,stratified-v0-splitmix64:full,0.013897878460985256,False,sim-r0,LANDED_OK,True,"{""id"":""sim-7dfe63d05c29c767e448370cc4a55b1e4ca0a4a04226b65d29499201d1961cb2-26"",""source"":""sim"",""config"":{""route"":""beam_quic"",""tip_lamports"":""100000"",""cu_price_micro_lamports"":""5000"",""cu_limit"":25000,""fee_bucket"":""local_p90"",""tip_tier"":""x1"",""size_class"":""small""},""policy_id"":""stratified-v0-splitmix64:full"",""assignment_prob"":0.013897878460985256,""uniform_arm"":false,""regime_id"":""sim-r0"",""sent_slot"":""1000026"",""clock_id"":""sim-clock-v1"",""send_mono_ns"":""6500000000"",""send_wall_utc"":""2026-10-05T00:00:06.500Z"",""signature"":null,""blockhash"":""synthetic-blockhash-26"",""last_valid_block_height"":""1000042"",""leader_class_next"":[{""leader"":""synthetic-leader-0"",""skip_rate_tercile"":""unknown"",""stake_tercile"":""middle""}],""outcome"":""LANDED_OK"",""landed_slot"":""1000028"",""landed_block_id"":""synthetic-block-1000028"",""landed_index"":0,""landed_index_scope"":""unknown"",""observer_first_seen"":{""grpc"":{""clock_id"":""sim-clock-v1"",""mono_ns"":""7000000000"",""wall_utc"":""2026-10-05T00:00:07.000Z""}},""resolved_at_utc"":""2026-10-05T00:00:07.000Z""}"
sim,sim-7dfe63d05c29c767e448370cc4a55b1e4ca0a4a04226b65d29499201d1961cb2-27,2026-10-05T00:00:06.750Z,beam_http,small,500000,0,stratified-v0-splitmix64:full,0.013972652358960426,False,sim-r0,LANDED_OK,True,"{""id"":""sim-7dfe63d05c29c767e448370cc4a55b1e4ca0a4a04226b65d29499201d1961cb2-27"",""source"":""sim"",""config"":{""route"":""beam_http"",""tip_lamports"":""500000"",""cu_price_micro_lamports"":""0"",""cu_limit"":25000,""fee_bucket"":""zero"",""tip_tier"":""x5"",""size_class"":""small""},""policy_id"":""stratified-v0-splitmix64:full"",""assignment_prob"":0.013972652358960426,""uniform_arm"":false,""regime_id"":""sim-r0"",""sent_slot"":""1000027"",""clock_id"":""sim-clock-v1"",""send_mono_ns"":""6750000000"",""send_wall_utc"":""2026-10-05T00:00:06.750Z"",""signature"":null,""blockhash"":""synthetic-blockhash-27"",""last_valid_block_height"":""1000043"",""leader_class_next"":[{""leader"":""synthetic-leader-0"",""skip_rate_tercile"":""unknown"",""stake_tercile"":""middle""}],""outcome"":""LANDED_OK"",""landed_slot"":""1000028"",""landed_block_id"":""synthetic-block-1000028"",""landed_index"":0,""landed_index_scope"":""unknown"",""observer_first_seen"":{""grpc"":{""clock_id"":""sim-clock-v1"",""mono_ns"":""7000000000"",""wall_utc"":""2026-10-05T00:00:07.000Z""}},""resolved_at_utc"":""2026-10-05T00:00:07.000Z""}"
sim,sim-7dfe63d05c29c767e448370cc4a55b1e4ca0a4a04226b65d29499201d1961cb2-28,2026-10-05T00:00:07.000Z,beam_quic,medium,1000000,5000,stratified-v0-splitmix64:full,0.014048531289910599,False,sim-r0,LANDED_OK,True,"{""id"":""sim-7dfe63d05c29c767e448370cc4a55b1e4ca0a4a04226b65d29499201d1961cb2-28"",""source"":""sim"",""config"":{""route"":""beam_quic"",""tip_lamports"":""1000000"",""cu_price_micro_lamports"":""5000"",""cu_limit"":100000,""fee_bucket"":""local_p90"",""tip_tier"":""x10"",""size_class"":""medium""},""policy_id"":""stratified-v0-splitmix64:full"",""assignment_prob"":0.014048531289910599,""uniform_arm"":false,""regime_id"":""sim-r0"",""sent_slot"":""1000028"",""clock_id"":""sim-clock-v1"",""send_mono_ns"":""7000000000"",""send_wall_utc"":""2026-10-05T00:00:07.000Z"",""signature"":null,""blockhash"":""synthetic-blockhash-28"",""last_valid_block_height"":""1000044"",""leader_class_next"":[{""leader"":""synthetic-leader-0"",""skip_rate_tercile"":""unknown"",""stake_tercile"":""middle""}],""outcome"":""LANDED_OK"",""landed_slot"":""1000029"",""landed_block_id"":""synthetic-block-1000029"",""landed_index"":0,""landed_index_scope"":""unknown"",""observer_first_seen"":{""grpc"":{""clock_id"":""sim-clock-v1"",""mono_ns"":""7250000000"",""wall_utc"":""2026-10-05T00:00:07.250Z""}},""resolved_at_utc"":""2026-10-05T00:00:07.250Z""}"
sim,sim-7dfe63d05c29c767e448370cc4a55b1e4ca0a4a04226b65d29499201d1961cb2-29,2026-10-05T00:00:07.250Z,beam_quic,small,100000,0,stratified-v0-splitmix64:full,0.014125539931991544,True,sim-r0,LANDED_OK,True,"{""id"":""sim-7dfe63d05c29c767e448370cc4a55b1e4ca0a4a04226b65d29499201d1961cb2-29"",""source"":""sim"",""config"":{""route"":""beam_quic"",""tip_lamports"":""100000"",""cu_price_micro_lamports"":""0"",""cu_limit"":25000,""fee_bucket"":""zero"",""tip_tier"":""x1"",""size_class"":""small""},""policy_id"":""stratified-v0-splitmix64:full"",""assignment_prob"":0.014125539931991544,""uniform_arm"":true,""regime_id"":""sim-r0"",""sent_slot"":""1000029"",""clock_id"":""sim-clock-v1"",""send_mono_ns"":""7250000000"",""send_wall_utc"":""2026-10-05T00:00:07.250Z"",""signature"":null,""blockhash"":""synthetic-blockhash-29"",""last_valid_block_height"":""1000045"",""leader_class_next"":[{""leader"":""synthetic-leader--1"",""skip_rate_tercile"":""unknown"",""stake_tercile"":""low""}],""outcome"":""LANDED_OK"",""landed_slot"":""1000030"",""landed_block_id"":""synthetic-block-1000030"",""landed_index"":0,""landed_index_scope"":""unknown"",""observer_first_seen"":{""grpc"":{""clock_id"":""sim-clock-v1"",""mono_ns"":""7500000000"",""wall_utc"":""2026-10-05T00:00:07.500Z""}},""resolved_at_utc"":""2026-10-05T00:00:07.500Z""}"
sim,sim-7dfe63d05c29c767e448370cc4a55b1e4ca0a4a04226b65d29499201d1961cb2-30,2026-10-05T00:00:07.500Z,beam_quic,medium,500000,5000,stratified-v0-splitmix64:full,0.014203703703703703,False,sim-r0,LANDED_OK,True,"{""id"":""sim-7dfe63d05c29c767e448370cc4a55b1e4ca0a4a04226b65d29499201d1961cb2-30"",""source"":""sim"",""config"":{""route"":""beam_quic"",""tip_lamports"":""500000"",""cu_price_micro_lamports"":""5000"",""cu_limit"":100000,""fee_bucket"":""local_p90"",""tip_tier"":""x5"",""size_class"":""medium""},""policy_id"":""stratified-v0-splitmix64:full"",""assignment_prob"":0.014203703703703703,""uniform_arm"":false,""regime_id"":""sim-r0"",""sent_slot"":""1000030"",""clock_id"":""sim-clock-v1"",""send_mono_ns"":""7500000000"",""send_wall_utc"":""2026-10-05T00:00:07.500Z"",""signature"":null,""blockhash"":""synthetic-blockhash-30"",""last_valid_block_height"":""1000046"",""leader_class_next"":[{""leader"":""synthetic-leader-0"",""skip_rate_tercile"":""unknown"",""stake_tercile"":""middle""}],""outcome"":""LANDED_OK"",""landed_slot"":""1000032"",""landed_block_id"":""synthetic-block-1000032"",""landed_index"":0,""landed_index_scope"":""unknown"",""observer_first_seen"":{""grpc"":{""clock_id"":""sim-clock-v1"",""mono_ns"":""8000000000"",""wall_utc"":""2026-10-05T00:00:08.000Z""}},""resolved_at_utc"":""2026-10-05T00:00:08.000Z""}"
sim,sim-7dfe63d05c29c767e448370cc4a55b1e4ca0a4a04226b65d29499201d1961cb2-31,2026-10-05T00:00:07.750Z,beam_quic,large,500000,1000,stratified-v0-splitmix64:full,0.008993376247784308,False,sim-r0,LANDED_OK,True,"{""id"":""sim-7dfe63d05c29c767e448370cc4a55b1e4ca0a4a04226b65d29499201d1961cb2-31"",""source"":""sim"",""config"":{""route"":""beam_quic"",""tip_lamports"":""500000"",""cu_price_micro_lamports"":""1000"",""cu_limit"":300000,""fee_bucket"":""local_median"",""tip_tier"":""x5"",""size_class"":""large""},""policy_id"":""stratified-v0-splitmix64:full"",""assignment_prob"":0.008993376247784308,""uniform_arm"":false,""regime_id"":""sim-r0"",""sent_slot"":""1000031"",""clock_id"":""sim-clock-v1"",""send_mono_ns"":""7750000000"",""send_wall_utc"":""2026-10-05T00:00:07.750Z"",""signature"":null,""blockhash"":""synthetic-blockhash-31"",""last_valid_block_height"":""1000047"",""leader_class_next"":[{""leader"":""synthetic-leader--1"",""skip_rate_tercile"":""unknown"",""stake_tercile"":""low""}],""outcome"":""LANDED_OK"",""landed_slot"":""1000033"",""landed_block_id"":""synthetic-block-1000033"",""landed_index"":0,""landed_index_scope"":""unknown"",""observer_first_seen"":{""grpc"":{""clock_id"":""sim-clock-v1"",""mono_ns"":""8250000000"",""wall_utc"":""2026-10-05T00:00:08.250Z""}},""resolved_at_utc"":""2026-10-05T00:00:08.250Z""}"
sim,sim-7dfe63d05c29c767e448370cc4a55b1e4ca0a4a04226b65d29499201d1961cb2-32,2026-10-05T00:00:08.000Z,beam_quic,large,1000000,1000,stratified-v0-splitmix64:full,0.014309764309764309,False,sim-r0,LANDED_OK,True,"{""id"":""sim-7dfe63d05c29c767e448370cc4a55b1e4ca0a4a04226b65d29499201d1961cb2-32"",""source"":""sim"",""config"":{""route"":""beam_quic"",""tip_lamports"":""1000000"",""cu_price_micro_lamports"":""1000"",""cu_limit"":300000,""fee_bucket"":""local_median"",""tip_tier"":""x10"",""size_class"":""large""},""policy_id"":""stratified-v0-splitmix64:full"",""assignment_prob"":0.014309764309764309,""uniform_arm"":false,""regime_id"":""sim-r0"",""sent_slot"":""1000032"",""clock_id"":""sim-clock-v1"",""send_mono_ns"":""8000000000"",""send_wall_utc"":""2026-10-05T00:00:08.000Z"",""signature"":null,""blockhash"":""synthetic-blockhash-32"",""last_valid_block_height"":""1000048"",""leader_class_next"":[{""leader"":""synthetic-leader-0"",""skip_rate_tercile"":""unknown"",""stake_tercile"":""middle""}],""outcome"":""LANDED_OK"",""landed_slot"":""1000033"",""landed_block_id"":""synthetic-block-1000033"",""landed_index"":0,""landed_index_scope"":""unknown"",""observer_first_seen"":{""grpc"":{""clock_id"":""sim-clock-v1"",""mono_ns"":""8250000000"",""wall_utc"":""2026-10-05T00:00:08.250Z""}},""resolved_at_utc"":""2026-10-05T00:00:08.250Z""}"
sim,sim-7dfe63d05c29c767e448370cc4a55b1e4ca0a4a04226b65d29499201d1961cb2-33,2026-10-05T00:00:08.250Z,beam_quic,small,200000,5000,stratified-v0-splitmix64:full,0.014390726604467063,False,sim-r0,LANDED_OK,True,"{""id"":""sim-7dfe63d05c29c767e448370cc4a55b1e4ca0a4a04226b65d29499201d1961cb2-33"",""source"":""sim"",""config"":{""route"":""beam_quic"",""tip_lamports"":""200000"",""cu_price_micro_lamports"":""5000"",""cu_limit"":25000,""fee_bucket"":""local_p90"",""tip_tier"":""x2"",""size_class"":""small""},""policy_id"":""stratified-v0-splitmix64:full"",""assignment_prob"":0.014390726604467063,""uniform_arm"":false,""regime_id"":""sim-r0"",""sent_slot"":""1000033"",""clock_id"":""sim-clock-v1"",""send_mono_ns"":""8250000000"",""send_wall_utc"":""2026-10-05T00:00:08.250Z"",""signature"":null,""blockhash"":""synthetic-blockhash-33"",""last_valid_block_height"":""1000049"",""leader_class_next"":[{""leader"":""synthetic-leader-0"",""skip_rate_tercile"":""unknown"",""stake_tercile"":""middle""}],""outcome"":""LANDED_OK"",""landed_slot"":""1000034"",""landed_block_id"":""synthetic-block-1000034"",""landed_index"":0,""landed_index_scope"":""unknown"",""observer_first_seen"":{""grpc"":{""clock_id"":""sim-clock-v1"",""mono_ns"":""8500000000"",""wall_utc"":""2026-10-05T00:00:08.500Z""}},""resolved_at_utc"":""2026-10-05T00:00:08.500Z""}"
sim,sim-7dfe63d05c29c767e448370cc4a55b1e4ca0a4a04226b65d29499201d1961cb2-34,2026-10-05T00:00:08.500Z,beam_quic,large,200000,5000,stratified-v0-splitmix64:full,0.009088319088319087,True,sim-r0,LANDED_OK,True,"{""id"":""sim-7dfe63d05c29c767e448370cc4a55b1e4ca0a4a04226b65d29499201d1961cb2-34"",""source"":""sim"",""config"":{""route"":""beam_quic"",""tip_lamports"":""200000"",""cu_price_micro_lamports"":""5000"",""cu_limit"":300000,""fee_bucket"":""local_p90"",""tip_tier"":""x2"",""size_class"":""large""},""policy_id"":""stratified-v0-splitmix64:full"",""assignment_prob"":0.009088319088319087,""uniform_arm"":true,""regime_id"":""sim-r0"",""sent_slot"":""1000034"",""clock_id"":""sim-clock-v1"",""send_mono_ns"":""8500000000"",""send_wall_utc"":""2026-10-05T00:00:08.500Z"",""signature"":null,""blockhash"":""synthetic-blockhash-34"",""last_valid_block_height"":""1000050"",""leader_class_next"":[{""leader"":""synthetic-leader-0"",""skip_rate_tercile"":""unknown"",""stake_tercile"":""middle""}],""outcome"":""LANDED_OK"",""landed_slot"":""1000036"",""landed_block_id"":""synthetic-block-1000036"",""landed_index"":0,""landed_index_scope"":""unknown"",""observer_first_seen"":{""grpc"":{""clock_id"":""sim-clock-v1"",""mono_ns"":""9000000000"",""wall_utc"":""2026-10-05T00:00:09.000Z""}},""resolved_at_utc"":""2026-10-05T00:00:09.000Z""}"
sim,sim-7dfe63d05c29c767e448370cc4a55b1e4ca0a4a04226b65d29499201d1961cb2-35,2026-10-05T00:00:08.750Z,beam_http,medium,500000,1000,stratified-v0-splitmix64:full,0.014500618870798817,True,sim-r0,LANDED_OK,True,"{""id"":""sim-7dfe63d05c29c767e448370cc4a55b1e4ca0a4a04226b65d29499201d1961cb2-35"",""source"":""sim"",""config"":{""route"":""beam_http"",""tip_lamports"":""500000"",""cu_price_micro_lamports"":""1000"",""cu_limit"":100000,""fee_bucket"":""local_median"",""tip_tier"":""x5"",""size_class"":""medium""},""policy_id"":""stratified-v0-splitmix64:full"",""assignment_prob"":0.014500618870798817,""uniform_arm"":true,""regime_id"":""sim-r0"",""sent_slot"":""1000035"",""clock_id"":""sim-clock-v1"",""send_mono_ns"":""8750000000"",""send_wall_utc"":""2026-10-05T00:00:08.750Z"",""signature"":null,""blockhash"":""synthetic-blockhash-35"",""last_valid_block_height"":""1000051"",""leader_class_next"":[{""leader"":""synthetic-leader-1"",""skip_rate_tercile"":""unknown"",""stake_tercile"":""high""}],""outcome"":""LANDED_OK"",""landed_slot"":""1000036"",""landed_block_id"":""synthetic-block-1000036"",""landed_index"":0,""landed_index_scope"":""unknown"",""observer_first_seen"":{""grpc"":{""clock_id"":""sim-clock-v1"",""mono_ns"":""9000000000"",""wall_utc"":""2026-10-05T00:00:09.000Z""}},""resolved_at_utc"":""2026-10-05T00:00:09.000Z""}"
sim,sim-7dfe63d05c29c767e448370cc4a55b1e4ca0a4a04226b65d29499201d1961cb2-36,2026-10-05T00:00:09.000Z,beam_quic,small,1000000,1000,stratified-v0-splitmix64:full,0.014584532719247744,False,sim-r0,LANDED_OK,True,"{""id"":""sim-7dfe63d05c29c767e448370cc4a55b1e4ca0a4a04226b65d29499201d1961cb2-36"",""source"":""sim"",""config"":{""route"":""beam_quic"",""tip_lamports"":""1000000"",""cu_price_micro_lamports"":""1000"",""cu_limit"":25000,""fee_bucket"":""local_median"",""tip_tier"":""x10"",""size_class"":""small""},""policy_id"":""stratified-v0-splitmix64:full"",""assignment_prob"":0.014584532719247744,""uniform_arm"":false,""regime_id"":""sim-r0"",""sent_slot"":""1000036"",""clock_id"":""sim-clock-v1"",""send_mono_ns"":""9000000000"",""send_wall_utc"":""2026-10-05T00:00:09.000Z"",""signature"":null,""blockhash"":""synthetic-blockhash-36"",""last_valid_block_height"":""1000052"",""leader_class_next"":[{""leader"":""synthetic-leader--1"",""skip_rate_tercile"":""unknown"",""stake_tercile"":""low""}],""outcome"":""LANDED_OK"",""landed_slot"":""1000037"",""landed_block_id"":""synthetic-block-1000037"",""landed_index"":0,""landed_index_scope"":""unknown"",""observer_first_seen"":{""grpc"":{""clock_id"":""sim-clock-v1"",""mono_ns"":""9250000000"",""wall_utc"":""2026-10-05T00:00:09.250Z""}},""resolved_at_utc"":""2026-10-05T00:00:09.250Z""}"
sim,sim-7dfe63d05c29c767e448370cc4a55b1e4ca0a4a04226b65d29499201d1961cb2-37,2026-10-05T00:00:09.250Z,beam_quic,small,1000000,1000,stratified-v0-splitmix64:full,0.009186732424330334,False,sim-r0,LANDED_OK,True,"{""id"":""sim-7dfe63d05c29c767e448370cc4a55b1e4ca0a4a04226b65d29499201d1961cb2-37"",""source"":""sim"",""config"":{""route"":""beam_quic"",""tip_lamports"":""1000000"",""cu_price_micro_lamports"":""1000"",""cu_limit"":25000,""fee_bucket"":""local_median"",""tip_tier"":""x10"",""size_class"":""small""},""policy_id"":""stratified-v0-splitmix64:full"",""assignment_prob"":0.009186732424330334,""uniform_arm"":false,""regime_id"":""sim-r0"",""sent_slot"":""1000037"",""clock_id"":""sim-clock-v1"",""send_mono_ns"":""9250000000"",""send_wall_utc"":""2026-10-05T00:00:09.250Z"",""signature"":null,""blockhash"":""synthetic-blockhash-37"",""last_valid_block_height"":""1000053"",""leader_class_next"":[{""leader"":""synthetic-leader-0"",""skip_rate_tercile"":""unknown"",""stake_tercile"":""middle""}],""outcome"":""LANDED_OK"",""landed_slot"":""1000038"",""landed_block_id"":""synthetic-block-1000038"",""landed_index"":0,""landed_index_scope"":""unknown"",""observer_first_seen"":{""grpc"":{""clock_id"":""sim-clock-v1"",""mono_ns"":""9500000000"",""wall_utc"":""2026-10-05T00:00:09.500Z""}},""resolved_at_utc"":""2026-10-05T00:00:09.500Z""}"
sim,sim-7dfe63d05c29c767e448370cc4a55b1e4ca0a4a04226b65d29499201d1961cb2-38,2026-10-05T00:00:09.500Z,beam_http,medium,200000,1000,stratified-v0-splitmix64:full,0.014698468101609463,False,sim-r0,LANDED_OK,True,"{""id"":""sim-7dfe63d05c29c767e448370cc4a55b1e4ca0a4a04226b65d29499201d1961cb2-38"",""source"":""sim"",""config"":{""route"":""beam_http"",""tip_lamports"":""200000"",""cu_price_micro_lamports"":""1000"",""cu_limit"":100000,""fee_bucket"":""local_median"",""tip_tier"":""x2"",""size_class"":""medium""},""policy_id"":""stratified-v0-splitmix64:full"",""assignment_prob"":0.014698468101609463,""uniform_arm"":false,""regime_id"":""sim-r0"",""sent_slot"":""1000038"",""clock_id"":""sim-clock-v1"",""send_mono_ns"":""9500000000"",""send_wall_utc"":""2026-10-05T00:00:09.500Z"",""signature"":null,""blockhash"":""synthetic-blockhash-38"",""last_valid_block_height"":""1000054"",""leader_class_next"":[{""leader"":""synthetic-leader-0"",""skip_rate_tercile"":""unknown"",""stake_tercile"":""middle""}],""outcome"":""LANDED_OK"",""landed_slot"":""1000039"",""landed_block_id"":""synthetic-block-1000039"",""landed_index"":0,""landed_index_scope"":""unknown"",""observer_first_seen"":{""grpc"":{""clock_id"":""sim-clock-v1"",""mono_ns"":""9750000000"",""wall_utc"":""2026-10-05T00:00:09.750Z""}},""resolved_at_utc"":""2026-10-05T00:00:09.750Z""}"
sim,sim-7dfe63d05c29c767e448370cc4a55b1e4ca0a4a04226b65d29499201d1961cb2-39,2026-10-05T00:00:09.750Z,beam_http,small,200000,1000,stratified-v0-splitmix64:full,0.014785497898954364,False,sim-r0,LANDED_OK,True,"{""id"":""sim-7dfe63d05c29c767e448370cc4a55b1e4ca0a4a04226b65d29499201d1961cb2-39"",""source"":""sim"",""config"":{""route"":""beam_http"",""tip_lamports"":""200000"",""cu_price_micro_lamports"":""1000"",""cu_limit"":25000,""fee_bucket"":""local_median"",""tip_tier"":""x2"",""size_class"":""small""},""policy_id"":""stratified-v0-splitmix64:full"",""assignment_prob"":0.014785497898954364,""uniform_arm"":false,""regime_id"":""sim-r0"",""sent_slot"":""1000039"",""clock_id"":""sim-clock-v1"",""send_mono_ns"":""9750000000"",""send_wall_utc"":""2026-10-05T00:00:09.750Z"",""signature"":null,""blockhash"":""synthetic-blockhash-39"",""last_valid_block_height"":""1000055"",""leader_class_next"":[{""leader"":""synthetic-leader-1"",""skip_rate_tercile"":""unknown"",""stake_tercile"":""high""}],""outcome"":""LANDED_OK"",""landed_slot"":""1000041"",""landed_block_id"":""synthetic-block-1000041"",""landed_index"":0,""landed_index_scope"":""unknown"",""observer_first_seen"":{""grpc"":{""clock_id"":""sim-clock-v1"",""mono_ns"":""10250000000"",""wall_utc"":""2026-10-05T00:00:10.250Z""}},""resolved_at_utc"":""2026-10-05T00:00:10.250Z""}"
sim,sim-7dfe63d05c29c767e448370cc4a55b1e4ca0a4a04226b65d29499201d1961cb2-40,2026-10-05T00:00:10.000Z,beam_http,large,1000000,5000,stratified-v0-splitmix64:full,0.014873916469661151,False,sim-r0,LANDED_OK,True,"{""id"":""sim-7dfe63d05c29c767e448370cc4a55b1e4ca0a4a04226b65d29499201d1961cb2-40"",""source"":""sim"",""config"":{""route"":""beam_http"",""tip_lamports"":""1000000"",""cu_price_micro_lamports"":""5000"",""cu_limit"":300000,""fee_bucket"":""local_p90"",""tip_tier"":""x10"",""size_class"":""large""},""policy_id"":""stratified-v0-splitmix64:full"",""assignment_prob"":0.014873916469661151,""uniform_arm"":false,""regime_id"":""sim-r0"",""sent_slot"":""1000040"",""clock_id"":""sim-clock-v1"",""send_mono_ns"":""10000000000"",""send_wall_utc"":""2026-10-05T00:00:10.000Z"",""signature"":null,""blockhash"":""synthetic-blockhash-40"",""last_valid_block_height"":""1000056"",""leader_class_next"":[{""leader"":""synthetic-leader-1"",""skip_rate_tercile"":""unknown"",""stake_tercile"":""high""}],""outcome"":""LANDED_OK"",""landed_slot"":""1000041"",""landed_block_id"":""synthetic-block-1000041"",""landed_index"":0,""landed_index_scope"":""unknown"",""observer_first_seen"":{""grpc"":{""clock_id"":""sim-clock-v1"",""mono_ns"":""10250000000"",""wall_utc"":""2026-10-05T00:00:10.250Z""}},""resolved_at_utc"":""2026-10-05T00:00:10.250Z""}"
sim,sim-7dfe63d05c29c767e448370cc4a55b1e4ca0a4a04226b65d29499201d1961cb2-41,2026-10-05T00:00:10.250Z,rpc,large,0,5000,stratified-v0-splitmix64:full,0.014963757323006652,False,sim-r0,LANDED_OK,True,"{""id"":""sim-7dfe63d05c29c767e448370cc4a55b1e4ca0a4a04226b65d29499201d1961cb2-41"",""source"":""sim"",""config"":{""route"":""rpc"",""tip_lamports"":""0"",""cu_price_micro_lamports"":""5000"",""cu_limit"":300000,""fee_bucket"":""local_p90"",""tip_tier"":""none"",""size_class"":""large""},""policy_id"":""stratified-v0-splitmix64:full"",""assignment_prob"":0.014963757323006652,""uniform_arm"":false,""regime_id"":""sim-r0"",""sent_slot"":""1000041"",""clock_id"":""sim-clock-v1"",""send_mono_ns"":""10250000000"",""send_wall_utc"":""2026-10-05T00:00:10.250Z"",""signature"":null,""blockhash"":""synthetic-blockhash-41"",""last_valid_block_height"":""1000057"",""leader_class_next"":[{""leader"":""synthetic-leader-0"",""skip_rate_tercile"":""unknown"",""stake_tercile"":""middle""}],""outcome"":""LANDED_OK"",""landed_slot"":""1000044"",""landed_block_id"":""synthetic-block-1000044"",""landed_index"":0,""landed_index_scope"":""unknown"",""observer_first_seen"":{""grpc"":{""clock_id"":""sim-clock-v1"",""mono_ns"":""11000000000"",""wall_utc"":""2026-10-05T00:00:11.000Z""}},""resolved_at_utc"":""2026-10-05T00:00:11.000Z""}"
sim,sim-7dfe63d05c29c767e448370cc4a55b1e4ca0a4a04226b65d29499201d1961cb2-42,2026-10-05T00:00:10.500Z,rpc,large,0,0,stratified-v0-splitmix64:full,0.015055055055055055,False,sim-r0,LANDED_OK,True,"{""id"":""sim-7dfe63d05c29c767e448370cc4a55b1e4ca0a4a04226b65d29499201d1961cb2-42"",""source"":""sim"",""config"":{""route"":""rpc"",""tip_lamports"":""0"",""cu_price_micro_lamports"":""0"",""cu_limit"":300000,""fee_bucket"":""zero"",""tip_tier"":""none"",""size_class"":""large""},""policy_id"":""stratified-v0-splitmix64:full"",""assignment_prob"":0.015055055055055055,""uniform_arm"":false,""regime_id"":""sim-r0"",""sent_slot"":""1000042"",""clock_id"":""sim-clock-v1"",""send_mono_ns"":""10500000000"",""send_wall_utc"":""2026-10-05T00:00:10.500Z"",""signature"":null,""blockhash"":""synthetic-blockhash-42"",""last_valid_block_height"":""1000058"",""leader_class_next"":[{""leader"":""synthetic-leader-1"",""skip_rate_tercile"":""unknown"",""stake_tercile"":""high""}],""outcome"":""LANDED_OK"",""landed_slot"":""1000043"",""landed_block_id"":""synthetic-block-1000043"",""landed_index"":0,""landed_index_scope"":""unknown"",""observer_first_seen"":{""grpc"":{""clock_id"":""sim-clock-v1"",""mono_ns"":""10750000000"",""wall_utc"":""2026-10-05T00:00:10.750Z""}},""resolved_at_utc"":""2026-10-05T00:00:10.750Z""}"
sim,sim-7dfe63d05c29c767e448370cc4a55b1e4ca0a4a04226b65d29499201d1961cb2-43,2026-10-05T00:00:10.750Z,rpc,medium,0,5000,stratified-v0-splitmix64:full,0.015147845393077,False,sim-r0,LANDED_OK,True,"{""id"":""sim-7dfe63d05c29c767e448370cc4a55b1e4ca0a4a04226b65d29499201d1961cb2-43"",""source"":""sim"",""config"":{""route"":""rpc"",""tip_lamports"":""0"",""cu_price_micro_lamports"":""5000"",""cu_limit"":100000,""fee_bucket"":""local_p90"",""tip_tier"":""none"",""size_class"":""medium""},""policy_id"":""stratified-v0-splitmix64:full"",""assignment_prob"":0.015147845393077,""uniform_arm"":false,""regime_id"":""sim-r0"",""sent_slot"":""1000043"",""clock_id"":""sim-clock-v1"",""send_mono_ns"":""10750000000"",""send_wall_utc"":""2026-10-05T00:00:10.750Z"",""signature"":null,""blockhash"":""synthetic-blockhash-43"",""last_valid_block_height"":""1000059"",""leader_class_next"":[{""leader"":""synthetic-leader-0"",""skip_rate_tercile"":""unknown"",""stake_tercile"":""middle""}],""outcome"":""LANDED_OK"",""landed_slot"":""1000044"",""landed_block_id"":""synthetic-block-1000044"",""landed_index"":0,""landed_index_scope"":""unknown"",""observer_first_seen"":{""grpc"":{""clock_id"":""sim-clock-v1"",""mono_ns"":""11000000000"",""wall_utc"":""2026-10-05T00:00:11.000Z""}},""resolved_at_utc"":""2026-10-05T00:00:11.000Z""}"
sim,sim-7dfe63d05c29c767e448370cc4a55b1e4ca0a4a04226b65d29499201d1961cb2-44,2026-10-05T00:00:11.000Z,beam_http,small,200000,1000,stratified-v0-splitmix64:full,0.009472934472934472,False,sim-r0,LANDED_OK,True,"{""id"":""sim-7dfe63d05c29c767e448370cc4a55b1e4ca0a4a04226b65d29499201d1961cb2-44"",""source"":""sim"",""config"":{""route"":""beam_http"",""tip_lamports"":""200000"",""cu_price_micro_lamports"":""1000"",""cu_limit"":25000,""fee_bucket"":""local_median"",""tip_tier"":""x2"",""size_class"":""small""},""policy_id"":""stratified-v0-splitmix64:full"",""assignment_prob"":0.009472934472934472,""uniform_arm"":false,""regime_id"":""sim-r0"",""sent_slot"":""1000044"",""clock_id"":""sim-clock-v1"",""send_mono_ns"":""11000000000"",""send_wall_utc"":""2026-10-05T00:00:11.000Z"",""signature"":null,""blockhash"":""synthetic-blockhash-44"",""last_valid_block_height"":""1000060"",""leader_class_next"":[{""leader"":""synthetic-leader--1"",""skip_rate_tercile"":""unknown"",""stake_tercile"":""low""}],""outcome"":""LANDED_OK"",""landed_slot"":""1000046"",""landed_block_id"":""synthetic-block-1000046"",""landed_index"":0,""landed_index_scope"":""unknown"",""observer_first_seen"":{""grpc"":{""clock_id"":""sim-clock-v1"",""mono_ns"":""11500000000"",""wall_utc"":""2026-10-05T00:00:11.500Z""}},""resolved_at_utc"":""2026-10-05T00:00:11.500Z""}"
sim,sim-7dfe63d05c29c767e448370cc4a55b1e4ca0a4a04226b65d29499201d1961cb2-45,2026-10-05T00:00:11.250Z,beam_quic,small,200000,5000,stratified-v0-splitmix64:full,0.009488827670645851,False,sim-r0,LANDED_OK,True,"{""id"":""sim-7dfe63d05c29c767e448370cc4a55b1e4ca0a4a04226b65d29499201d1961cb2-45"",""source"":""sim"",""config"":{""route"":""beam_quic"",""tip_lamports"":""200000"",""cu_price_micro_lamports"":""5000"",""cu_limit"":25000,""fee_bucket"":""local_p90"",""tip_tier"":""x2"",""size_class"":""small""},""policy_id"":""stratified-v0-splitmix64:full"",""assignment_prob"":0.009488827670645851,""uniform_arm"":false,""regime_id"":""sim-r0"",""sent_slot"":""1000045"",""clock_id"":""sim-clock-v1"",""send_mono_ns"":""11250000000"",""send_wall_utc"":""2026-10-05T00:00:11.250Z"",""signature"":null,""blockhash"":""synthetic-blockhash-45"",""last_valid_block_height"":""1000061"",""leader_class_next"":[{""leader"":""synthetic-leader-1"",""skip_rate_tercile"":""unknown"",""stake_tercile"":""high""}],""outcome"":""LANDED_OK"",""landed_slot"":""1000046"",""landed_block_id"":""synthetic-block-1000046"",""landed_index"":0,""landed_index_scope"":""unknown"",""observer_first_seen"":{""grpc"":{""clock_id"":""sim-clock-v1"",""mono_ns"":""11500000000"",""wall_utc"":""2026-10-05T00:00:11.500Z""}},""resolved_at_utc"":""2026-10-05T00:00:11.500Z""}"
sim,sim-7dfe63d05c29c767e448370cc4a55b1e4ca0a4a04226b65d29499201d1961cb2-46,2026-10-05T00:00:11.500Z,beam_quic,small,500000,5000,stratified-v0-splitmix64:full,0.015305913648455084,False,sim-r0,LANDED_OK,True,"{""id"":""sim-7dfe63d05c29c767e448370cc4a55b1e4ca0a4a04226b65d29499201d1961cb2-46"",""source"":""sim"",""config"":{""route"":""beam_quic"",""tip_lamports"":""500000"",""cu_price_micro_lamports"":""5000"",""cu_limit"":25000,""fee_bucket"":""local_p90"",""tip_tier"":""x5"",""size_class"":""small""},""policy_id"":""stratified-v0-splitmix64:full"",""assignment_prob"":0.015305913648455084,""uniform_arm"":false,""regime_id"":""sim-r0"",""sent_slot"":""1000046"",""clock_id"":""sim-clock-v1"",""send_mono_ns"":""11500000000"",""send_wall_utc"":""2026-10-05T00:00:11.500Z"",""signature"":null,""blockhash"":""synthetic-blockhash-46"",""last_valid_block_height"":""1000062"",""leader_class_next"":[{""leader"":""synthetic-leader--1"",""skip_rate_tercile"":""unknown"",""stake_tercile"":""low""}],""outcome"":""LANDED_OK"",""landed_slot"":""1000047"",""landed_block_id"":""synthetic-block-1000047"",""landed_index"":0,""landed_index_scope"":""unknown"",""observer_first_seen"":{""grpc"":{""clock_id"":""sim-clock-v1"",""mono_ns"":""11750000000"",""wall_utc"":""2026-10-05T00:00:11.750Z""}},""resolved_at_utc"":""2026-10-05T00:00:11.750Z""}"
sim,sim-7dfe63d05c29c767e448370cc4a55b1e4ca0a4a04226b65d29499201d1961cb2-47,2026-10-05T00:00:11.750Z,beam_quic,small,100000,5000,stratified-v0-splitmix64:full,0.009553285876405653,False,sim-r0,LANDED_OK,True,"{""id"":""sim-7dfe63d05c29c767e448370cc4a55b1e4ca0a4a04226b65d29499201d1961cb2-47"",""source"":""sim"",""config"":{""route"":""beam_quic"",""tip_lamports"":""100000"",""cu_price_micro_lamports"":""5000"",""cu_limit"":25000,""fee_bucket"":""local_p90"",""tip_tier"":""x1"",""size_class"":""small""},""policy_id"":""stratified-v0-splitmix64:full"",""assignment_prob"":0.009553285876405653,""uniform_arm"":false,""regime_id"":""sim-r0"",""sent_slot"":""1000047"",""clock_id"":""sim-clock-v1"",""send_mono_ns"":""11750000000"",""send_wall_utc"":""2026-10-05T00:00:11.750Z"",""signature"":null,""blockhash"":""synthetic-blockhash-47"",""last_valid_block_height"":""1000063"",""leader_class_next"":[{""leader"":""synthetic-leader--1"",""skip_rate_tercile"":""unknown"",""stake_tercile"":""low""}],""outcome"":""LANDED_OK"",""landed_slot"":""1000048"",""landed_block_id"":""synthetic-block-1000048"",""landed_index"":0,""landed_index_scope"":""unknown"",""observer_first_seen"":{""grpc"":{""clock_id"":""sim-clock-v1"",""mono_ns"":""12000000000"",""wall_utc"":""2026-10-05T00:00:12.000Z""}},""resolved_at_utc"":""2026-10-05T00:00:12.000Z""}"
sim,sim-7dfe63d05c29c767e448370cc4a55b1e4ca0a4a04226b65d29499201d1961cb2-48,2026-10-05T00:00:12.000Z,beam_quic,medium,200000,5000,stratified-v0-splitmix64:full,0.015435547279122696,True,sim-r0,LANDED_OK,True,"{""id"":""sim-7dfe63d05c29c767e448370cc4a55b1e4ca0a4a04226b65d29499201d1961cb2-48"",""source"":""sim"",""config"":{""route"":""beam_quic"",""tip_lamports"":""200000"",""cu_price_micro_lamports"":""5000"",""cu_limit"":100000,""fee_bucket"":""local_p90"",""tip_tier"":""x2"",""size_class"":""medium""},""policy_id"":""stratified-v0-splitmix64:full"",""assignment_prob"":0.015435547279122696,""uniform_arm"":true,""regime_id"":""sim-r0"",""sent_slot"":""1000048"",""clock_id"":""sim-clock-v1"",""send_mono_ns"":""12000000000"",""send_wall_utc"":""2026-10-05T00:00:12.000Z"",""signature"":null,""blockhash"":""synthetic-blockhash-48"",""last_valid_block_height"":""1000064"",""leader_class_next"":[{""leader"":""synthetic-leader--1"",""skip_rate_tercile"":""unknown"",""stake_tercile"":""low""}],""outcome"":""LANDED_OK"",""landed_slot"":""1000050"",""landed_block_id"":""synthetic-block-1000050"",""landed_index"":0,""landed_index_scope"":""unknown"",""observer_first_seen"":{""grpc"":{""clock_id"":""sim-clock-v1"",""mono_ns"":""12500000000"",""wall_utc"":""2026-10-05T00:00:12.500Z""}},""resolved_at_utc"":""2026-10-05T00:00:12.500Z""}"
sim,sim-7dfe63d05c29c767e448370cc4a55b1e4ca0a4a04226b65d29499201d1961cb2-49,2026-10-05T00:00:12.250Z,beam_http,small,500000,1000,stratified-v0-splitmix64:full,0.015534689619196662,False,sim-r0,LANDED_OK,True,"{""id"":""sim-7dfe63d05c29c767e448370cc4a55b1e4ca0a4a04226b65d29499201d1961cb2-49"",""source"":""sim"",""config"":{""route"":""beam_http"",""tip_lamports"":""500000"",""cu_price_micro_lamports"":""1000"",""cu_limit"":25000,""fee_bucket"":""local_median"",""tip_tier"":""x5"",""size_class"":""small""},""policy_id"":""stratified-v0-splitmix64:full"",""assignment_prob"":0.015534689619196662,""uniform_arm"":false,""regime_id"":""sim-r0"",""sent_slot"":""1000049"",""clock_id"":""sim-clock-v1"",""send_mono_ns"":""12250000000"",""send_wall_utc"":""2026-10-05T00:00:12.250Z"",""signature"":null,""blockhash"":""synthetic-blockhash-49"",""last_valid_block_height"":""1000065"",""leader_class_next"":[{""leader"":""synthetic-leader-0"",""skip_rate_tercile"":""unknown"",""stake_tercile"":""middle""}],""outcome"":""LANDED_OK"",""landed_slot"":""1000050"",""landed_block_id"":""synthetic-block-1000050"",""landed_index"":0,""landed_index_scope"":""unknown"",""observer_first_seen"":{""grpc"":{""clock_id"":""sim-clock-v1"",""mono_ns"":""12500000000"",""wall_utc"":""2026-10-05T00:00:12.500Z""}},""resolved_at_utc"":""2026-10-05T00:00:12.500Z""}"
sim,sim-7dfe63d05c29c767e448370cc4a55b1e4ca0a4a04226b65d29499201d1961cb2-50,2026-10-05T00:00:12.500Z,beam_quic,medium,200000,1000,stratified-v0-splitmix64:full,0.015635521885521884,False,sim-r0,LANDED_OK,True,"{""id"":""sim-7dfe63d05c29c767e448370cc4a55b1e4ca0a4a04226b65d29499201d1961cb2-50"",""source"":""sim"",""config"":{""route"":""beam_quic"",""tip_lamports"":""200000"",""cu_price_micro_lamports"":""1000"",""cu_limit"":100000,""fee_bucket"":""local_median"",""tip_tier"":""x2"",""size_class"":""medium""},""policy_id"":""stratified-v0-splitmix64:full"",""assignment_prob"":0.015635521885521884,""uniform_arm"":false,""regime_id"":""sim-r0"",""sent_slot"":""1000050"",""clock_id"":""sim-clock-v1"",""send_mono_ns"":""12500000000"",""send_wall_utc"":""2026-10-05T00:00:12.500Z"",""signature"":null,""blockhash"":""synthetic-blockhash-50"",""last_valid_block_height"":""1000066"",""leader_class_next"":[{""leader"":""synthetic-leader--1"",""skip_rate_tercile"":""unknown"",""stake_tercile"":""low""}],""outcome"":""LANDED_OK"",""landed_slot"":""1000051"",""landed_block_id"":""synthetic-block-1000051"",""landed_index"":0,""landed_index_scope"":""unknown"",""observer_first_seen"":{""grpc"":{""clock_id"":""sim-clock-v1"",""mono_ns"":""12750000000"",""wall_utc"":""2026-10-05T00:00:12.750Z""}},""resolved_at_utc"":""2026-10-05T00:00:12.750Z""}"
sim,sim-7dfe63d05c29c767e448370cc4a55b1e4ca0a4a04226b65d29499201d1961cb2-51,2026-10-05T00:00:12.750Z,beam_http,large,1000000,0,stratified-v0-splitmix64:full,0.015738087657858432,False,sim-r0,LANDED_OK,True,"{""id"":""sim-7dfe63d05c29c767e448370cc4a55b1e4ca0a4a04226b65d29499201d1961cb2-51"",""source"":""sim"",""config"":{""route"":""beam_http"",""tip_lamports"":""1000000"",""cu_price_micro_lamports"":""0"",""cu_limit"":300000,""fee_bucket"":""zero"",""tip_tier"":""x10"",""size_class"":""large""},""policy_id"":""stratified-v0-splitmix64:full"",""assignment_prob"":0.015738087657858432,""uniform_arm"":false,""regime_id"":""sim-r0"",""sent_slot"":""1000051"",""clock_id"":""sim-clock-v1"",""send_mono_ns"":""12750000000"",""send_wall_utc"":""2026-10-05T00:00:12.750Z"",""signature"":null,""blockhash"":""synthetic-blockhash-51"",""last_valid_block_height"":""1000067"",""leader_class_next"":[{""leader"":""synthetic-leader-0"",""skip_rate_tercile"":""unknown"",""stake_tercile"":""middle""}],""outcome"":""LANDED_OK"",""landed_slot"":""1000054"",""landed_block_id"":""synthetic-block-1000054"",""landed_index"":0,""landed_index_scope"":""unknown"",""observer_first_seen"":{""grpc"":{""clock_id"":""sim-clock-v1"",""mono_ns"":""13500000000"",""wall_utc"":""2026-10-05T00:00:13.500Z""}},""resolved_at_utc"":""2026-10-05T00:00:13.500Z""}"
sim,sim-7dfe63d05c29c767e448370cc4a55b1e4ca0a4a04226b65d29499201d1961cb2-52,2026-10-05T00:00:13.000Z,beam_quic,small,500000,1000,stratified-v0-splitmix64:full,0.015842432027403125,True,sim-r0,LANDED_OK,True,"{""id"":""sim-7dfe63d05c29c767e448370cc4a55b1e4ca0a4a04226b65d29499201d1961cb2-52"",""source"":""sim"",""config"":{""route"":""beam_quic"",""tip_lamports"":""500000"",""cu_price_micro_lamports"":""1000"",""cu_limit"":25000,""fee_bucket"":""local_median"",""tip_tier"":""x5"",""size_class"":""small""},""policy_id"":""stratified-v0-splitmix64:full"",""assignment_prob"":0.015842432027403125,""uniform_arm"":true,""regime_id"":""sim-r0"",""sent_slot"":""1000052"",""clock_id"":""sim-clock-v1"",""send_mono_ns"":""13000000000"",""send_wall_utc"":""2026-10-05T00:00:13.000Z"",""signature"":null,""blockhash"":""synthetic-blockhash-52"",""last_valid_block_height"":""1000068"",""leader_class_next"":[{""leader"":""synthetic-leader-1"",""skip_rate_tercile"":""unknown"",""stake_tercile"":""high""}],""outcome"":""LANDED_OK"",""landed_slot"":""1000053"",""landed_block_id"":""synthetic-block-1000053"",""landed_index"":0,""landed_index_scope"":""unknown"",""observer_first_seen"":{""grpc"":{""clock_id"":""sim-clock-v1"",""mono_ns"":""13250000000"",""wall_utc"":""2026-10-05T00:00:13.250Z""}},""resolved_at_utc"":""2026-10-05T00:00:13.250Z""}"
sim,sim-7dfe63d05c29c767e448370cc4a55b1e4ca0a4a04226b65d29499201d1961cb2-53,2026-10-05T00:00:13.250Z,beam_http,small,100000,5000,stratified-v0-splitmix64:full,0.00982615268329554,True,sim-r0,LANDED_OK,True,"{""id"":""sim-7dfe63d05c29c767e448370cc4a55b1e4ca0a4a04226b65d29499201d1961cb2-53"",""source"":""sim"",""config"":{""route"":""beam_http"",""tip_lamports"":""100000"",""cu_price_micro_lamports"":""5000"",""cu_limit"":25000,""fee_bucket"":""local_p90"",""tip_tier"":""x1"",""size_class"":""small""},""policy_id"":""stratified-v0-splitmix64:full"",""assignment_prob"":0.00982615268329554,""uniform_arm"":true,""regime_id"":""sim-r0"",""sent_slot"":""1000053"",""clock_id"":""sim-clock-v1"",""send_mono_ns"":""13250000000"",""send_wall_utc"":""2026-10-05T00:00:13.250Z"",""signature"":null,""blockhash"":""synthetic-blockhash-53"",""last_valid_block_height"":""1000069"",""leader_class_next"":[{""leader"":""synthetic-leader-1"",""skip_rate_tercile"":""unknown"",""stake_tercile"":""high""}],""outcome"":""LANDED_OK"",""landed_slot"":""1000054"",""landed_block_id"":""synthetic-block-1000054"",""landed_index"":0,""landed_index_scope"":""unknown"",""observer_first_seen"":{""grpc"":{""clock_id"":""sim-clock-v1"",""mono_ns"":""13500000000"",""wall_utc"":""2026-10-05T00:00:13.500Z""}},""resolved_at_utc"":""2026-10-05T00:00:13.500Z""}"
sim,sim-7dfe63d05c29c767e448370cc4a55b1e4ca0a4a04226b65d29499201d1961cb2-54,2026-10-05T00:00:13.500Z,beam_quic,large,500000,0,stratified-v0-splitmix64:full,0.009844054580896686,False,sim-r0,LANDED_OK,True,"{""id"":""sim-7dfe63d05c29c767e448370cc4a55b1e4ca0a4a04226b65d29499201d1961cb2-54"",""source"":""sim"",""config"":{""route"":""beam_quic"",""tip_lamports"":""500000"",""cu_price_micro_lamports"":""0"",""cu_limit"":300000,""fee_bucket"":""zero"",""tip_tier"":""x5"",""size_class"":""large""},""policy_id"":""stratified-v0-splitmix64:full"",""assignment_prob"":0.009844054580896686,""uniform_arm"":false,""regime_id"":""sim-r0"",""sent_slot"":""1000054"",""clock_id"":""sim-clock-v1"",""send_mono_ns"":""13500000000"",""send_wall_utc"":""2026-10-05T00:00:13.500Z"",""signature"":null,""blockhash"":""synthetic-blockhash-54"",""last_valid_block_height"":""1000070"",""leader_class_next"":[{""leader"":""synthetic-leader-1"",""skip_rate_tercile"":""unknown"",""stake_tercile"":""high""}],""outcome"":""LANDED_OK"",""landed_slot"":""1000055"",""landed_block_id"":""synthetic-block-1000055"",""landed_index"":0,""landed_index_scope"":""unknown"",""observer_first_seen"":{""grpc"":{""clock_id"":""sim-clock-v1"",""mono_ns"":""13750000000"",""wall_utc"":""2026-10-05T00:00:13.750Z""}},""resolved_at_utc"":""2026-10-05T00:00:13.750Z""}"
sim,sim-7dfe63d05c29c767e448370cc4a55b1e4ca0a4a04226b65d29499201d1961cb2-55,2026-10-05T00:00:13.750Z,rpc,large,0,1000,stratified-v0-splitmix64:full,0.016020419246225697,False,sim-r0,LANDED_OK,True,"{""id"":""sim-7dfe63d05c29c767e448370cc4a55b1e4ca0a4a04226b65d29499201d1961cb2-55"",""source"":""sim"",""config"":{""route"":""rpc"",""tip_lamports"":""0"",""cu_price_micro_lamports"":""1000"",""cu_limit"":300000,""fee_bucket"":""local_median"",""tip_tier"":""none"",""size_class"":""large""},""policy_id"":""stratified-v0-splitmix64:full"",""assignment_prob"":0.016020419246225697,""uniform_arm"":false,""regime_id"":""sim-r0"",""sent_slot"":""1000055"",""clock_id"":""sim-clock-v1"",""send_mono_ns"":""13750000000"",""send_wall_utc"":""2026-10-05T00:00:13.750Z"",""signature"":null,""blockhash"":""synthetic-blockhash-55"",""last_valid_block_height"":""1000071"",""leader_class_next"":[{""leader"":""synthetic-leader--1"",""skip_rate_tercile"":""unknown"",""stake_tercile"":""low""}],""outcome"":""LANDED_OK"",""landed_slot"":""1000068"",""landed_block_id"":""synthetic-block-1000068"",""landed_index"":0,""landed_index_scope"":""unknown"",""observer_first_seen"":{""grpc"":{""clock_id"":""sim-clock-v1"",""mono_ns"":""17000000000"",""wall_utc"":""2026-10-05T00:00:17.000Z""}},""resolved_at_utc"":""2026-10-05T00:00:17.000Z""}"
sim,sim-7dfe63d05c29c767e448370cc4a55b1e4ca0a4a04226b65d29499201d1961cb2-56,2026-10-05T00:00:14.000Z,beam_quic,small,1000000,0,stratified-v0-splitmix64:full,0.009916721455182992,False,sim-r0,LANDED_OK,True,"{""id"":""sim-7dfe63d05c29c767e448370cc4a55b1e4ca0a4a04226b65d29499201d1961cb2-56"",""source"":""sim"",""config"":{""route"":""beam_quic"",""tip_lamports"":""1000000"",""cu_price_micro_lamports"":""0"",""cu_limit"":25000,""fee_bucket"":""zero"",""tip_tier"":""x10"",""size_class"":""small""},""policy_id"":""stratified-v0-splitmix64:full"",""assignment_prob"":0.009916721455182992,""uniform_arm"":false,""regime_id"":""sim-r0"",""sent_slot"":""1000056"",""clock_id"":""sim-clock-v1"",""send_mono_ns"":""14000000000"",""send_wall_utc"":""2026-10-05T00:00:14.000Z"",""signature"":null,""blockhash"":""synthetic-blockhash-56"",""last_valid_block_height"":""1000072"",""leader_class_next"":[{""leader"":""synthetic-leader-0"",""skip_rate_tercile"":""unknown"",""stake_tercile"":""middle""}],""outcome"":""LANDED_OK"",""landed_slot"":""1000057"",""landed_block_id"":""synthetic-block-1000057"",""landed_index"":0,""landed_index_scope"":""unknown"",""observer_first_seen"":{""grpc"":{""clock_id"":""sim-clock-v1"",""mono_ns"":""14250000000"",""wall_utc"":""2026-10-05T00:00:14.250Z""}},""resolved_at_utc"":""2026-10-05T00:00:14.250Z""}"
sim,sim-7dfe63d05c29c767e448370cc4a55b1e4ca0a4a04226b65d29499201d1961cb2-57,2026-10-05T00:00:14.250Z,beam_http,small,100000,1000,stratified-v0-splitmix64:full,0.009935157709638421,True,sim-r0,LANDED_OK,True,"{""id"":""sim-7dfe63d05c29c767e448370cc4a55b1e4ca0a4a04226b65d29499201d1961cb2-57"",""source"":""sim"",""config"":{""route"":""beam_http"",""tip_lamports"":""100000"",""cu_price_micro_lamports"":""1000"",""cu_limit"":25000,""fee_bucket"":""local_median"",""tip_tier"":""x1"",""size_class"":""small""},""policy_id"":""stratified-v0-splitmix64:full"",""assignment_prob"":0.009935157709638421,""uniform_arm"":true,""regime_id"":""sim-r0"",""sent_slot"":""1000057"",""clock_id"":""sim-clock-v1"",""send_mono_ns"":""14250000000"",""send_wall_utc"":""2026-10-05T00:00:14.250Z"",""signature"":null,""blockhash"":""synthetic-blockhash-57"",""last_valid_block_height"":""1000073"",""leader_class_next"":[{""leader"":""synthetic-leader-0"",""skip_rate_tercile"":""unknown"",""stake_tercile"":""middle""}],""outcome"":""LANDED_OK"",""landed_slot"":""1000058"",""landed_block_id"":""synthetic-block-1000058"",""landed_index"":0,""landed_index_scope"":""unknown"",""observer_first_seen"":{""grpc"":{""clock_id"":""sim-clock-v1"",""mono_ns"":""14500000000"",""wall_utc"":""2026-10-05T00:00:14.500Z""}},""resolved_at_utc"":""2026-10-05T00:00:14.500Z""}"
sim,sim-7dfe63d05c29c767e448370cc4a55b1e4ca0a4a04226b65d29499201d1961cb2-58,2026-10-05T00:00:14.500Z,beam_quic,large,100000,0,stratified-v0-splitmix64:full,0.016203703703703703,False,sim-r0,LANDED_OK,True,"{""id"":""sim-7dfe63d05c29c767e448370cc4a55b1e4ca0a4a04226b65d29499201d1961cb2-58"",""source"":""sim"",""config"":{""route"":""beam_quic"",""tip_lamports"":""100000"",""cu_price_micro_lamports"":""0"",""cu_limit"":300000,""fee_bucket"":""zero"",""tip_tier"":""x1"",""size_class"":""large""},""policy_id"":""stratified-v0-splitmix64:full"",""assignment_prob"":0.016203703703703703,""uniform_arm"":false,""regime_id"":""sim-r0"",""sent_slot"":""1000058"",""clock_id"":""sim-clock-v1"",""send_mono_ns"":""14500000000"",""send_wall_utc"":""2026-10-05T00:00:14.500Z"",""signature"":null,""blockhash"":""synthetic-blockhash-58"",""last_valid_block_height"":""1000074"",""leader_class_next"":[{""leader"":""synthetic-leader--1"",""skip_rate_tercile"":""unknown"",""stake_tercile"":""low""}],""outcome"":""LANDED_OK"",""landed_slot"":""1000063"",""landed_block_id"":""synthetic-block-1000063"",""landed_index"":0,""landed_index_scope"":""unknown"",""observer_first_seen"":{""grpc"":{""clock_id"":""sim-clock-v1"",""mono_ns"":""15750000000"",""wall_utc"":""2026-10-05T00:00:15.750Z""}},""resolved_at_utc"":""2026-10-05T00:00:15.750Z""}"
sim,sim-7dfe63d05c29c767e448370cc4a55b1e4ca0a4a04226b65d29499201d1961cb2-59,2026-10-05T00:00:14.750Z,beam_http,small,200000,1000,stratified-v0-splitmix64:full,0.007907907907907907,True,sim-r0,LANDED_OK,True,"{""id"":""sim-7dfe63d05c29c767e448370cc4a55b1e4ca0a4a04226b65d29499201d1961cb2-59"",""source"":""sim"",""config"":{""route"":""beam_http"",""tip_lamports"":""200000"",""cu_price_micro_lamports"":""1000"",""cu_limit"":25000,""fee_bucket"":""local_median"",""tip_tier"":""x2"",""size_class"":""small""},""policy_id"":""stratified-v0-splitmix64:full"",""assignment_prob"":0.007907907907907907,""uniform_arm"":true,""regime_id"":""sim-r0"",""sent_slot"":""1000059"",""clock_id"":""sim-clock-v1"",""send_mono_ns"":""14750000000"",""send_wall_utc"":""2026-10-05T00:00:14.750Z"",""signature"":null,""blockhash"":""synthetic-blockhash-59"",""last_valid_block_height"":""1000075"",""leader_class_next"":[{""leader"":""synthetic-leader-1"",""skip_rate_tercile"":""unknown"",""stake_tercile"":""high""}],""outcome"":""LANDED_OK"",""landed_slot"":""1000060"",""landed_block_id"":""synthetic-block-1000060"",""landed_index"":0,""landed_index_scope"":""unknown"",""observer_first_seen"":{""grpc"":{""clock_id"":""sim-clock-v1"",""mono_ns"":""15000000000"",""wall_utc"":""2026-10-05T00:00:15.000Z""}},""resolved_at_utc"":""2026-10-05T00:00:15.000Z""}"
sim,sim-7dfe63d05c29c767e448370cc4a55b1e4ca0a4a04226b65d29499201d1961cb2-60,2026-10-05T00:00:15.000Z,beam_quic,large,200000,0,stratified-v0-splitmix64:full,0.010019493177387914,False,sim-r0,LANDED_OK,True,"{""id"":""sim-7dfe63d05c29c767e448370cc4a55b1e4ca0a4a04226b65d29499201d1961cb2-60"",""source"":""sim"",""config"":{""route"":""beam_quic"",""tip_lamports"":""200000"",""cu_price_micro_lamports"":""0"",""cu_limit"":300000,""fee_bucket"":""zero"",""tip_tier"":""x2"",""size_class"":""large""},""policy_id"":""stratified-v0-splitmix64:full"",""assignment_prob"":0.010019493177387914,""uniform_arm"":false,""regime_id"":""sim-r0"",""sent_slot"":""1000060"",""clock_id"":""sim-clock-v1"",""send_mono_ns"":""15000000000"",""send_wall_utc"":""2026-10-05T00:00:15.000Z"",""signature"":null,""blockhash"":""synthetic-blockhash-60"",""last_valid_block_height"":""1000076"",""leader_class_next"":[{""leader"":""synthetic-leader--1"",""skip_rate_tercile"":""unknown"",""stake_tercile"":""low""}],""outcome"":""LANDED_OK"",""landed_slot"":""1000062"",""landed_block_id"":""synthetic-block-1000062"",""landed_index"":0,""landed_index_scope"":""unknown"",""observer_first_seen"":{""grpc"":{""clock_id"":""sim-clock-v1"",""mono_ns"":""15500000000"",""wall_utc"":""2026-10-05T00:00:15.500Z""}},""resolved_at_utc"":""2026-10-05T00:00:15.500Z""}"
sim,sim-7dfe63d05c29c767e448370cc4a55b1e4ca0a4a04226b65d29499201d1961cb2-61,2026-10-05T00:00:15.250Z,beam_http,small,200000,0,stratified-v0-splitmix64:full,0.00792693145634322,True,sim-r0,LANDED_OK,True,"{""id"":""sim-7dfe63d05c29c767e448370cc4a55b1e4ca0a4a04226b65d29499201d1961cb2-61"",""source"":""sim"",""config"":{""route"":""beam_http"",""tip_lamports"":""200000"",""cu_price_micro_lamports"":""0"",""cu_limit"":25000,""fee_bucket"":""zero"",""tip_tier"":""x2"",""size_class"":""small""},""policy_id"":""stratified-v0-splitmix64:full"",""assignment_prob"":0.00792693145634322,""uniform_arm"":true,""regime_id"":""sim-r0"",""sent_slot"":""1000061"",""clock_id"":""sim-clock-v1"",""send_mono_ns"":""15250000000"",""send_wall_utc"":""2026-10-05T00:00:15.250Z"",""signature"":null,""blockhash"":""synthetic-blockhash-61"",""last_valid_block_height"":""1000077"",""leader_class_next"":[{""leader"":""synthetic-leader-0"",""skip_rate_tercile"":""unknown"",""stake_tercile"":""middle""}],""outcome"":""LANDED_OK"",""landed_slot"":""1000062"",""landed_block_id"":""synthetic-block-1000062"",""landed_index"":0,""landed_index_scope"":""unknown"",""observer_first_seen"":{""grpc"":{""clock_id"":""sim-clock-v1"",""mono_ns"":""15500000000"",""wall_utc"":""2026-10-05T00:00:15.500Z""}},""resolved_at_utc"":""2026-10-05T00:00:15.500Z""}"
sim,sim-7dfe63d05c29c767e448370cc4a55b1e4ca0a4a04226b65d29499201d1961cb2-62,2026-10-05T00:00:15.500Z,beam_http,large,500000,0,stratified-v0-splitmix64:full,0.016392525455969562,False,sim-r0,LANDED_OK,True,"{""id"":""sim-7dfe63d05c29c767e448370cc4a55b1e4ca0a4a04226b65d29499201d1961cb2-62"",""source"":""sim"",""config"":{""route"":""beam_http"",""tip_lamports"":""500000"",""cu_price_micro_lamports"":""0"",""cu_limit"":300000,""fee_bucket"":""zero"",""tip_tier"":""x5"",""size_class"":""large""},""policy_id"":""stratified-v0-splitmix64:full"",""assignment_prob"":0.016392525455969562,""uniform_arm"":false,""regime_id"":""sim-r0"",""sent_slot"":""1000062"",""clock_id"":""sim-clock-v1"",""send_mono_ns"":""15500000000"",""send_wall_utc"":""2026-10-05T00:00:15.500Z"",""signature"":null,""blockhash"":""synthetic-blockhash-62"",""last_valid_block_height"":""1000078"",""leader_class_next"":[{""leader"":""synthetic-leader--1"",""skip_rate_tercile"":""unknown"",""stake_tercile"":""low""}],""outcome"":""LANDED_OK"",""landed_slot"":""1000064"",""landed_block_id"":""synthetic-block-1000064"",""landed_index"":0,""landed_index_scope"":""unknown"",""observer_first_seen"":{""grpc"":{""clock_id"":""sim-clock-v1"",""mono_ns"":""16000000000"",""wall_utc"":""2026-10-05T00:00:16.000Z""}},""resolved_at_utc"":""2026-10-05T00:00:16.000Z""}"
sim,sim-7dfe63d05c29c767e448370cc4a55b1e4ca0a4a04226b65d29499201d1961cb2-63,2026-10-05T00:00:15.750Z,beam_quic,large,500000,5000,stratified-v0-splitmix64:full,0.01650858175248419,True,sim-r0,LANDED_OK,True,"{""id"":""sim-7dfe63d05c29c767e448370cc4a55b1e4ca0a4a04226b65d29499201d1961cb2-63"",""source"":""sim"",""config"":{""route"":""beam_quic"",""tip_lamports"":""500000"",""cu_price_micro_lamports"":""5000"",""cu_limit"":300000,""fee_bucket"":""local_p90"",""tip_tier"":""x5"",""size_class"":""large""},""policy_id"":""stratified-v0-splitmix64:full"",""assignment_prob"":0.01650858175248419,""uniform_arm"":true,""regime_id"":""sim-r0"",""sent_slot"":""1000063"",""clock_id"":""sim-clock-v1"",""send_mono_ns"":""15750000000"",""send_wall_utc"":""2026-10-05T00:00:15.750Z"",""signature"":null,""blockhash"":""synthetic-blockhash-63"",""last_valid_block_height"":""1000079"",""leader_class_next"":[{""leader"":""synthetic-leader-0"",""skip_rate_tercile"":""unknown"",""stake_tercile"":""middle""}],""outcome"":""LANDED_OK"",""landed_slot"":""1000064"",""landed_block_id"":""synthetic-block-1000064"",""landed_index"":0,""landed_index_scope"":""unknown"",""observer_first_seen"":{""grpc"":{""clock_id"":""sim-clock-v1"",""mono_ns"":""16000000000"",""wall_utc"":""2026-10-05T00:00:16.000Z""}},""resolved_at_utc"":""2026-10-05T00:00:16.000Z""}"
sim,sim-7dfe63d05c29c767e448370cc4a55b1e4ca0a4a04226b65d29499201d1961cb2-64,2026-10-05T00:00:16.000Z,rpc,large,0,5000,stratified-v0-splitmix64:full,0.010165242165242165,False,sim-r0,LANDED_OK,True,"{""id"":""sim-7dfe63d05c29c767e448370cc4a55b1e4ca0a4a04226b65d29499201d1961cb2-64"",""source"":""sim"",""config"":{""route"":""rpc"",""tip_lamports"":""0"",""cu_price_micro_lamports"":""5000"",""cu_limit"":300000,""fee_bucket"":""local_p90"",""tip_tier"":""none"",""size_class"":""large""},""policy_id"":""stratified-v0-splitmix64:full"",""assignment_prob"":0.010165242165242165,""uniform_arm"":false,""regime_id"":""sim-r0"",""sent_slot"":""1000064"",""clock_id"":""sim-clock-v1"",""send_mono_ns"":""16000000000"",""send_wall_utc"":""2026-10-05T00:00:16.000Z"",""signature"":null,""blockhash"":""synthetic-blockhash-64"",""last_valid_block_height"":""1000080"",""leader_class_next"":[{""leader"":""synthetic-leader-0"",""skip_rate_tercile"":""unknown"",""stake_tercile"":""middle""}],""outcome"":""LANDED_OK"",""landed_slot"":""1000066"",""landed_block_id"":""synthetic-block-1000066"",""landed_index"":0,""landed_index_scope"":""unknown"",""observer_first_seen"":{""grpc"":{""clock_id"":""sim-clock-v1"",""mono_ns"":""16500000000"",""wall_utc"":""2026-10-05T00:00:16.500Z""}},""resolved_at_utc"":""2026-10-05T00:00:16.500Z""}"
sim,sim-7dfe63d05c29c767e448370cc4a55b1e4ca0a4a04226b65d29499201d1961cb2-65,2026-10-05T00:00:16.250Z,beam_quic,large,100000,0,stratified-v0-splitmix64:full,0.010185185185185184,True,sim-r0,LANDED_OK,True,"{""id"":""sim-7dfe63d05c29c767e448370cc4a55b1e4ca0a4a04226b65d29499201d1961cb2-65"",""source"":""sim"",""config"":{""route"":""beam_quic"",""tip_lamports"":""100000"",""cu_price_micro_lamports"":""0"",""cu_limit"":300000,""fee_bucket"":""zero"",""tip_tier"":""x1"",""size_class"":""large""},""policy_id"":""stratified-v0-splitmix64:full"",""assignment_prob"":0.010185185185185184,""uniform_arm"":true,""regime_id"":""sim-r0"",""sent_slot"":""1000065"",""clock_id"":""sim-clock-v1"",""send_mono_ns"":""16250000000"",""send_wall_utc"":""2026-10-05T00:00:16.250Z"",""signature"":null,""blockhash"":""synthetic-blockhash-65"",""last_valid_block_height"":""1000081"",""leader_class_next"":[{""leader"":""synthetic-leader-0"",""skip_rate_tercile"":""unknown"",""stake_tercile"":""middle""}],""outcome"":""LANDED_OK"",""landed_slot"":""1000066"",""landed_block_id"":""synthetic-block-1000066"",""landed_index"":0,""landed_index_scope"":""unknown"",""observer_first_seen"":{""grpc"":{""clock_id"":""sim-clock-v1"",""mono_ns"":""16500000000"",""wall_utc"":""2026-10-05T00:00:16.500Z""}},""resolved_at_utc"":""2026-10-05T00:00:16.500Z""}"
sim,sim-7dfe63d05c29c767e448370cc4a55b1e4ca0a4a04226b65d29499201d1961cb2-66,2026-10-05T00:00:16.500Z,beam_quic,large,200000,5000,stratified-v0-splitmix64:full,0.008038069028781103,True,sim-r0,LANDED_OK,True,"{""id"":""sim-7dfe63d05c29c767e448370cc4a55b1e4ca0a4a04226b65d29499201d1961cb2-66"",""source"":""sim"",""config"":{""route"":""beam_quic"",""tip_lamports"":""200000"",""cu_price_micro_lamports"":""5000"",""cu_limit"":300000,""fee_bucket"":""local_p90"",""tip_tier"":""x2"",""size_class"":""large""},""policy_id"":""stratified-v0-splitmix64:full"",""assignment_prob"":0.008038069028781103,""uniform_arm"":true,""regime_id"":""sim-r0"",""sent_slot"":""1000066"",""clock_id"":""sim-clock-v1"",""send_mono_ns"":""16500000000"",""send_wall_utc"":""2026-10-05T00:00:16.500Z"",""signature"":null,""blockhash"":""synthetic-blockhash-66"",""last_valid_block_height"":""1000082"",""leader_class_next"":[{""leader"":""synthetic-leader-0"",""skip_rate_tercile"":""unknown"",""stake_tercile"":""middle""}],""outcome"":""LANDED_OK"",""landed_slot"":""1000067"",""landed_block_id"":""synthetic-block-1000067"",""landed_index"":0,""landed_index_scope"":""unknown"",""observer_first_seen"":{""grpc"":{""clock_id"":""sim-clock-v1"",""mono_ns"":""16750000000"",""wall_utc"":""2026-10-05T00:00:16.750Z""}},""resolved_at_utc"":""2026-10-05T00:00:16.750Z""}"
sim,sim-7dfe63d05c29c767e448370cc4a55b1e4ca0a4a04226b65d29499201d1961cb2-67,2026-10-05T00:00:16.750Z,beam_http,large,1000000,0,stratified-v0-splitmix64:full,0.010215331610680447,False,sim-r0,LANDED_OK,True,"{""id"":""sim-7dfe63d05c29c767e448370cc4a55b1e4ca0a4a04226b65d29499201d1961cb2-67"",""source"":""sim"",""config"":{""route"":""beam_http"",""tip_lamports"":""1000000"",""cu_price_micro_lamports"":""0"",""cu_limit"":300000,""fee_bucket"":""zero"",""tip_tier"":""x10"",""size_class"":""large""},""policy_id"":""stratified-v0-splitmix64:full"",""assignment_prob"":0.010215331610680447,""uniform_arm"":false,""regime_id"":""sim-r0"",""sent_slot"":""1000067"",""clock_id"":""sim-clock-v1"",""send_mono_ns"":""16750000000"",""send_wall_utc"":""2026-10-05T00:00:16.750Z"",""signature"":null,""blockhash"":""synthetic-blockhash-67"",""last_valid_block_height"":""1000083"",""leader_class_next"":[{""leader"":""synthetic-leader-1"",""skip_rate_tercile"":""unknown"",""stake_tercile"":""high""}],""outcome"":""LANDED_OK"",""landed_slot"":""1000068"",""landed_block_id"":""synthetic-block-1000068"",""landed_index"":0,""landed_index_scope"":""unknown"",""observer_first_seen"":{""grpc"":{""clock_id"":""sim-clock-v1"",""mono_ns"":""17000000000"",""wall_utc"":""2026-10-05T00:00:17.000Z""}},""resolved_at_utc"":""2026-10-05T00:00:17.000Z""}"
sim,sim-7dfe63d05c29c767e448370cc4a55b1e4ca0a4a04226b65d29499201d1961cb2-68,2026-10-05T00:00:17.000Z,beam_http,large,100000,5000,stratified-v0-splitmix64:full,0.016767467311790792,False,sim-r0,LANDED_OK,True,"{""id"":""sim-7dfe63d05c29c767e448370cc4a55b1e4ca0a4a04226b65d29499201d1961cb2-68"",""source"":""sim"",""config"":{""route"":""beam_http"",""tip_lamports"":""100000"",""cu_price_micro_lamports"":""5000"",""cu_limit"":300000,""fee_bucket"":""local_p90"",""tip_tier"":""x1"",""size_class"":""large""},""policy_id"":""stratified-v0-splitmix64:full"",""assignment_prob"":0.016767467311790792,""uniform_arm"":false,""regime_id"":""sim-r0"",""sent_slot"":""1000068"",""clock_id"":""sim-clock-v1"",""send_mono_ns"":""17000000000"",""send_wall_utc"":""2026-10-05T00:00:17.000Z"",""signature"":null,""blockhash"":""synthetic-blockhash-68"",""last_valid_block_height"":""1000084"",""leader_class_next"":[{""leader"":""synthetic-leader--1"",""skip_rate_tercile"":""unknown"",""stake_tercile"":""low""}],""outcome"":""LANDED_OK"",""landed_slot"":""1000069"",""landed_block_id"":""synthetic-block-1000069"",""landed_index"":0,""landed_index_scope"":""unknown"",""observer_first_seen"":{""grpc"":{""clock_id"":""sim-clock-v1"",""mono_ns"":""17250000000"",""wall_utc"":""2026-10-05T00:00:17.250Z""}},""resolved_at_utc"":""2026-10-05T00:00:17.250Z""}"
sim,sim-7dfe63d05c29c767e448370cc4a55b1e4ca0a4a04226b65d29499201d1961cb2-69,2026-10-05T00:00:17.250Z,beam_quic,medium,1000000,0,stratified-v0-splitmix64:full,0.010297110297110296,False,sim-r0,LANDED_OK,True,"{""id"":""sim-7dfe63d05c29c767e448370cc4a55b1e4ca0a4a04226b65d29499201d1961cb2-69"",""source"":""sim"",""config"":{""route"":""beam_quic"",""tip_lamports"":""1000000"",""cu_price_micro_lamports"":""0"",""cu_limit"":100000,""fee_bucket"":""zero"",""tip_tier"":""x10"",""size_class"":""medium""},""policy_id"":""stratified-v0-splitmix64:full"",""assignment_prob"":0.010297110297110296,""uniform_arm"":false,""regime_id"":""sim-r0"",""sent_slot"":""1000069"",""clock_id"":""sim-clock-v1"",""send_mono_ns"":""17250000000"",""send_wall_utc"":""2026-10-05T00:00:17.250Z"",""signature"":null,""blockhash"":""synthetic-blockhash-69"",""last_valid_block_height"":""1000085"",""leader_class_next"":[{""leader"":""synthetic-leader--1"",""skip_rate_tercile"":""unknown"",""stake_tercile"":""low""}],""outcome"":""LANDED_OK"",""landed_slot"":""1000070"",""landed_block_id"":""synthetic-block-1000070"",""landed_index"":0,""landed_index_scope"":""unknown"",""observer_first_seen"":{""grpc"":{""clock_id"":""sim-clock-v1"",""mono_ns"":""17500000000"",""wall_utc"":""2026-10-05T00:00:17.500Z""}},""resolved_at_utc"":""2026-10-05T00:00:17.500Z""}"
sim,sim-7dfe63d05c29c767e448370cc4a55b1e4ca0a4a04226b65d29499201d1961cb2-70,2026-10-05T00:00:17.500Z,beam_quic,small,100000,1000,stratified-v0-splitmix64:full,0.008113152522601341,True,sim-r0,LANDED_OK,True,"{""id"":""sim-7dfe63d05c29c767e448370cc4a55b1e4ca0a4a04226b65d29499201d1961cb2-70"",""source"":""sim"",""config"":{""route"":""beam_quic"",""tip_lamports"":""100000"",""cu_price_micro_lamports"":""1000"",""cu_limit"":25000,""fee_bucket"":""local_median"",""tip_tier"":""x1"",""size_class"":""small""},""policy_id"":""stratified-v0-splitmix64:full"",""assignment_prob"":0.008113152522601341,""uniform_arm"":true,""regime_id"":""sim-r0"",""sent_slot"":""1000070"",""clock_id"":""sim-clock-v1"",""send_mono_ns"":""17500000000"",""send_wall_utc"":""2026-10-05T00:00:17.500Z"",""signature"":null,""blockhash"":""synthetic-blockhash-70"",""last_valid_block_height"":""1000086"",""leader_class_next"":[{""leader"":""synthetic-leader--1"",""skip_rate_tercile"":""unknown"",""stake_tercile"":""low""}],""outcome"":""LANDED_OK"",""landed_slot"":""1000071"",""landed_block_id"":""synthetic-block-1000071"",""landed_index"":0,""landed_index_scope"":""unknown"",""observer_first_seen"":{""grpc"":{""clock_id"":""sim-clock-v1"",""mono_ns"":""17750000000"",""wall_utc"":""2026-10-05T00:00:17.750Z""}},""resolved_at_utc"":""2026-10-05T00:00:17.750Z""}"
sim,sim-7dfe63d05c29c767e448370cc4a55b1e4ca0a4a04226b65d29499201d1961cb2-71,2026-10-05T00:00:17.750Z,beam_quic,small,1000000,5000,stratified-v0-splitmix64:full,0.01695291506017058,False,sim-r0,LANDED_OK,True,"{""id"":""sim-7dfe63d05c29c767e448370cc4a55b1e4ca0a4a04226b65d29499201d1961cb2-71"",""source"":""sim"",""config"":{""route"":""beam_quic"",""tip_lamports"":""1000000"",""cu_price_micro_lamports"":""5000"",""cu_limit"":25000,""fee_bucket"":""local_p90"",""tip_tier"":""x10"",""size_class"":""small""},""policy_id"":""stratified-v0-splitmix64:full"",""assignment_prob"":0.01695291506017058,""uniform_arm"":false,""regime_id"":""sim-r0"",""sent_slot"":""1000071"",""clock_id"":""sim-clock-v1"",""send_mono_ns"":""17750000000"",""send_wall_utc"":""2026-10-05T00:00:17.750Z"",""signature"":null,""blockhash"":""synthetic-blockhash-71"",""last_valid_block_height"":""1000087"",""leader_class_next"":[{""leader"":""synthetic-leader-0"",""skip_rate_tercile"":""unknown"",""stake_tercile"":""middle""}],""outcome"":""LANDED_OK"",""landed_slot"":""1000072"",""landed_block_id"":""synthetic-block-1000072"",""landed_index"":0,""landed_index_scope"":""unknown"",""observer_first_seen"":{""grpc"":{""clock_id"":""sim-clock-v1"",""mono_ns"":""18000000000"",""wall_utc"":""2026-10-05T00:00:18.000Z""}},""resolved_at_utc"":""2026-10-05T00:00:18.000Z""}"
sim,sim-7dfe63d05c29c767e448370cc4a55b1e4ca0a4a04226b65d29499201d1961cb2-72,2026-10-05T00:00:18.000Z,beam_quic,medium,1000000,1000,stratified-v0-splitmix64:full,0.01707949988204765,False,sim-r0,LANDED_OK,True,"{""id"":""sim-7dfe63d05c29c767e448370cc4a55b1e4ca0a4a04226b65d29499201d1961cb2-72"",""source"":""sim"",""config"":{""route"":""beam_quic"",""tip_lamports"":""1000000"",""cu_price_micro_lamports"":""1000"",""cu_limit"":100000,""fee_bucket"":""local_median"",""tip_tier"":""x10"",""size_class"":""medium""},""policy_id"":""stratified-v0-splitmix64:full"",""assignment_prob"":0.01707949988204765,""uniform_arm"":false,""regime_id"":""sim-r0"",""sent_slot"":""1000072"",""clock_id"":""sim-clock-v1"",""send_mono_ns"":""18000000000"",""send_wall_utc"":""2026-10-05T00:00:18.000Z"",""signature"":null,""blockhash"":""synthetic-blockhash-72"",""last_valid_block_height"":""1000088"",""leader_class_next"":[{""leader"":""synthetic-leader-0"",""skip_rate_tercile"":""unknown"",""stake_tercile"":""middle""}],""outcome"":""LANDED_OK"",""landed_slot"":""1000073"",""landed_block_id"":""synthetic-block-1000073"",""landed_index"":0,""landed_index_scope"":""unknown"",""observer_first_seen"":{""grpc"":{""clock_id"":""sim-clock-v1"",""mono_ns"":""18250000000"",""wall_utc"":""2026-10-05T00:00:18.250Z""}},""resolved_at_utc"":""2026-10-05T00:00:18.250Z""}"
sim,sim-7dfe63d05c29c767e448370cc4a55b1e4ca0a4a04226b65d29499201d1961cb2-73,2026-10-05T00:00:18.250Z,beam_http,small,200000,1000,stratified-v0-splitmix64:full,0.007079909491485055,True,sim-r0,LANDED_OK,True,"{""id"":""sim-7dfe63d05c29c767e448370cc4a55b1e4ca0a4a04226b65d29499201d1961cb2-73"",""source"":""sim"",""config"":{""route"":""beam_http"",""tip_lamports"":""200000"",""cu_price_micro_lamports"":""1000"",""cu_limit"":25000,""fee_bucket"":""local_median"",""tip_tier"":""x2"",""size_class"":""small""},""policy_id"":""stratified-v0-splitmix64:full"",""assignment_prob"":0.007079909491485055,""uniform_arm"":true,""regime_id"":""sim-r0"",""sent_slot"":""1000073"",""clock_id"":""sim-clock-v1"",""send_mono_ns"":""18250000000"",""send_wall_utc"":""2026-10-05T00:00:18.250Z"",""signature"":null,""blockhash"":""synthetic-blockhash-73"",""last_valid_block_height"":""1000089"",""leader_class_next"":[{""leader"":""synthetic-leader-0"",""skip_rate_tercile"":""unknown"",""stake_tercile"":""middle""}],""outcome"":""LANDED_OK"",""landed_slot"":""1000074"",""landed_block_id"":""synthetic-block-1000074"",""landed_index"":0,""landed_index_scope"":""unknown"",""observer_first_seen"":{""grpc"":{""clock_id"":""sim-clock-v1"",""mono_ns"":""18500000000"",""wall_utc"":""2026-10-05T00:00:18.500Z""}},""resolved_at_utc"":""2026-10-05T00:00:18.500Z""}"
sim,sim-7dfe63d05c29c767e448370cc4a55b1e4ca0a4a04226b65d29499201d1961cb2-74,2026-10-05T00:00:18.500Z,beam_http,small,100000,0,stratified-v0-splitmix64:full,0.010462635148827617,False,sim-r0,LANDED_OK,True,"{""id"":""sim-7dfe63d05c29c767e448370cc4a55b1e4ca0a4a04226b65d29499201d1961cb2-74"",""source"":""sim"",""config"":{""route"":""beam_http"",""tip_lamports"":""100000"",""cu_price_micro_lamports"":""0"",""cu_limit"":25000,""fee_bucket"":""zero"",""tip_tier"":""x1"",""size_class"":""small""},""policy_id"":""stratified-v0-splitmix64:full"",""assignment_prob"":0.010462635148827617,""uniform_arm"":false,""regime_id"":""sim-r0"",""sent_slot"":""1000074"",""clock_id"":""sim-clock-v1"",""send_mono_ns"":""18500000000"",""send_wall_utc"":""2026-10-05T00:00:18.500Z"",""signature"":null,""blockhash"":""synthetic-blockhash-74"",""last_valid_block_height"":""1000090"",""leader_class_next"":[{""leader"":""synthetic-leader-1"",""skip_rate_tercile"":""unknown"",""stake_tercile"":""high""}],""outcome"":""LANDED_OK"",""landed_slot"":""1000076"",""landed_block_id"":""synthetic-block-1000076"",""landed_index"":0,""landed_index_scope"":""unknown"",""observer_first_seen"":{""grpc"":{""clock_id"":""sim-clock-v1"",""mono_ns"":""19000000000"",""wall_utc"":""2026-10-05T00:00:19.000Z""}},""resolved_at_utc"":""2026-10-05T00:00:19.000Z""}"
sim,sim-7dfe63d05c29c767e448370cc4a55b1e4ca0a4a04226b65d29499201d1961cb2-75,2026-10-05T00:00:18.750Z,beam_http,medium,500000,1000,stratified-v0-splitmix64:full,0.010484459273610065,True,sim-r0,LANDED_OK,True,"{""id"":""sim-7dfe63d05c29c767e448370cc4a55b1e4ca0a4a04226b65d29499201d1961cb2-75"",""source"":""sim"",""config"":{""route"":""beam_http"",""tip_lamports"":""500000"",""cu_price_micro_lamports"":""1000"",""cu_limit"":100000,""fee_bucket"":""local_median"",""tip_tier"":""x5"",""size_class"":""medium""},""policy_id"":""stratified-v0-splitmix64:full"",""assignment_prob"":0.010484459273610065,""uniform_arm"":true,""regime_id"":""sim-r0"",""sent_slot"":""1000075"",""clock_id"":""sim-clock-v1"",""send_mono_ns"":""18750000000"",""send_wall_utc"":""2026-10-05T00:00:18.750Z"",""signature"":null,""blockhash"":""synthetic-blockhash-75"",""last_valid_block_height"":""1000091"",""leader_class_next"":[{""leader"":""synthetic-leader--1"",""skip_rate_tercile"":""unknown"",""stake_tercile"":""low""}],""outcome"":""LANDED_OK"",""landed_slot"":""1000077"",""landed_block_id"":""synthetic-block-1000077"",""landed_index"":0,""landed_index_scope"":""unknown"",""observer_first_seen"":{""grpc"":{""clock_id"":""sim-clock-v1"",""mono_ns"":""19250000000"",""wall_utc"":""2026-10-05T00:00:19.250Z""}},""resolved_at_utc"":""2026-10-05T00:00:19.250Z""}"
sim,sim-7dfe63d05c29c767e448370cc4a55b1e4ca0a4a04226b65d29499201d1961cb2-76,2026-10-05T00:00:19.000Z,beam_http,medium,200000,0,stratified-v0-splitmix64:full,0.01730914588057445,False,sim-r0,LANDED_OK,True,"{""id"":""sim-7dfe63d05c29c767e448370cc4a55b1e4ca0a4a04226b65d29499201d1961cb2-76"",""source"":""sim"",""config"":{""route"":""beam_http"",""tip_lamports"":""200000"",""cu_price_micro_lamports"":""0"",""cu_limit"":100000,""fee_bucket"":""zero"",""tip_tier"":""x2"",""size_class"":""medium""},""policy_id"":""stratified-v0-splitmix64:full"",""assignment_prob"":0.01730914588057445,""uniform_arm"":false,""regime_id"":""sim-r0"",""sent_slot"":""1000076"",""clock_id"":""sim-clock-v1"",""send_mono_ns"":""19000000000"",""send_wall_utc"":""2026-10-05T00:00:19.000Z"",""signature"":null,""blockhash"":""synthetic-blockhash-76"",""last_valid_block_height"":""1000092"",""leader_class_next"":[{""leader"":""synthetic-leader--1"",""skip_rate_tercile"":""unknown"",""stake_tercile"":""low""}],""outcome"":""LANDED_OK"",""landed_slot"":""1000079"",""landed_block_id"":""synthetic-block-1000079"",""landed_index"":0,""landed_index_scope"":""unknown"",""observer_first_seen"":{""grpc"":{""clock_id"":""sim-clock-v1"",""mono_ns"":""19750000000"",""wall_utc"":""2026-10-05T00:00:19.750Z""}},""resolved_at_utc"":""2026-10-05T00:00:19.750Z""}"
sim,sim-7dfe63d05c29c767e448370cc4a55b1e4ca0a4a04226b65d29499201d1961cb2-77,2026-10-05T00:00:19.250Z,beam_http,small,100000,0,stratified-v0-splitmix64:full,0.008283356958528694,True,sim-r0,LANDED_OK,True,"{""id"":""sim-7dfe63d05c29c767e448370cc4a55b1e4ca0a4a04226b65d29499201d1961cb2-77"",""source"":""sim"",""config"":{""route"":""beam_http"",""tip_lamports"":""100000"",""cu_price_micro_lamports"":""0"",""cu_limit"":25000,""fee_bucket"":""zero"",""tip_tier"":""x1"",""size_class"":""small""},""policy_id"":""stratified-v0-splitmix64:full"",""assignment_prob"":0.008283356958528694,""uniform_arm"":true,""regime_id"":""sim-r0"",""sent_slot"":""1000077"",""clock_id"":""sim-clock-v1"",""send_mono_ns"":""19250000000"",""send_wall_utc"":""2026-10-05T00:00:19.250Z"",""signature"":null,""blockhash"":""synthetic-blockhash-77"",""last_valid_block_height"":""1000093"",""leader_class_next"":[{""leader"":""synthetic-leader-1"",""skip_rate_tercile"":""unknown"",""stake_tercile"":""high""}],""outcome"":""LANDED_OK"",""landed_slot"":""1000078"",""landed_block_id"":""synthetic-block-1000078"",""landed_index"":0,""landed_index_scope"":""unknown"",""observer_first_seen"":{""grpc"":{""clock_id"":""sim-clock-v1"",""mono_ns"":""19500000000"",""wall_utc"":""2026-10-05T00:00:19.500Z""}},""resolved_at_utc"":""2026-10-05T00:00:19.500Z""}"
sim,sim-7dfe63d05c29c767e448370cc4a55b1e4ca0a4a04226b65d29499201d1961cb2-78,2026-10-05T00:00:19.500Z,beam_http,large,1000000,1000,stratified-v0-splitmix64:full,0.01746517159361196,False,sim-r0,LANDED_OK,True,"{""id"":""sim-7dfe63d05c29c767e448370cc4a55b1e4ca0a4a04226b65d29499201d1961cb2-78"",""source"":""sim"",""config"":{""route"":""beam_http"",""tip_lamports"":""1000000"",""cu_price_micro_lamports"":""1000"",""cu_limit"":300000,""fee_bucket"":""local_median"",""tip_tier"":""x10"",""size_class"":""large""},""policy_id"":""stratified-v0-splitmix64:full"",""assignment_prob"":0.01746517159361196,""uniform_arm"":false,""regime_id"":""sim-r0"",""sent_slot"":""1000078"",""clock_id"":""sim-clock-v1"",""send_mono_ns"":""19500000000"",""send_wall_utc"":""2026-10-05T00:00:19.500Z"",""signature"":null,""blockhash"":""synthetic-blockhash-78"",""last_valid_block_height"":""1000094"",""leader_class_next"":[{""leader"":""synthetic-leader--1"",""skip_rate_tercile"":""unknown"",""stake_tercile"":""low""}],""outcome"":""LANDED_OK"",""landed_slot"":""1000079"",""landed_block_id"":""synthetic-block-1000079"",""landed_index"":0,""landed_index_scope"":""unknown"",""observer_first_seen"":{""grpc"":{""clock_id"":""sim-clock-v1"",""mono_ns"":""19750000000"",""wall_utc"":""2026-10-05T00:00:19.750Z""}},""resolved_at_utc"":""2026-10-05T00:00:19.750Z""}"
sim,sim-7dfe63d05c29c767e448370cc4a55b1e4ca0a4a04226b65d29499201d1961cb2-79,2026-10-05T00:00:19.750Z,beam_quic,small,500000,1000,stratified-v0-splitmix64:full,0.01065274407431919,False,sim-r0,LANDED_OK,True,"{""id"":""sim-7dfe63d05c29c767e448370cc4a55b1e4ca0a4a04226b65d29499201d1961cb2-79"",""source"":""sim"",""config"":{""route"":""beam_quic"",""tip_lamports"":""500000"",""cu_price_micro_lamports"":""1000"",""cu_limit"":25000,""fee_bucket"":""local_median"",""tip_tier"":""x5"",""size_class"":""small""},""policy_id"":""stratified-v0-splitmix64:full"",""assignment_prob"":0.01065274407431919,""uniform_arm"":false,""regime_id"":""sim-r0"",""sent_slot"":""1000079"",""clock_id"":""sim-clock-v1"",""send_mono_ns"":""19750000000"",""send_wall_utc"":""2026-10-05T00:00:19.750Z"",""signature"":null,""blockhash"":""synthetic-blockhash-79"",""last_valid_block_height"":""1000095"",""leader_class_next"":[{""leader"":""synthetic-leader-1"",""skip_rate_tercile"":""unknown"",""stake_tercile"":""high""}],""outcome"":""LANDED_OK"",""landed_slot"":""1000080"",""landed_block_id"":""synthetic-block-1000080"",""landed_index"":0,""landed_index_scope"":""unknown"",""observer_first_seen"":{""grpc"":{""clock_id"":""sim-clock-v1"",""mono_ns"":""20000000000"",""wall_utc"":""2026-10-05T00:00:20.000Z""}},""resolved_at_utc"":""2026-10-05T00:00:20.000Z""}"
sim,sim-7dfe63d05c29c767e448370cc4a55b1e4ca0a4a04226b65d29499201d1961cb2-80,2026-10-05T00:00:20.000Z,beam_http,small,500000,1000,stratified-v0-splitmix64:full,0.010675815257488563,True,sim-r0,LANDED_OK,True,"{""id"":""sim-7dfe63d05c29c767e448370cc4a55b1e4ca0a4a04226b65d29499201d1961cb2-80"",""source"":""sim"",""config"":{""route"":""beam_http"",""tip_lamports"":""500000"",""cu_price_micro_lamports"":""1000"",""cu_limit"":25000,""fee_bucket"":""local_median"",""tip_tier"":""x5"",""size_class"":""small""},""policy_id"":""stratified-v0-splitmix64:full"",""assignment_prob"":0.010675815257488563,""uniform_arm"":true,""regime_id"":""sim-r0"",""sent_slot"":""1000080"",""clock_id"":""sim-clock-v1"",""send_mono_ns"":""20000000000"",""send_wall_utc"":""2026-10-05T00:00:20.000Z"",""signature"":null,""blockhash"":""synthetic-blockhash-80"",""last_valid_block_height"":""1000096"",""leader_class_next"":[{""leader"":""synthetic-leader-1"",""skip_rate_tercile"":""unknown"",""stake_tercile"":""high""}],""outcome"":""LANDED_OK"",""landed_slot"":""1000081"",""landed_block_id"":""synthetic-block-1000081"",""landed_index"":0,""landed_index_scope"":""unknown"",""observer_first_seen"":{""grpc"":{""clock_id"":""sim-clock-v1"",""mono_ns"":""20250000000"",""wall_utc"":""2026-10-05T00:00:20.250Z""}},""resolved_at_utc"":""2026-10-05T00:00:20.250Z""}"
sim,sim-7dfe63d05c29c767e448370cc4a55b1e4ca0a4a04226b65d29499201d1961cb2-81,2026-10-05T00:00:20.250Z,beam_quic,large,100000,0,stratified-v0-splitmix64:full,0.008367261331951537,False,sim-r0,LANDED_OK,True,"{""id"":""sim-7dfe63d05c29c767e448370cc4a55b1e4ca0a4a04226b65d29499201d1961cb2-81"",""source"":""sim"",""config"":{""route"":""beam_quic"",""tip_lamports"":""100000"",""cu_price_micro_lamports"":""0"",""cu_limit"":300000,""fee_bucket"":""zero"",""tip_tier"":""x1"",""size_class"":""large""},""policy_id"":""stratified-v0-splitmix64:full"",""assignment_prob"":0.008367261331951537,""uniform_arm"":false,""regime_id"":""sim-r0"",""sent_slot"":""1000081"",""clock_id"":""sim-clock-v1"",""send_mono_ns"":""20250000000"",""send_wall_utc"":""2026-10-05T00:00:20.250Z"",""signature"":null,""blockhash"":""synthetic-blockhash-81"",""last_valid_block_height"":""1000097"",""leader_class_next"":[{""leader"":""synthetic-leader--1"",""skip_rate_tercile"":""unknown"",""stake_tercile"":""low""}],""outcome"":""LANDED_OK"",""landed_slot"":""1000084"",""landed_block_id"":""synthetic-block-1000084"",""landed_index"":0,""landed_index_scope"":""unknown"",""observer_first_seen"":{""grpc"":{""clock_id"":""sim-clock-v1"",""mono_ns"":""21000000000"",""wall_utc"":""2026-10-05T00:00:21.000Z""}},""resolved_at_utc"":""2026-10-05T00:00:21.000Z""}"
sim,sim-7dfe63d05c29c767e448370cc4a55b1e4ca0a4a04226b65d29499201d1961cb2-82,2026-10-05T00:00:20.500Z,beam_http,large,500000,1000,stratified-v0-splitmix64:full,0.010710710710710709,False,sim-r0,LANDED_OK,True,"{""id"":""sim-7dfe63d05c29c767e448370cc4a55b1e4ca0a4a04226b65d29499201d1961cb2-82"",""source"":""sim"",""config"":{""route"":""beam_http"",""tip_lamports"":""500000"",""cu_price_micro_lamports"":""1000"",""cu_limit"":300000,""fee_bucket"":""local_median"",""tip_tier"":""x5"",""size_class"":""large""},""policy_id"":""stratified-v0-splitmix64:full"",""assignment_prob"":0.010710710710710709,""uniform_arm"":false,""regime_id"":""sim-r0"",""sent_slot"":""1000082"",""clock_id"":""sim-clock-v1"",""send_mono_ns"":""20500000000"",""send_wall_utc"":""2026-10-05T00:00:20.500Z"",""signature"":null,""blockhash"":""synthetic-blockhash-82"",""last_valid_block_height"":""1000098"",""leader_class_next"":[{""leader"":""synthetic-leader--1"",""skip_rate_tercile"":""unknown"",""stake_tercile"":""low""}],""outcome"":""LANDED_OK"",""landed_slot"":""1000084"",""landed_block_id"":""synthetic-block-1000084"",""landed_index"":0,""landed_index_scope"":""unknown"",""observer_first_seen"":{""grpc"":{""clock_id"":""sim-clock-v1"",""mono_ns"":""21000000000"",""wall_utc"":""2026-10-05T00:00:21.000Z""}},""resolved_at_utc"":""2026-10-05T00:00:21.000Z""}"
sim,sim-7dfe63d05c29c767e448370cc4a55b1e4ca0a4a04226b65d29499201d1961cb2-83,2026-10-05T00:00:20.750Z,beam_http,large,1000000,5000,stratified-v0-splitmix64:full,0.01073416905355305,True,sim-r0,LANDED_OK,True,"{""id"":""sim-7dfe63d05c29c767e448370cc4a55b1e4ca0a4a04226b65d29499201d1961cb2-83"",""source"":""sim"",""config"":{""route"":""beam_http"",""tip_lamports"":""1000000"",""cu_price_micro_lamports"":""5000"",""cu_limit"":300000,""fee_bucket"":""local_p90"",""tip_tier"":""x10"",""size_class"":""large""},""policy_id"":""stratified-v0-splitmix64:full"",""assignment_prob"":0.01073416905355305,""uniform_arm"":true,""regime_id"":""sim-r0"",""sent_slot"":""1000083"",""clock_id"":""sim-clock-v1"",""send_mono_ns"":""20750000000"",""send_wall_utc"":""2026-10-05T00:00:20.750Z"",""signature"":null,""blockhash"":""synthetic-blockhash-83"",""last_valid_block_height"":""1000099"",""leader_class_next"":[{""leader"":""synthetic-leader-0"",""skip_rate_tercile"":""unknown"",""stake_tercile"":""middle""}],""outcome"":""LANDED_OK"",""landed_slot"":""1000084"",""landed_block_id"":""synthetic-block-1000084"",""landed_index"":0,""landed_index_scope"":""unknown"",""observer_first_seen"":{""grpc"":{""clock_id"":""sim-clock-v1"",""mono_ns"":""21000000000"",""wall_utc"":""2026-10-05T00:00:21.000Z""}},""resolved_at_utc"":""2026-10-05T00:00:21.000Z""}"
sim,sim-7dfe63d05c29c767e448370cc4a55b1e4ca0a4a04226b65d29499201d1961cb2-84,2026-10-05T00:00:21.000Z,beam_quic,small,1000000,1000,stratified-v0-splitmix64:full,0.008406424563629802,False,sim-r0,LANDED_OK,True,"{""id"":""sim-7dfe63d05c29c767e448370cc4a55b1e4ca0a4a04226b65d29499201d1961cb2-84"",""source"":""sim"",""config"":{""route"":""beam_quic"",""tip_lamports"":""1000000"",""cu_price_micro_lamports"":""1000"",""cu_limit"":25000,""fee_bucket"":""local_median"",""tip_tier"":""x10"",""size_class"":""small""},""policy_id"":""stratified-v0-splitmix64:full"",""assignment_prob"":0.008406424563629802,""uniform_arm"":false,""regime_id"":""sim-r0"",""sent_slot"":""1000084"",""clock_id"":""sim-clock-v1"",""send_mono_ns"":""21000000000"",""send_wall_utc"":""2026-10-05T00:00:21.000Z"",""signature"":null,""blockhash"":""synthetic-blockhash-84"",""last_valid_block_height"":""1000100"",""leader_class_next"":[{""leader"":""synthetic-leader-0"",""skip_rate_tercile"":""unknown"",""stake_tercile"":""middle""}],""outcome"":""LANDED_OK"",""landed_slot"":""1000085"",""landed_block_id"":""synthetic-block-1000085"",""landed_index"":0,""landed_index_scope"":""unknown"",""observer_first_seen"":{""grpc"":{""clock_id"":""sim-clock-v1"",""mono_ns"":""21250000000"",""wall_utc"":""2026-10-05T00:00:21.250Z""}},""resolved_at_utc"":""2026-10-05T00:00:21.250Z""}"
sim,sim-7dfe63d05c29c767e448370cc4a55b1e4ca0a4a04226b65d29499201d1961cb2-85,2026-10-05T00:00:21.250Z,beam_http,large,100000,1000,stratified-v0-splitmix64:full,0.010769652559692934,True,sim-r0,LANDED_OK,True,"{""id"":""sim-7dfe63d05c29c767e448370cc4a55b1e4ca0a4a04226b65d29499201d1961cb2-85"",""source"":""sim"",""config"":{""route"":""beam_http"",""tip_lamports"":""100000"",""cu_price_micro_lamports"":""1000"",""cu_limit"":300000,""fee_bucket"":""local_median"",""tip_tier"":""x1"",""size_class"":""large""},""policy_id"":""stratified-v0-splitmix64:full"",""assignment_prob"":0.010769652559692934,""uniform_arm"":true,""regime_id"":""sim-r0"",""sent_slot"":""1000085"",""clock_id"":""sim-clock-v1"",""send_mono_ns"":""21250000000"",""send_wall_utc"":""2026-10-05T00:00:21.250Z"",""signature"":null,""blockhash"":""synthetic-blockhash-85"",""last_valid_block_height"":""1000101"",""leader_class_next"":[{""leader"":""synthetic-leader--1"",""skip_rate_tercile"":""unknown"",""stake_tercile"":""low""}],""outcome"":""LANDED_OK"",""landed_slot"":""1000086"",""landed_block_id"":""synthetic-block-1000086"",""landed_index"":0,""landed_index_scope"":""unknown"",""observer_first_seen"":{""grpc"":{""clock_id"":""sim-clock-v1"",""mono_ns"":""21500000000"",""wall_utc"":""2026-10-05T00:00:21.500Z""}},""resolved_at_utc"":""2026-10-05T00:00:21.500Z""}"
sim,sim-7dfe63d05c29c767e448370cc4a55b1e4ca0a4a04226b65d29499201d1961cb2-86,2026-10-05T00:00:21.500Z,beam_http,small,100000,1000,stratified-v0-splitmix64:full,0.00843023982794408,True,sim-r0,LANDED_OK,True,"{""id"":""sim-7dfe63d05c29c767e448370cc4a55b1e4ca0a4a04226b65d29499201d1961cb2-86"",""source"":""sim"",""config"":{""route"":""beam_http"",""tip_lamports"":""100000"",""cu_price_micro_lamports"":""1000"",""cu_limit"":25000,""fee_bucket"":""local_median"",""tip_tier"":""x1"",""size_class"":""small""},""policy_id"":""stratified-v0-splitmix64:full"",""assignment_prob"":0.00843023982794408,""uniform_arm"":true,""regime_id"":""sim-r0"",""sent_slot"":""1000086"",""clock_id"":""sim-clock-v1"",""send_mono_ns"":""21500000000"",""send_wall_utc"":""2026-10-05T00:00:21.500Z"",""signature"":null,""blockhash"":""synthetic-blockhash-86"",""last_valid_block_height"":""1000102"",""leader_class_next"":[{""leader"":""synthetic-leader-0"",""skip_rate_tercile"":""unknown"",""stake_tercile"":""middle""}],""outcome"":""LANDED_OK"",""landed_slot"":""1000088"",""landed_block_id"":""synthetic-block-1000088"",""landed_index"":0,""landed_index_scope"":""unknown"",""observer_first_seen"":{""grpc"":{""clock_id"":""sim-clock-v1"",""mono_ns"":""22000000000"",""wall_utc"":""2026-10-05T00:00:22.000Z""}},""resolved_at_utc"":""2026-10-05T00:00:22.000Z""}"
sim,sim-7dfe63d05c29c767e448370cc4a55b1e4ca0a4a04226b65d29499201d1961cb2-87,2026-10-05T00:00:21.750Z,beam_http,large,1000000,0,stratified-v0-splitmix64:full,0.008438231941782837,True,sim-r0,LANDED_OK,True,"{""id"":""sim-7dfe63d05c29c767e448370cc4a55b1e4ca0a4a04226b65d29499201d1961cb2-87"",""source"":""sim"",""config"":{""route"":""beam_http"",""tip_lamports"":""1000000"",""cu_price_micro_lamports"":""0"",""cu_limit"":300000,""fee_bucket"":""zero"",""tip_tier"":""x10"",""size_class"":""large""},""policy_id"":""stratified-v0-splitmix64:full"",""assignment_prob"":0.008438231941782837,""uniform_arm"":true,""regime_id"":""sim-r0"",""sent_slot"":""1000087"",""clock_id"":""sim-clock-v1"",""send_mono_ns"":""21750000000"",""send_wall_utc"":""2026-10-05T00:00:21.750Z"",""signature"":null,""blockhash"":""synthetic-blockhash-87"",""last_valid_block_height"":""1000103"",""leader_class_next"":[{""leader"":""synthetic-leader--1"",""skip_rate_tercile"":""unknown"",""stake_tercile"":""low""}],""outcome"":""LANDED_OK"",""landed_slot"":""1000088"",""landed_block_id"":""synthetic-block-1000088"",""landed_index"":0,""landed_index_scope"":""unknown"",""observer_first_seen"":{""grpc"":{""clock_id"":""sim-clock-v1"",""mono_ns"":""22000000000"",""wall_utc"":""2026-10-05T00:00:22.000Z""}},""resolved_at_utc"":""2026-10-05T00:00:22.000Z""}"
sim,sim-7dfe63d05c29c767e448370cc4a55b1e4ca0a4a04226b65d29499201d1961cb2-88,2026-10-05T00:00:22.000Z,rpc,small,0,5000,stratified-v0-splitmix64:full,0.017931345980126464,False,sim-r0,LANDED_OK,True,"{""id"":""sim-7dfe63d05c29c767e448370cc4a55b1e4ca0a4a04226b65d29499201d1961cb2-88"",""source"":""sim"",""config"":{""route"":""rpc"",""tip_lamports"":""0"",""cu_price_micro_lamports"":""5000"",""cu_limit"":25000,""fee_bucket"":""local_p90"",""tip_tier"":""none"",""size_class"":""small""},""policy_id"":""stratified-v0-splitmix64:full"",""assignment_prob"":0.017931345980126464,""uniform_arm"":false,""regime_id"":""sim-r0"",""sent_slot"":""1000088"",""clock_id"":""sim-clock-v1"",""send_mono_ns"":""22000000000"",""send_wall_utc"":""2026-10-05T00:00:22.000Z"",""signature"":null,""blockhash"":""synthetic-blockhash-88"",""last_valid_block_height"":""1000104"",""leader_class_next"":[{""leader"":""synthetic-leader--1"",""skip_rate_tercile"":""unknown"",""stake_tercile"":""low""}],""outcome"":""LANDED_OK"",""landed_slot"":""1000090"",""landed_block_id"":""synthetic-block-1000090"",""landed_index"":0,""landed_index_scope"":""unknown"",""observer_first_seen"":{""grpc"":{""clock_id"":""sim-clock-v1"",""mono_ns"":""22500000000"",""wall_utc"":""2026-10-05T00:00:22.500Z""}},""resolved_at_utc"":""2026-10-05T00:00:22.500Z""}"
sim,sim-7dfe63d05c29c767e448370cc4a55b1e4ca0a4a04226b65d29499201d1961cb2-89,2026-10-05T00:00:22.250Z,beam_http,large,500000,5000,stratified-v0-splitmix64:full,0.018077420336147232,False,sim-r0,LANDED_OK,True,"{""id"":""sim-7dfe63d05c29c767e448370cc4a55b1e4ca0a4a04226b65d29499201d1961cb2-89"",""source"":""sim"",""config"":{""route"":""beam_http"",""tip_lamports"":""500000"",""cu_price_micro_lamports"":""5000"",""cu_limit"":300000,""fee_bucket"":""local_p90"",""tip_tier"":""x5"",""size_class"":""large""},""policy_id"":""stratified-v0-splitmix64:full"",""assignment_prob"":0.018077420336147232,""uniform_arm"":false,""regime_id"":""sim-r0"",""sent_slot"":""1000089"",""clock_id"":""sim-clock-v1"",""send_mono_ns"":""22250000000"",""send_wall_utc"":""2026-10-05T00:00:22.250Z"",""signature"":null,""blockhash"":""synthetic-blockhash-89"",""last_valid_block_height"":""1000105"",""leader_class_next"":[{""leader"":""synthetic-leader--1"",""skip_rate_tercile"":""unknown"",""stake_tercile"":""low""}],""outcome"":""LANDED_OK"",""landed_slot"":""1000090"",""landed_block_id"":""synthetic-block-1000090"",""landed_index"":0,""landed_index_scope"":""unknown"",""observer_first_seen"":{""grpc"":{""clock_id"":""sim-clock-v1"",""mono_ns"":""22500000000"",""wall_utc"":""2026-10-05T00:00:22.500Z""}},""resolved_at_utc"":""2026-10-05T00:00:22.500Z""}"
sim,sim-7dfe63d05c29c767e448370cc4a55b1e4ca0a4a04226b65d29499201d1961cb2-90,2026-10-05T00:00:22.500Z,beam_quic,medium,500000,0,stratified-v0-splitmix64:full,0.018226525280467185,False,sim-r0,LANDED_OK,True,"{""id"":""sim-7dfe63d05c29c767e448370cc4a55b1e4ca0a4a04226b65d29499201d1961cb2-90"",""source"":""sim"",""config"":{""route"":""beam_quic"",""tip_lamports"":""500000"",""cu_price_micro_lamports"":""0"",""cu_limit"":100000,""fee_bucket"":""zero"",""tip_tier"":""x5"",""size_class"":""medium""},""policy_id"":""stratified-v0-splitmix64:full"",""assignment_prob"":0.018226525280467185,""uniform_arm"":false,""regime_id"":""sim-r0"",""sent_slot"":""1000090"",""clock_id"":""sim-clock-v1"",""send_mono_ns"":""22500000000"",""send_wall_utc"":""2026-10-05T00:00:22.500Z"",""signature"":null,""blockhash"":""synthetic-blockhash-90"",""last_valid_block_height"":""1000106"",""leader_class_next"":[{""leader"":""synthetic-leader--1"",""skip_rate_tercile"":""unknown"",""stake_tercile"":""low""}],""outcome"":""LANDED_OK"",""landed_slot"":""1000091"",""landed_block_id"":""synthetic-block-1000091"",""landed_index"":0,""landed_index_scope"":""unknown"",""observer_first_seen"":{""grpc"":{""clock_id"":""sim-clock-v1"",""mono_ns"":""22750000000"",""wall_utc"":""2026-10-05T00:00:22.750Z""}},""resolved_at_utc"":""2026-10-05T00:00:22.750Z""}"
sim,sim-7dfe63d05c29c767e448370cc4a55b1e4ca0a4a04226b65d29499201d1961cb2-91,2026-10-05T00:00:22.750Z,beam_http,large,200000,0,stratified-v0-splitmix64:full,0.018378756114605165,False,sim-r0,LANDED_OK,True,"{""id"":""sim-7dfe63d05c29c767e448370cc4a55b1e4ca0a4a04226b65d29499201d1961cb2-91"",""source"":""sim"",""config"":{""route"":""beam_http"",""tip_lamports"":""200000"",""cu_price_micro_lamports"":""0"",""cu_limit"":300000,""fee_bucket"":""zero"",""tip_tier"":""x2"",""size_class"":""large""},""policy_id"":""stratified-v0-splitmix64:full"",""assignment_prob"":0.018378756114605165,""uniform_arm"":false,""regime_id"":""sim-r0"",""sent_slot"":""1000091"",""clock_id"":""sim-clock-v1"",""send_mono_ns"":""22750000000"",""send_wall_utc"":""2026-10-05T00:00:22.750Z"",""signature"":null,""blockhash"":""synthetic-blockhash-91"",""last_valid_block_height"":""1000107"",""leader_class_next"":[{""leader"":""synthetic-leader--1"",""skip_rate_tercile"":""unknown"",""stake_tercile"":""low""}],""outcome"":""LANDED_OK"",""landed_slot"":""1000092"",""landed_block_id"":""synthetic-block-1000092"",""landed_index"":0,""landed_index_scope"":""unknown"",""observer_first_seen"":{""grpc"":{""clock_id"":""sim-clock-v1"",""mono_ns"":""23000000000"",""wall_utc"":""2026-10-05T00:00:23.000Z""}},""resolved_at_utc"":""2026-10-05T00:00:23.000Z""}"
sim,sim-7dfe63d05c29c767e448370cc4a55b1e4ca0a4a04226b65d29499201d1961cb2-92,2026-10-05T00:00:23.000Z,beam_http,large,500000,1000,stratified-v0-splitmix64:full,0.008647206528562459,True,sim-r0,LANDED_OK,True,"{""id"":""sim-7dfe63d05c29c767e448370cc4a55b1e4ca0a4a04226b65d29499201d1961cb2-92"",""source"":""sim"",""config"":{""route"":""beam_http"",""tip_lamports"":""500000"",""cu_price_micro_lamports"":""1000"",""cu_limit"":300000,""fee_bucket"":""local_median"",""tip_tier"":""x5"",""size_class"":""large""},""policy_id"":""stratified-v0-splitmix64:full"",""assignment_prob"":0.008647206528562459,""uniform_arm"":true,""regime_id"":""sim-r0"",""sent_slot"":""1000092"",""clock_id"":""sim-clock-v1"",""send_mono_ns"":""23000000000"",""send_wall_utc"":""2026-10-05T00:00:23.000Z"",""signature"":null,""blockhash"":""synthetic-blockhash-92"",""last_valid_block_height"":""1000108"",""leader_class_next"":[{""leader"":""synthetic-leader-0"",""skip_rate_tercile"":""unknown"",""stake_tercile"":""middle""}],""outcome"":""LANDED_OK"",""landed_slot"":""1000095"",""landed_block_id"":""synthetic-block-1000095"",""landed_index"":0,""landed_index_scope"":""unknown"",""observer_first_seen"":{""grpc"":{""clock_id"":""sim-clock-v1"",""mono_ns"":""23750000000"",""wall_utc"":""2026-10-05T00:00:23.750Z""}},""resolved_at_utc"":""2026-10-05T00:00:23.750Z""}"
sim,sim-7dfe63d05c29c767e448370cc4a55b1e4ca0a4a04226b65d29499201d1961cb2-93,2026-10-05T00:00:23.250Z,beam_quic,large,1000000,1000,stratified-v0-splitmix64:full,0.011132072999777278,True,sim-r0,LANDED_OK,True,"{""id"":""sim-7dfe63d05c29c767e448370cc4a55b1e4ca0a4a04226b65d29499201d1961cb2-93"",""source"":""sim"",""config"":{""route"":""beam_quic"",""tip_lamports"":""1000000"",""cu_price_micro_lamports"":""1000"",""cu_limit"":300000,""fee_bucket"":""local_median"",""tip_tier"":""x10"",""size_class"":""large""},""policy_id"":""stratified-v0-splitmix64:full"",""assignment_prob"":0.011132072999777278,""uniform_arm"":true,""regime_id"":""sim-r0"",""sent_slot"":""1000093"",""clock_id"":""sim-clock-v1"",""send_mono_ns"":""23250000000"",""send_wall_utc"":""2026-10-05T00:00:23.250Z"",""signature"":null,""blockhash"":""synthetic-blockhash-93"",""last_valid_block_height"":""1000109"",""leader_class_next"":[{""leader"":""synthetic-leader-0"",""skip_rate_tercile"":""unknown"",""stake_tercile"":""middle""}],""outcome"":""LANDED_OK"",""landed_slot"":""1000094"",""landed_block_id"":""synthetic-block-1000094"",""landed_index"":0,""landed_index_scope"":""unknown"",""observer_first_seen"":{""grpc"":{""clock_id"":""sim-clock-v1"",""mono_ns"":""23500000000"",""wall_utc"":""2026-10-05T00:00:23.500Z""}},""resolved_at_utc"":""2026-10-05T00:00:23.500Z""}"
sim,sim-7dfe63d05c29c767e448370cc4a55b1e4ca0a4a04226b65d29499201d1961cb2-94,2026-10-05T00:00:23.500Z,beam_http,large,500000,5000,stratified-v0-splitmix64:full,0.011158442787835758,False,sim-r0,LANDED_OK,True,"{""id"":""sim-7dfe63d05c29c767e448370cc4a55b1e4ca0a4a04226b65d29499201d1961cb2-94"",""source"":""sim"",""config"":{""route"":""beam_http"",""tip_lamports"":""500000"",""cu_price_micro_lamports"":""5000"",""cu_limit"":300000,""fee_bucket"":""local_p90"",""tip_tier"":""x5"",""size_class"":""large""},""policy_id"":""stratified-v0-splitmix64:full"",""assignment_prob"":0.011158442787835758,""uniform_arm"":false,""regime_id"":""sim-r0"",""sent_slot"":""1000094"",""clock_id"":""sim-clock-v1"",""send_mono_ns"":""23500000000"",""send_wall_utc"":""2026-10-05T00:00:23.500Z"",""signature"":null,""blockhash"":""synthetic-blockhash-94"",""last_valid_block_height"":""1000110"",""leader_class_next"":[{""leader"":""synthetic-leader-0"",""skip_rate_tercile"":""unknown"",""stake_tercile"":""middle""}],""outcome"":""LANDED_OK"",""landed_slot"":""1000095"",""landed_block_id"":""synthetic-block-1000095"",""landed_index"":0,""landed_index_scope"":""unknown"",""observer_first_seen"":{""grpc"":{""clock_id"":""sim-clock-v1"",""mono_ns"":""23750000000"",""wall_utc"":""2026-10-05T00:00:23.750Z""}},""resolved_at_utc"":""2026-10-05T00:00:23.750Z""}"
sim,sim-7dfe63d05c29c767e448370cc4a55b1e4ca0a4a04226b65d29499201d1961cb2-95,2026-10-05T00:00:23.750Z,beam_quic,large,200000,1000,stratified-v0-splitmix64:full,0.018666297219913176,True,sim-r0,LANDED_OK,True,"{""id"":""sim-7dfe63d05c29c767e448370cc4a55b1e4ca0a4a04226b65d29499201d1961cb2-95"",""source"":""sim"",""config"":{""route"":""beam_quic"",""tip_lamports"":""200000"",""cu_price_micro_lamports"":""1000"",""cu_limit"":300000,""fee_bucket"":""local_median"",""tip_tier"":""x2"",""size_class"":""large""},""policy_id"":""stratified-v0-splitmix64:full"",""assignment_prob"":0.018666297219913176,""uniform_arm"":true,""regime_id"":""sim-r0"",""sent_slot"":""1000095"",""clock_id"":""sim-clock-v1"",""send_mono_ns"":""23750000000"",""send_wall_utc"":""2026-10-05T00:00:23.750Z"",""signature"":null,""blockhash"":""synthetic-blockhash-95"",""last_valid_block_height"":""1000111"",""leader_class_next"":[{""leader"":""synthetic-leader-1"",""skip_rate_tercile"":""unknown"",""stake_tercile"":""high""}],""outcome"":""LANDED_OK"",""landed_slot"":""1000096"",""landed_block_id"":""synthetic-block-1000096"",""landed_index"":0,""landed_index_scope"":""unknown"",""observer_first_seen"":{""grpc"":{""clock_id"":""sim-clock-v1"",""mono_ns"":""24000000000"",""wall_utc"":""2026-10-05T00:00:24.000Z""}},""resolved_at_utc"":""2026-10-05T00:00:24.000Z""}"
sim,sim-7dfe63d05c29c767e448370cc4a55b1e4ca0a4a04226b65d29499201d1961cb2-96,2026-10-05T00:00:24.000Z,rpc,small,0,0,stratified-v0-splitmix64:full,0.011265821096573706,False,sim-r0,LANDED_OK,True,"{""id"":""sim-7dfe63d05c29c767e448370cc4a55b1e4ca0a4a04226b65d29499201d1961cb2-96"",""source"":""sim"",""config"":{""route"":""rpc"",""tip_lamports"":""0"",""cu_price_micro_lamports"":""0"",""cu_limit"":25000,""fee_bucket"":""zero"",""tip_tier"":""none"",""size_class"":""small""},""policy_id"":""stratified-v0-splitmix64:full"",""assignment_prob"":0.011265821096573706,""uniform_arm"":false,""regime_id"":""sim-r0"",""sent_slot"":""1000096"",""clock_id"":""sim-clock-v1"",""send_mono_ns"":""24000000000"",""send_wall_utc"":""2026-10-05T00:00:24.000Z"",""signature"":null,""blockhash"":""synthetic-blockhash-96"",""last_valid_block_height"":""1000112"",""leader_class_next"":[{""leader"":""synthetic-leader--1"",""skip_rate_tercile"":""unknown"",""stake_tercile"":""low""}],""outcome"":""LANDED_OK"",""landed_slot"":""1000097"",""landed_block_id"":""synthetic-block-1000097"",""landed_index"":0,""landed_index_scope"":""unknown"",""observer_first_seen"":{""grpc"":{""clock_id"":""sim-clock-v1"",""mono_ns"":""24250000000"",""wall_utc"":""2026-10-05T00:00:24.250Z""}},""resolved_at_utc"":""2026-10-05T00:00:24.250Z""}"
sim,sim-7dfe63d05c29c767e448370cc4a55b1e4ca0a4a04226b65d29499201d1961cb2-97,2026-10-05T00:00:24.250Z,beam_http,small,100000,1000,stratified-v0-splitmix64:full,0.0074984272309895714,True,sim-r0,LANDED_OK,True,"{""id"":""sim-7dfe63d05c29c767e448370cc4a55b1e4ca0a4a04226b65d29499201d1961cb2-97"",""source"":""sim"",""config"":{""route"":""beam_http"",""tip_lamports"":""100000"",""cu_price_micro_lamports"":""1000"",""cu_limit"":25000,""fee_bucket"":""local_median"",""tip_tier"":""x1"",""size_class"":""small""},""policy_id"":""stratified-v0-splitmix64:full"",""assignment_prob"":0.0074984272309895714,""uniform_arm"":true,""regime_id"":""sim-r0"",""sent_slot"":""1000097"",""clock_id"":""sim-clock-v1"",""send_mono_ns"":""24250000000"",""send_wall_utc"":""2026-10-05T00:00:24.250Z"",""signature"":null,""blockhash"":""synthetic-blockhash-97"",""last_valid_block_height"":""1000113"",""leader_class_next"":[{""leader"":""synthetic-leader-1"",""skip_rate_tercile"":""unknown"",""stake_tercile"":""high""}],""outcome"":""LANDED_OK"",""landed_slot"":""1000098"",""landed_block_id"":""synthetic-block-1000098"",""landed_index"":0,""landed_index_scope"":""unknown"",""observer_first_seen"":{""grpc"":{""clock_id"":""sim-clock-v1"",""mono_ns"":""24500000000"",""wall_utc"":""2026-10-05T00:00:24.500Z""}},""resolved_at_utc"":""2026-10-05T00:00:24.500Z""}"
sim,sim-7dfe63d05c29c767e448370cc4a55b1e4ca0a4a04226b65d29499201d1961cb2-98,2026-10-05T00:00:24.500Z,beam_http,medium,100000,0,stratified-v0-splitmix64:full,0.01130138821889907,False,sim-r0,LANDED_OK,True,"{""id"":""sim-7dfe63d05c29c767e448370cc4a55b1e4ca0a4a04226b65d29499201d1961cb2-98"",""source"":""sim"",""config"":{""route"":""beam_http"",""tip_lamports"":""100000"",""cu_price_micro_lamports"":""0"",""cu_limit"":100000,""fee_bucket"":""zero"",""tip_tier"":""x1"",""size_class"":""medium""},""policy_id"":""stratified-v0-splitmix64:full"",""assignment_prob"":0.01130138821889907,""uniform_arm"":false,""regime_id"":""sim-r0"",""sent_slot"":""1000098"",""clock_id"":""sim-clock-v1"",""send_mono_ns"":""24500000000"",""send_wall_utc"":""2026-10-05T00:00:24.500Z"",""signature"":null,""blockhash"":""synthetic-blockhash-98"",""last_valid_block_height"":""1000114"",""leader_class_next"":[{""leader"":""synthetic-leader--1"",""skip_rate_tercile"":""unknown"",""stake_tercile"":""low""}],""outcome"":""LANDED_OK"",""landed_slot"":""1000101"",""landed_block_id"":""synthetic-block-1000101"",""landed_index"":0,""landed_index_scope"":""unknown"",""observer_first_seen"":{""grpc"":{""clock_id"":""sim-clock-v1"",""mono_ns"":""25250000000"",""wall_utc"":""2026-10-05T00:00:25.250Z""}},""resolved_at_utc"":""2026-10-05T00:00:25.250Z""}"
sim,sim-7dfe63d05c29c767e448370cc4a55b1e4ca0a4a04226b65d29499201d1961cb2-99,2026-10-05T00:00:24.750Z,beam_quic,large,100000,0,stratified-v0-splitmix64:full,0.007516339869281045,True,sim-r0,LANDED_OK,True,"{""id"":""sim-7dfe63d05c29c767e448370cc4a55b1e4ca0a4a04226b65d29499201d1961cb2-99"",""source"":""sim"",""config"":{""route"":""beam_quic"",""tip_lamports"":""100000"",""cu_price_micro_lamports"":""0"",""cu_limit"":300000,""fee_bucket"":""zero"",""tip_tier"":""x1"",""size_class"":""large""},""policy_id"":""stratified-v0-splitmix64:full"",""assignment_prob"":0.007516339869281045,""uniform_arm"":true,""regime_id"":""sim-r0"",""sent_slot"":""1000099"",""clock_id"":""sim-clock-v1"",""send_mono_ns"":""24750000000"",""send_wall_utc"":""2026-10-05T00:00:24.750Z"",""signature"":null,""blockhash"":""synthetic-blockhash-99"",""last_valid_block_height"":""1000115"",""leader_class_next"":[{""leader"":""synthetic-leader-1"",""skip_rate_tercile"":""unknown"",""stake_tercile"":""high""}],""outcome"":""LANDED_OK"",""landed_slot"":""1000101"",""landed_block_id"":""synthetic-block-1000101"",""landed_index"":0,""landed_index_scope"":""unknown"",""observer_first_seen"":{""grpc"":{""clock_id"":""sim-clock-v1"",""mono_ns"":""25250000000"",""wall_utc"":""2026-10-05T00:00:25.250Z""}},""resolved_at_utc"":""2026-10-05T00:00:25.250Z""}"
sim,sim-7dfe63d05c29c767e448370cc4a55b1e4ca0a4a04226b65d29499201d1961cb2-100,2026-10-05T00:00:25.000Z,beam_http,large,200000,0,stratified-v0-splitmix64:full,0.011337291489963243,False,sim-r0,LANDED_OK,True,"{""id"":""sim-7dfe63d05c29c767e448370cc4a55b1e4ca0a4a04226b65d29499201d1961cb2-100"",""source"":""sim"",""config"":{""route"":""beam_http"",""tip_lamports"":""200000"",""cu_price_micro_lamports"":""0"",""cu_limit"":300000,""fee_bucket"":""zero"",""tip_tier"":""x2"",""size_class"":""large""},""policy_id"":""stratified-v0-splitmix64:full"",""assignment_prob"":0.011337291489963243,""uniform_arm"":false,""regime_id"":""sim-r0"",""sent_slot"":""1000100"",""clock_id"":""sim-clock-v1"",""send_mono_ns"":""25000000000"",""send_wall_utc"":""2026-10-05T00:00:25.000Z"",""signature"":null,""blockhash"":""synthetic-blockhash-100"",""last_valid_block_height"":""1000116"",""leader_class_next"":[{""leader"":""synthetic-leader-0"",""skip_rate_tercile"":""unknown"",""stake_tercile"":""middle""}],""outcome"":""LANDED_OK"",""landed_slot"":""1000101"",""landed_block_id"":""synthetic-block-1000101"",""landed_index"":0,""landed_index_scope"":""unknown"",""observer_first_seen"":{""grpc"":{""clock_id"":""sim-clock-v1"",""mono_ns"":""25250000000"",""wall_utc"":""2026-10-05T00:00:25.250Z""}},""resolved_at_utc"":""2026-10-05T00:00:25.250Z""}"
sim,sim-7dfe63d05c29c767e448370cc4a55b1e4ca0a4a04226b65d29499201d1961cb2-101,2026-10-05T00:00:25.250Z,beam_http,medium,500000,1000,stratified-v0-splitmix64:full,0.008811328658099908,False,sim-r0,LANDED_OK,True,"{""id"":""sim-7dfe63d05c29c767e448370cc4a55b1e4ca0a4a04226b65d29499201d1961cb2-101"",""source"":""sim"",""config"":{""route"":""beam_http"",""tip_lamports"":""500000"",""cu_price_micro_lamports"":""1000"",""cu_limit"":100000,""fee_bucket"":""local_median"",""tip_tier"":""x5"",""size_class"":""medium""},""policy_id"":""stratified-v0-splitmix64:full"",""assignment_prob"":0.008811328658099908,""uniform_arm"":false,""regime_id"":""sim-r0"",""sent_slot"":""1000101"",""clock_id"":""sim-clock-v1"",""send_mono_ns"":""25250000000"",""send_wall_utc"":""2026-10-05T00:00:25.250Z"",""signature"":null,""blockhash"":""synthetic-blockhash-101"",""last_valid_block_height"":""1000117"",""leader_class_next"":[{""leader"":""synthetic-leader-0"",""skip_rate_tercile"":""unknown"",""stake_tercile"":""middle""}],""outcome"":""LANDED_OK"",""landed_slot"":""1000102"",""landed_block_id"":""synthetic-block-1000102"",""landed_index"":0,""landed_index_scope"":""unknown"",""observer_first_seen"":{""grpc"":{""clock_id"":""sim-clock-v1"",""mono_ns"":""25500000000"",""wall_utc"":""2026-10-05T00:00:25.500Z""}},""resolved_at_utc"":""2026-10-05T00:00:25.500Z""}"
sim,sim-7dfe63d05c29c767e448370cc4a55b1e4ca0a4a04226b65d29499201d1961cb2-102,2026-10-05T00:00:25.500Z,beam_http,medium,200000,5000,stratified-v0-splitmix64:full,0.019054580896686157,True,sim-r0,LANDED_OK,True,"{""id"":""sim-7dfe63d05c29c767e448370cc4a55b1e4ca0a4a04226b65d29499201d1961cb2-102"",""source"":""sim"",""config"":{""route"":""beam_http"",""tip_lamports"":""200000"",""cu_price_micro_lamports"":""5000"",""cu_limit"":100000,""fee_bucket"":""local_p90"",""tip_tier"":""x2"",""size_class"":""medium""},""policy_id"":""stratified-v0-splitmix64:full"",""assignment_prob"":0.019054580896686157,""uniform_arm"":true,""regime_id"":""sim-r0"",""sent_slot"":""1000102"",""clock_id"":""sim-clock-v1"",""send_mono_ns"":""25500000000"",""send_wall_utc"":""2026-10-05T00:00:25.500Z"",""signature"":null,""blockhash"":""synthetic-blockhash-102"",""last_valid_block_height"":""1000118"",""leader_class_next"":[{""leader"":""synthetic-leader-0"",""skip_rate_tercile"":""unknown"",""stake_tercile"":""middle""}],""outcome"":""LANDED_OK"",""landed_slot"":""1000103"",""landed_block_id"":""synthetic-block-1000103"",""landed_index"":0,""landed_index_scope"":""unknown"",""observer_first_seen"":{""grpc"":{""clock_id"":""sim-clock-v1"",""mono_ns"":""25750000000"",""wall_utc"":""2026-10-05T00:00:25.750Z""}},""resolved_at_utc"":""2026-10-05T00:00:25.750Z""}"
sim,sim-7dfe63d05c29c767e448370cc4a55b1e4ca0a4a04226b65d29499201d1961cb2-103,2026-10-05T00:00:25.750Z,beam_quic,large,200000,0,stratified-v0-splitmix64:full,0.008877391804221072,False,sim-r0,LANDED_OK,True,"{""id"":""sim-7dfe63d05c29c767e448370cc4a55b1e4ca0a4a04226b65d29499201d1961cb2-103"",""source"":""sim"",""config"":{""route"":""beam_quic"",""tip_lamports"":""200000"",""cu_price_micro_lamports"":""0"",""cu_limit"":300000,""fee_bucket"":""zero"",""tip_tier"":""x2"",""size_class"":""large""},""policy_id"":""stratified-v0-splitmix64:full"",""assignment_prob"":0.008877391804221072,""uniform_arm"":false,""regime_id"":""sim-r0"",""sent_slot"":""1000103"",""clock_id"":""sim-clock-v1"",""send_mono_ns"":""25750000000"",""send_wall_utc"":""2026-10-05T00:00:25.750Z"",""signature"":null,""blockhash"":""synthetic-blockhash-103"",""last_valid_block_height"":""1000119"",""leader_class_next"":[{""leader"":""synthetic-leader--1"",""skip_rate_tercile"":""unknown"",""stake_tercile"":""low""}],""outcome"":""LANDED_OK"",""landed_slot"":""1000104"",""landed_block_id"":""synthetic-block-1000104"",""landed_index"":0,""landed_index_scope"":""unknown"",""observer_first_seen"":{""grpc"":{""clock_id"":""sim-clock-v1"",""mono_ns"":""26000000000"",""wall_utc"":""2026-10-05T00:00:26.000Z""}},""resolved_at_utc"":""2026-10-05T00:00:26.000Z""}"
sim,sim-7dfe63d05c29c767e448370cc4a55b1e4ca0a4a04226b65d29499201d1961cb2-104,2026-10-05T00:00:26.000Z,beam_http,small,200000,1000,stratified-v0-splitmix64:full,0.0068136629780465394,False,sim-r0,LANDED_OK,True,"{""id"":""sim-7dfe63d05c29c767e448370cc4a55b1e4ca0a4a04226b65d29499201d1961cb2-104"",""source"":""sim"",""config"":{""route"":""beam_http"",""tip_lamports"":""200000"",""cu_price_micro_lamports"":""1000"",""cu_limit"":25000,""fee_bucket"":""local_median"",""tip_tier"":""x2"",""size_class"":""small""},""policy_id"":""stratified-v0-splitmix64:full"",""assignment_prob"":0.0068136629780465394,""uniform_arm"":false,""regime_id"":""sim-r0"",""sent_slot"":""1000104"",""clock_id"":""sim-clock-v1"",""send_mono_ns"":""26000000000"",""send_wall_utc"":""2026-10-05T00:00:26.000Z"",""signature"":null,""blockhash"":""synthetic-blockhash-104"",""last_valid_block_height"":""1000120"",""leader_class_next"":[{""leader"":""synthetic-leader-0"",""skip_rate_tercile"":""unknown"",""stake_tercile"":""middle""}],""outcome"":""LANDED_OK"",""landed_slot"":""1000105"",""landed_block_id"":""synthetic-block-1000105"",""landed_index"":0,""landed_index_scope"":""unknown"",""observer_first_seen"":{""grpc"":{""clock_id"":""sim-clock-v1"",""mono_ns"":""26250000000"",""wall_utc"":""2026-10-05T00:00:26.250Z""}},""resolved_at_utc"":""2026-10-05T00:00:26.250Z""}"
sim,sim-7dfe63d05c29c767e448370cc4a55b1e4ca0a4a04226b65d29499201d1961cb2-105,2026-10-05T00:00:26.250Z,beam_quic,medium,200000,5000,stratified-v0-splitmix64:full,0.011484363207223526,False,sim-r0,LANDED_OK,True,"{""id"":""sim-7dfe63d05c29c767e448370cc4a55b1e4ca0a4a04226b65d29499201d1961cb2-105"",""source"":""sim"",""config"":{""route"":""beam_quic"",""tip_lamports"":""200000"",""cu_price_micro_lamports"":""5000"",""cu_limit"":100000,""fee_bucket"":""local_p90"",""tip_tier"":""x2"",""size_class"":""medium""},""policy_id"":""stratified-v0-splitmix64:full"",""assignment_prob"":0.011484363207223526,""uniform_arm"":false,""regime_id"":""sim-r0"",""sent_slot"":""1000105"",""clock_id"":""sim-clock-v1"",""send_mono_ns"":""26250000000"",""send_wall_utc"":""2026-10-05T00:00:26.250Z"",""signature"":null,""blockhash"":""synthetic-blockhash-105"",""last_valid_block_height"":""1000121"",""leader_class_next"":[{""leader"":""synthetic-leader-0"",""skip_rate_tercile"":""unknown"",""stake_tercile"":""middle""}],""outcome"":""LANDED_OK"",""landed_slot"":""1000106"",""landed_block_id"":""synthetic-block-1000106"",""landed_index"":0,""landed_index_scope"":""unknown"",""observer_first_seen"":{""grpc"":{""clock_id"":""sim-clock-v1"",""mono_ns"":""26500000000"",""wall_utc"":""2026-10-05T00:00:26.500Z""}},""resolved_at_utc"":""2026-10-05T00:00:26.500Z""}"
sim,sim-7dfe63d05c29c767e448370cc4a55b1e4ca0a4a04226b65d29499201d1961cb2-106,2026-10-05T00:00:26.500Z,beam_quic,large,500000,1000,stratified-v0-splitmix64:full,0.008910100133603292,False,sim-r0,LANDED_OK,True,"{""id"":""sim-7dfe63d05c29c767e448370cc4a55b1e4ca0a4a04226b65d29499201d1961cb2-106"",""source"":""sim"",""config"":{""route"":""beam_quic"",""tip_lamports"":""500000"",""cu_price_micro_lamports"":""1000"",""cu_limit"":300000,""fee_bucket"":""local_median"",""tip_tier"":""x5"",""size_class"":""large""},""policy_id"":""stratified-v0-splitmix64:full"",""assignment_prob"":0.008910100133603292,""uniform_arm"":false,""regime_id"":""sim-r0"",""sent_slot"":""1000106"",""clock_id"":""sim-clock-v1"",""send_mono_ns"":""26500000000"",""send_wall_utc"":""2026-10-05T00:00:26.500Z"",""signature"":null,""blockhash"":""synthetic-blockhash-106"",""last_valid_block_height"":""1000122"",""leader_class_next"":[{""leader"":""synthetic-leader-0"",""skip_rate_tercile"":""unknown"",""stake_tercile"":""middle""}],""outcome"":""LANDED_OK"",""landed_slot"":""1000107"",""landed_block_id"":""synthetic-block-1000107"",""landed_index"":0,""landed_index_scope"":""unknown"",""observer_first_seen"":{""grpc"":{""clock_id"":""sim-clock-v1"",""mono_ns"":""26750000000"",""wall_utc"":""2026-10-05T00:00:26.750Z""}},""resolved_at_utc"":""2026-10-05T00:00:26.750Z""}"
sim,sim-7dfe63d05c29c767e448370cc4a55b1e4ca0a4a04226b65d29499201d1961cb2-107,2026-10-05T00:00:26.750Z,beam_http,large,100000,5000,stratified-v0-splitmix64:full,0.011527846773748412,True,sim-r0,LANDED_OK,True,"{""id"":""sim-7dfe63d05c29c767e448370cc4a55b1e4ca0a4a04226b65d29499201d1961cb2-107"",""source"":""sim"",""config"":{""route"":""beam_http"",""tip_lamports"":""100000"",""cu_price_micro_lamports"":""5000"",""cu_limit"":300000,""fee_bucket"":""local_p90"",""tip_tier"":""x1"",""size_class"":""large""},""policy_id"":""stratified-v0-splitmix64:full"",""assignment_prob"":0.011527846773748412,""uniform_arm"":true,""regime_id"":""sim-r0"",""sent_slot"":""1000107"",""clock_id"":""sim-clock-v1"",""send_mono_ns"":""26750000000"",""send_wall_utc"":""2026-10-05T00:00:26.750Z"",""signature"":null,""blockhash"":""synthetic-blockhash-107"",""last_valid_block_height"":""1000123"",""leader_class_next"":[{""leader"":""synthetic-leader-0"",""skip_rate_tercile"":""unknown"",""stake_tercile"":""middle""}],""outcome"":""LANDED_OK"",""landed_slot"":""1000113"",""landed_block_id"":""synthetic-block-1000113"",""landed_index"":0,""landed_index_scope"":""unknown"",""observer_first_seen"":{""grpc"":{""clock_id"":""sim-clock-v1"",""mono_ns"":""28250000000"",""wall_utc"":""2026-10-05T00:00:28.250Z""}},""resolved_at_utc"":""2026-10-05T00:00:28.250Z""}"
sim,sim-7dfe63d05c29c767e448370cc4a55b1e4ca0a4a04226b65d29499201d1961cb2-108,2026-10-05T00:00:27.000Z,beam_http,large,500000,5000,stratified-v0-splitmix64:full,0.00893930579794454,False,sim-r0,LANDED_OK,True,"{""id"":""sim-7dfe63d05c29c767e448370cc4a55b1e4ca0a4a04226b65d29499201d1961cb2-108"",""source"":""sim"",""config"":{""route"":""beam_http"",""tip_lamports"":""500000"",""cu_price_micro_lamports"":""5000"",""cu_limit"":300000,""fee_bucket"":""local_p90"",""tip_tier"":""x5"",""size_class"":""large""},""policy_id"":""stratified-v0-splitmix64:full"",""assignment_prob"":0.00893930579794454,""uniform_arm"":false,""regime_id"":""sim-r0"",""sent_slot"":""1000108"",""clock_id"":""sim-clock-v1"",""send_mono_ns"":""27000000000"",""send_wall_utc"":""2026-10-05T00:00:27.000Z"",""signature"":null,""blockhash"":""synthetic-blockhash-108"",""last_valid_block_height"":""1000124"",""leader_class_next"":[{""leader"":""synthetic-leader-0"",""skip_rate_tercile"":""unknown"",""stake_tercile"":""middle""}],""outcome"":""LANDED_OK"",""landed_slot"":""1000109"",""landed_block_id"":""synthetic-block-1000109"",""landed_index"":0,""landed_index_scope"":""unknown"",""observer_first_seen"":{""grpc"":{""clock_id"":""sim-clock-v1"",""mono_ns"":""27250000000"",""wall_utc"":""2026-10-05T00:00:27.250Z""}},""resolved_at_utc"":""2026-10-05T00:00:27.250Z""}"
sim,sim-7dfe63d05c29c767e448370cc4a55b1e4ca0a4a04226b65d29499201d1961cb2-109,2026-10-05T00:00:27.250Z,beam_http,medium,500000,1000,stratified-v0-splitmix64:full,0.00763776140321663,False,sim-r0,LANDED_OK,True,"{""id"":""sim-7dfe63d05c29c767e448370cc4a55b1e4ca0a4a04226b65d29499201d1961cb2-109"",""source"":""sim"",""config"":{""route"":""beam_http"",""tip_lamports"":""500000"",""cu_price_micro_lamports"":""1000"",""cu_limit"":100000,""fee_bucket"":""local_median"",""tip_tier"":""x5"",""size_class"":""medium""},""policy_id"":""stratified-v0-splitmix64:full"",""assignment_prob"":0.00763776140321663,""uniform_arm"":false,""regime_id"":""sim-r0"",""sent_slot"":""1000109"",""clock_id"":""sim-clock-v1"",""send_mono_ns"":""27250000000"",""send_wall_utc"":""2026-10-05T00:00:27.250Z"",""signature"":null,""blockhash"":""synthetic-blockhash-109"",""last_valid_block_height"":""1000125"",""leader_class_next"":[{""leader"":""synthetic-leader-1"",""skip_rate_tercile"":""unknown"",""stake_tercile"":""high""}],""outcome"":""LANDED_OK"",""landed_slot"":""1000111"",""landed_block_id"":""synthetic-block-1000111"",""landed_index"":0,""landed_index_scope"":""unknown"",""observer_first_seen"":{""grpc"":{""clock_id"":""sim-clock-v1"",""mono_ns"":""27750000000"",""wall_utc"":""2026-10-05T00:00:27.750Z""}},""resolved_at_utc"":""2026-10-05T00:00:27.750Z""}"
sim,sim-7dfe63d05c29c767e448370cc4a55b1e4ca0a4a04226b65d29499201d1961cb2-110,2026-10-05T00:00:27.500Z,beam_quic,large,100000,5000,stratified-v0-splitmix64:full,0.019457642188324856,False,sim-r0,LANDED_OK,True,"{""id"":""sim-7dfe63d05c29c767e448370cc4a55b1e4ca0a4a04226b65d29499201d1961cb2-110"",""source"":""sim"",""config"":{""route"":""beam_quic"",""tip_lamports"":""100000"",""cu_price_micro_lamports"":""5000"",""cu_limit"":300000,""fee_bucket"":""local_p90"",""tip_tier"":""x1"",""size_class"":""large""},""policy_id"":""stratified-v0-splitmix64:full"",""assignment_prob"":0.019457642188324856,""uniform_arm"":false,""regime_id"":""sim-r0"",""sent_slot"":""1000110"",""clock_id"":""sim-clock-v1"",""send_mono_ns"":""27500000000"",""send_wall_utc"":""2026-10-05T00:00:27.500Z"",""signature"":null,""blockhash"":""synthetic-blockhash-110"",""last_valid_block_height"":""1000126"",""leader_class_next"":[{""leader"":""synthetic-leader--1"",""skip_rate_tercile"":""unknown"",""stake_tercile"":""low""}],""outcome"":""LANDED_OK"",""landed_slot"":""1000111"",""landed_block_id"":""synthetic-block-1000111"",""landed_index"":0,""landed_index_scope"":""unknown"",""observer_first_seen"":{""grpc"":{""clock_id"":""sim-clock-v1"",""mono_ns"":""27750000000"",""wall_utc"":""2026-10-05T00:00:27.750Z""}},""resolved_at_utc"":""2026-10-05T00:00:27.750Z""}"
sim,sim-7dfe63d05c29c767e448370cc4a55b1e4ca0a4a04226b65d29499201d1961cb2-111,2026-10-05T00:00:27.750Z,beam_quic,small,500000,1000,stratified-v0-splitmix64:full,0.009014781093688529,False,sim-r0,LANDED_OK,True,"{""id"":""sim-7dfe63d05c29c767e448370cc4a55b1e4ca0a4a04226b65d29499201d1961cb2-111"",""source"":""sim"",""config"":{""route"":""beam_quic"",""tip_lamports"":""500000"",""cu_price_micro_lamports"":""1000"",""cu_limit"":25000,""fee_bucket"":""local_median"",""tip_tier"":""x5"",""size_class"":""small""},""policy_id"":""stratified-v0-splitmix64:full"",""assignment_prob"":0.009014781093688529,""uniform_arm"":false,""regime_id"":""sim-r0"",""sent_slot"":""1000111"",""clock_id"":""sim-clock-v1"",""send_mono_ns"":""27750000000"",""send_wall_utc"":""2026-10-05T00:00:27.750Z"",""signature"":null,""blockhash"":""synthetic-blockhash-111"",""last_valid_block_height"":""1000127"",""leader_class_next"":[{""leader"":""synthetic-leader-0"",""skip_rate_tercile"":""unknown"",""stake_tercile"":""middle""}],""outcome"":""LANDED_OK"",""landed_slot"":""1000112"",""landed_block_id"":""synthetic-block-1000112"",""landed_index"":0,""landed_index_scope"":""unknown"",""observer_first_seen"":{""grpc"":{""clock_id"":""sim-clock-v1"",""mono_ns"":""28000000000"",""wall_utc"":""2026-10-05T00:00:28.000Z""}},""resolved_at_utc"":""2026-10-05T00:00:28.000Z""}"
sim,sim-7dfe63d05c29c767e448370cc4a55b1e4ca0a4a04226b65d29499201d1961cb2-112,2026-10-05T00:00:28.000Z,beam_http,small,500000,0,stratified-v0-splitmix64:full,0.011685459690020692,False,sim-r0,LANDED_OK,True,"{""id"":""sim-7dfe63d05c29c767e448370cc4a55b1e4ca0a4a04226b65d29499201d1961cb2-112"",""source"":""sim"",""config"":{""route"":""beam_http"",""tip_lamports"":""500000"",""cu_price_micro_lamports"":""0"",""cu_limit"":25000,""fee_bucket"":""zero"",""tip_tier"":""x5"",""size_class"":""small""},""policy_id"":""stratified-v0-splitmix64:full"",""assignment_prob"":0.011685459690020692,""uniform_arm"":false,""regime_id"":""sim-r0"",""sent_slot"":""1000112"",""clock_id"":""sim-clock-v1"",""send_mono_ns"":""28000000000"",""send_wall_utc"":""2026-10-05T00:00:28.000Z"",""signature"":null,""blockhash"":""synthetic-blockhash-112"",""last_valid_block_height"":""1000128"",""leader_class_next"":[{""leader"":""synthetic-leader-0"",""skip_rate_tercile"":""unknown"",""stake_tercile"":""middle""}],""outcome"":""LANDED_OK"",""landed_slot"":""1000113"",""landed_block_id"":""synthetic-block-1000113"",""landed_index"":0,""landed_index_scope"":""unknown"",""observer_first_seen"":{""grpc"":{""clock_id"":""sim-clock-v1"",""mono_ns"":""28250000000"",""wall_utc"":""2026-10-05T00:00:28.250Z""}},""resolved_at_utc"":""2026-10-05T00:00:28.250Z""}"
sim,sim-7dfe63d05c29c767e448370cc4a55b1e4ca0a4a04226b65d29499201d1961cb2-113,2026-10-05T00:00:28.250Z,rpc,large,0,1000,stratified-v0-splitmix64:full,0.011715912784207328,False,sim-r0,LANDED_OK,True,"{""id"":""sim-7dfe63d05c29c767e448370cc4a55b1e4ca0a4a04226b65d29499201d1961cb2-113"",""source"":""sim"",""config"":{""route"":""rpc"",""tip_lamports"":""0"",""cu_price_micro_lamports"":""1000"",""cu_limit"":300000,""fee_bucket"":""local_median"",""tip_tier"":""none"",""size_class"":""large""},""policy_id"":""stratified-v0-splitmix64:full"",""assignment_prob"":0.011715912784207328,""uniform_arm"":false,""regime_id"":""sim-r0"",""sent_slot"":""1000113"",""clock_id"":""sim-clock-v1"",""send_mono_ns"":""28250000000"",""send_wall_utc"":""2026-10-05T00:00:28.250Z"",""signature"":null,""blockhash"":""synthetic-blockhash-113"",""last_valid_block_height"":""1000129"",""leader_class_next"":[{""leader"":""synthetic-leader-0"",""skip_rate_tercile"":""unknown"",""stake_tercile"":""middle""}],""outcome"":""LANDED_OK"",""landed_slot"":""1000115"",""landed_block_id"":""synthetic-block-1000115"",""landed_index"":0,""landed_index_scope"":""unknown"",""observer_first_seen"":{""grpc"":{""clock_id"":""sim-clock-v1"",""mono_ns"":""28750000000"",""wall_utc"":""2026-10-05T00:00:28.750Z""}},""resolved_at_utc"":""2026-10-05T00:00:28.750Z""}"
sim,sim-7dfe63d05c29c767e448370cc4a55b1e4ca0a4a04226b65d29499201d1961cb2-114,2026-10-05T00:00:28.500Z,beam_quic,large,200000,1000,stratified-v0-splitmix64:full,0.011746599146062953,True,sim-r0,LANDED_OK,True,"{""id"":""sim-7dfe63d05c29c767e448370cc4a55b1e4ca0a4a04226b65d29499201d1961cb2-114"",""source"":""sim"",""config"":{""route"":""beam_quic"",""tip_lamports"":""200000"",""cu_price_micro_lamports"":""1000"",""cu_limit"":300000,""fee_bucket"":""local_median"",""tip_tier"":""x2"",""size_class"":""large""},""policy_id"":""stratified-v0-splitmix64:full"",""assignment_prob"":0.011746599146062953,""uniform_arm"":true,""regime_id"":""sim-r0"",""sent_slot"":""1000114"",""clock_id"":""sim-clock-v1"",""send_mono_ns"":""28500000000"",""send_wall_utc"":""2026-10-05T00:00:28.500Z"",""signature"":null,""blockhash"":""synthetic-blockhash-114"",""last_valid_block_height"":""1000130"",""leader_class_next"":[{""leader"":""synthetic-leader-1"",""skip_rate_tercile"":""unknown"",""stake_tercile"":""high""}],""outcome"":""LANDED_OK"",""landed_slot"":""1000116"",""landed_block_id"":""synthetic-block-1000116"",""landed_index"":0,""landed_index_scope"":""unknown"",""observer_first_seen"":{""grpc"":{""clock_id"":""sim-clock-v1"",""mono_ns"":""29000000000"",""wall_utc"":""2026-10-05T00:00:29.000Z""}},""resolved_at_utc"":""2026-10-05T00:00:29.000Z""}"
sim,sim-7dfe63d05c29c767e448370cc4a55b1e4ca0a4a04226b65d29499201d1961cb2-115,2026-10-05T00:00:28.750Z,rpc,large,0,5000,stratified-v0-splitmix64:full,0.00908624887863642,False,sim-r0,LANDED_OK,True,"{""id"":""sim-7dfe63d05c29c767e448370cc4a55b1e4ca0a4a04226b65d29499201d1961cb2-115"",""source"":""sim"",""config"":{""route"":""rpc"",""tip_lamports"":""0"",""cu_price_micro_lamports"":""5000"",""cu_limit"":300000,""fee_bucket"":""local_p90"",""tip_tier"":""none"",""size_class"":""large""},""policy_id"":""stratified-v0-splitmix64:full"",""assignment_prob"":0.00908624887863642,""uniform_arm"":false,""regime_id"":""sim-r0"",""sent_slot"":""1000115"",""clock_id"":""sim-clock-v1"",""send_mono_ns"":""28750000000"",""send_wall_utc"":""2026-10-05T00:00:28.750Z"",""signature"":null,""blockhash"":""synthetic-blockhash-115"",""last_valid_block_height"":""1000131"",""leader_class_next"":[{""leader"":""synthetic-leader-1"",""skip_rate_tercile"":""unknown"",""stake_tercile"":""high""}],""outcome"":""LANDED_OK"",""landed_slot"":""1000116"",""landed_block_id"":""synthetic-block-1000116"",""landed_index"":0,""landed_index_scope"":""unknown"",""observer_first_seen"":{""grpc"":{""clock_id"":""sim-clock-v1"",""mono_ns"":""29000000000"",""wall_utc"":""2026-10-05T00:00:29.000Z""}},""resolved_at_utc"":""2026-10-05T00:00:29.000Z""}"
sim,sim-7dfe63d05c29c767e448370cc4a55b1e4ca0a4a04226b65d29499201d1961cb2-116,2026-10-05T00:00:29.000Z,beam_http,small,100000,0,stratified-v0-splitmix64:full,0.007748387833133594,True,sim-r0,LANDED_OK,True,"{""id"":""sim-7dfe63d05c29c767e448370cc4a55b1e4ca0a4a04226b65d29499201d1961cb2-116"",""source"":""sim"",""config"":{""route"":""beam_http"",""tip_lamports"":""100000"",""cu_price_micro_lamports"":""0"",""cu_limit"":25000,""fee_bucket"":""zero"",""tip_tier"":""x1"",""size_class"":""small""},""policy_id"":""stratified-v0-splitmix64:full"",""assignment_prob"":0.007748387833133594,""uniform_arm"":true,""regime_id"":""sim-r0"",""sent_slot"":""1000116"",""clock_id"":""sim-clock-v1"",""send_mono_ns"":""29000000000"",""send_wall_utc"":""2026-10-05T00:00:29.000Z"",""signature"":null,""blockhash"":""synthetic-blockhash-116"",""last_valid_block_height"":""1000132"",""leader_class_next"":[{""leader"":""synthetic-leader-1"",""skip_rate_tercile"":""unknown"",""stake_tercile"":""high""}],""outcome"":""LANDED_OK"",""landed_slot"":""1000117"",""landed_block_id"":""synthetic-block-1000117"",""landed_index"":0,""landed_index_scope"":""unknown"",""observer_first_seen"":{""grpc"":{""clock_id"":""sim-clock-v1"",""mono_ns"":""29250000000"",""wall_utc"":""2026-10-05T00:00:29.250Z""}},""resolved_at_utc"":""2026-10-05T00:00:29.250Z""}"
sim,sim-7dfe63d05c29c767e448370cc4a55b1e4ca0a4a04226b65d29499201d1961cb2-117,2026-10-05T00:00:29.250Z,beam_quic,medium,100000,5000,stratified-v0-splitmix64:full,0.019901158389395948,False,sim-r0,LANDED_OK,True,"{""id"":""sim-7dfe63d05c29c767e448370cc4a55b1e4ca0a4a04226b65d29499201d1961cb2-117"",""source"":""sim"",""config"":{""route"":""beam_quic"",""tip_lamports"":""100000"",""cu_price_micro_lamports"":""5000"",""cu_limit"":100000,""fee_bucket"":""local_p90"",""tip_tier"":""x1"",""size_class"":""medium""},""policy_id"":""stratified-v0-splitmix64:full"",""assignment_prob"":0.019901158389395948,""uniform_arm"":false,""regime_id"":""sim-r0"",""sent_slot"":""1000117"",""clock_id"":""sim-clock-v1"",""send_mono_ns"":""29250000000"",""send_wall_utc"":""2026-10-05T00:00:29.250Z"",""signature"":null,""blockhash"":""synthetic-blockhash-117"",""last_valid_block_height"":""1000133"",""leader_class_next"":[{""leader"":""synthetic-leader-0"",""skip_rate_tercile"":""unknown"",""stake_tercile"":""middle""}],""outcome"":""LANDED_OK"",""landed_slot"":""1000118"",""landed_block_id"":""synthetic-block-1000118"",""landed_index"":0,""landed_index_scope"":""unknown"",""observer_first_seen"":{""grpc"":{""clock_id"":""sim-clock-v1"",""mono_ns"":""29500000000"",""wall_utc"":""2026-10-05T00:00:29.500Z""}},""resolved_at_utc"":""2026-10-05T00:00:29.500Z""}"
sim,sim-7dfe63d05c29c767e448370cc4a55b1e4ca0a4a04226b65d29499201d1961cb2-118,2026-10-05T00:00:29.500Z,rpc,large,0,1000,stratified-v0-splitmix64:full,0.009166052513691998,False,sim-r0,LANDED_OK,True,"{""id"":""sim-7dfe63d05c29c767e448370cc4a55b1e4ca0a4a04226b65d29499201d1961cb2-118"",""source"":""sim"",""config"":{""route"":""rpc"",""tip_lamports"":""0"",""cu_price_micro_lamports"":""1000"",""cu_limit"":300000,""fee_bucket"":""local_median"",""tip_tier"":""none"",""size_class"":""large""},""policy_id"":""stratified-v0-splitmix64:full"",""assignment_prob"":0.009166052513691998,""uniform_arm"":false,""regime_id"":""sim-r0"",""sent_slot"":""1000118"",""clock_id"":""sim-clock-v1"",""send_mono_ns"":""29500000000"",""send_wall_utc"":""2026-10-05T00:00:29.500Z"",""signature"":null,""blockhash"":""synthetic-blockhash-118"",""last_valid_block_height"":""1000134"",""leader_class_next"":[{""leader"":""synthetic-leader-1"",""skip_rate_tercile"":""unknown"",""stake_tercile"":""high""}],""outcome"":""LANDED_OK"",""landed_slot"":""1000119"",""landed_block_id"":""synthetic-block-1000119"",""landed_index"":0,""landed_index_scope"":""unknown"",""observer_first_seen"":{""grpc"":{""clock_id"":""sim-clock-v1"",""mono_ns"":""29750000000"",""wall_utc"":""2026-10-05T00:00:29.750Z""}},""resolved_at_utc"":""2026-10-05T00:00:29.750Z""}"
sim,sim-7dfe63d05c29c767e448370cc4a55b1e4ca0a4a04226b65d29499201d1961cb2-119,2026-10-05T00:00:29.750Z,rpc,small,0,1000,stratified-v0-splitmix64:full,0.02012278110792575,False,sim-r0,LANDED_OK,True,"{""id"":""sim-7dfe63d05c29c767e448370cc4a55b1e4ca0a4a04226b65d29499201d1961cb2-119"",""source"":""sim"",""config"":{""route"":""rpc"",""tip_lamports"":""0"",""cu_price_micro_lamports"":""1000"",""cu_limit"":25000,""fee_bucket"":""local_median"",""tip_tier"":""none"",""size_class"":""small""},""policy_id"":""stratified-v0-splitmix64:full"",""assignment_prob"":0.02012278110792575,""uniform_arm"":false,""regime_id"":""sim-r0"",""sent_slot"":""1000119"",""clock_id"":""sim-clock-v1"",""send_mono_ns"":""29750000000"",""send_wall_utc"":""2026-10-05T00:00:29.750Z"",""signature"":null,""blockhash"":""synthetic-blockhash-119"",""last_valid_block_height"":""1000135"",""leader_class_next"":[{""leader"":""synthetic-leader-1"",""skip_rate_tercile"":""unknown"",""stake_tercile"":""high""}],""outcome"":""LANDED_OK"",""landed_slot"":""1000121"",""landed_block_id"":""synthetic-block-1000121"",""landed_index"":0,""landed_index_scope"":""unknown"",""observer_first_seen"":{""grpc"":{""clock_id"":""sim-clock-v1"",""mono_ns"":""30250000000"",""wall_utc"":""2026-10-05T00:00:30.250Z""}},""resolved_at_utc"":""2026-10-05T00:00:30.250Z""}"
sim,sim-7dfe63d05c29c767e448370cc4a55b1e4ca0a4a04226b65d29499201d1961cb2-120,2026-10-05T00:00:30.000Z,beam_http,large,100000,5000,stratified-v0-splitmix64:full,0.009241678387248006,False,sim-r0,LANDED_OK,True,"{""id"":""sim-7dfe63d05c29c767e448370cc4a55b1e4ca0a4a04226b65d29499201d1961cb2-120"",""source"":""sim"",""config"":{""route"":""beam_http"",""tip_lamports"":""100000"",""cu_price_micro_lamports"":""5000"",""cu_limit"":300000,""fee_bucket"":""local_p90"",""tip_tier"":""x1"",""size_class"":""large""},""policy_id"":""stratified-v0-splitmix64:full"",""assignment_prob"":0.009241678387248006,""uniform_arm"":false,""regime_id"":""sim-r0"",""sent_slot"":""1000120"",""clock_id"":""sim-clock-v1"",""send_mono_ns"":""30000000000"",""send_wall_utc"":""2026-10-05T00:00:30.000Z"",""signature"":null,""blockhash"":""synthetic-blockhash-120"",""last_valid_block_height"":""1000136"",""leader_class_next"":[{""leader"":""synthetic-leader--1"",""skip_rate_tercile"":""unknown"",""stake_tercile"":""low""}],""outcome"":""LANDED_OK"",""landed_slot"":""1000122"",""landed_block_id"":""synthetic-block-1000122"",""landed_index"":0,""landed_index_scope"":""unknown"",""observer_first_seen"":{""grpc"":{""clock_id"":""sim-clock-v1"",""mono_ns"":""30500000000"",""wall_utc"":""2026-10-05T00:00:30.500Z""}},""resolved_at_utc"":""2026-10-05T00:00:30.500Z""}"
sim,sim-7dfe63d05c29c767e448370cc4a55b1e4ca0a4a04226b65d29499201d1961cb2-121,2026-10-05T00:00:30.250Z,beam_quic,medium,1000000,0,stratified-v0-splitmix64:full,0.009252653366803188,False,sim-r0,LANDED_OK,True,"{""id"":""sim-7dfe63d05c29c767e448370cc4a55b1e4ca0a4a04226b65d29499201d1961cb2-121"",""source"":""sim"",""config"":{""route"":""beam_quic"",""tip_lamports"":""1000000"",""cu_price_micro_lamports"":""0"",""cu_limit"":100000,""fee_bucket"":""zero"",""tip_tier"":""x10"",""size_class"":""medium""},""policy_id"":""stratified-v0-splitmix64:full"",""assignment_prob"":0.009252653366803188,""uniform_arm"":false,""regime_id"":""sim-r0"",""sent_slot"":""1000121"",""clock_id"":""sim-clock-v1"",""send_mono_ns"":""30250000000"",""send_wall_utc"":""2026-10-05T00:00:30.250Z"",""signature"":null,""blockhash"":""synthetic-blockhash-121"",""last_valid_block_height"":""1000137"",""leader_class_next"":[{""leader"":""synthetic-leader-1"",""skip_rate_tercile"":""unknown"",""stake_tercile"":""high""}],""outcome"":""LANDED_OK"",""landed_slot"":""1000122"",""landed_block_id"":""synthetic-block-1000122"",""landed_index"":0,""landed_index_scope"":""unknown"",""observer_first_seen"":{""grpc"":{""clock_id"":""sim-clock-v1"",""mono_ns"":""30500000000"",""wall_utc"":""2026-10-05T00:00:30.500Z""}},""resolved_at_utc"":""2026-10-05T00:00:30.500Z""}"
sim,sim-7dfe63d05c29c767e448370cc4a55b1e4ca0a4a04226b65d29499201d1961cb2-122,2026-10-05T00:00:30.500Z,beam_http,small,200000,0,stratified-v0-splitmix64:full,0.007873679875268437,True,sim-r0,LANDED_OK,True,"{""id"":""sim-7dfe63d05c29c767e448370cc4a55b1e4ca0a4a04226b65d29499201d1961cb2-122"",""source"":""sim"",""config"":{""route"":""beam_http"",""tip_lamports"":""200000"",""cu_price_micro_lamports"":""0"",""cu_limit"":25000,""fee_bucket"":""zero"",""tip_tier"":""x2"",""size_class"":""small""},""policy_id"":""stratified-v0-splitmix64:full"",""assignment_prob"":0.007873679875268437,""uniform_arm"":true,""regime_id"":""sim-r0"",""sent_slot"":""1000122"",""clock_id"":""sim-clock-v1"",""send_mono_ns"":""30500000000"",""send_wall_utc"":""2026-10-05T00:00:30.500Z"",""signature"":null,""blockhash"":""synthetic-blockhash-122"",""last_valid_block_height"":""1000138"",""leader_class_next"":[{""leader"":""synthetic-leader--1"",""skip_rate_tercile"":""unknown"",""stake_tercile"":""low""}],""outcome"":""LANDED_OK"",""landed_slot"":""1000123"",""landed_block_id"":""synthetic-block-1000123"",""landed_index"":0,""landed_index_scope"":""unknown"",""observer_first_seen"":{""grpc"":{""clock_id"":""sim-clock-v1"",""mono_ns"":""30750000000"",""wall_utc"":""2026-10-05T00:00:30.750Z""}},""resolved_at_utc"":""2026-10-05T00:00:30.750Z""}"
sim,sim-7dfe63d05c29c767e448370cc4a55b1e4ca0a4a04226b65d29499201d1961cb2-123,2026-10-05T00:00:30.750Z,beam_quic,small,200000,1000,stratified-v0-splitmix64:full,0.012053604300125175,False,sim-r0,LANDED_OK,True,"{""id"":""sim-7dfe63d05c29c767e448370cc4a55b1e4ca0a4a04226b65d29499201d1961cb2-123"",""source"":""sim"",""config"":{""route"":""beam_quic"",""tip_lamports"":""200000"",""cu_price_micro_lamports"":""1000"",""cu_limit"":25000,""fee_bucket"":""local_median"",""tip_tier"":""x2"",""size_class"":""small""},""policy_id"":""stratified-v0-splitmix64:full"",""assignment_prob"":0.012053604300125175,""uniform_arm"":false,""regime_id"":""sim-r0"",""sent_slot"":""1000123"",""clock_id"":""sim-clock-v1"",""send_mono_ns"":""30750000000"",""send_wall_utc"":""2026-10-05T00:00:30.750Z"",""signature"":null,""blockhash"":""synthetic-blockhash-123"",""last_valid_block_height"":""1000139"",""leader_class_next"":[{""leader"":""synthetic-leader-0"",""skip_rate_tercile"":""unknown"",""stake_tercile"":""middle""}],""outcome"":""LANDED_OK"",""landed_slot"":""1000125"",""landed_block_id"":""synthetic-block-1000125"",""landed_index"":0,""landed_index_scope"":""unknown"",""observer_first_seen"":{""grpc"":{""clock_id"":""sim-clock-v1"",""mono_ns"":""31250000000"",""wall_utc"":""2026-10-05T00:00:31.250Z""}},""resolved_at_utc"":""2026-10-05T00:00:31.250Z""}"
sim,sim-7dfe63d05c29c767e448370cc4a55b1e4ca0a4a04226b65d29499201d1961cb2-124,2026-10-05T00:00:31.000Z,beam_http,medium,100000,5000,stratified-v0-splitmix64:full,0.020470170769571965,False,sim-r0,LANDED_OK,True,"{""id"":""sim-7dfe63d05c29c767e448370cc4a55b1e4ca0a4a04226b65d29499201d1961cb2-124"",""source"":""sim"",""config"":{""route"":""beam_http"",""tip_lamports"":""100000"",""cu_price_micro_lamports"":""5000"",""cu_limit"":100000,""fee_bucket"":""local_p90"",""tip_tier"":""x1"",""size_class"":""medium""},""policy_id"":""stratified-v0-splitmix64:full"",""assignment_prob"":0.020470170769571965,""uniform_arm"":false,""regime_id"":""sim-r0"",""sent_slot"":""1000124"",""clock_id"":""sim-clock-v1"",""send_mono_ns"":""31000000000"",""send_wall_utc"":""2026-10-05T00:00:31.000Z"",""signature"":null,""blockhash"":""synthetic-blockhash-124"",""last_valid_block_height"":""1000140"",""leader_class_next"":[{""leader"":""synthetic-leader-1"",""skip_rate_tercile"":""unknown"",""stake_tercile"":""high""}],""outcome"":""LANDED_OK"",""landed_slot"":""1000125"",""landed_block_id"":""synthetic-block-1000125"",""landed_index"":0,""landed_index_scope"":""unknown"",""observer_first_seen"":{""grpc"":{""clock_id"":""sim-clock-v1"",""mono_ns"":""31250000000"",""wall_utc"":""2026-10-05T00:00:31.250Z""}},""resolved_at_utc"":""2026-10-05T00:00:31.250Z""}"
sim,sim-7dfe63d05c29c767e448370cc4a55b1e4ca0a4a04226b65d29499201d1961cb2-125,2026-10-05T00:00:31.250Z,beam_http,medium,100000,1000,stratified-v0-splitmix64:full,0.012188552188552188,False,sim-r0,LANDED_OK,True,"{""id"":""sim-7dfe63d05c29c767e448370cc4a55b1e4ca0a4a04226b65d29499201d1961cb2-125"",""source"":""sim"",""config"":{""route"":""beam_http"",""tip_lamports"":""100000"",""cu_price_micro_lamports"":""1000"",""cu_limit"":100000,""fee_bucket"":""local_median"",""tip_tier"":""x1"",""size_class"":""medium""},""policy_id"":""stratified-v0-splitmix64:full"",""assignment_prob"":0.012188552188552188,""uniform_arm"":false,""regime_id"":""sim-r0"",""sent_slot"":""1000125"",""clock_id"":""sim-clock-v1"",""send_mono_ns"":""31250000000"",""send_wall_utc"":""2026-10-05T00:00:31.250Z"",""signature"":null,""blockhash"":""synthetic-blockhash-125"",""last_valid_block_height"":""1000141"",""leader_class_next"":[{""leader"":""synthetic-leader-0"",""skip_rate_tercile"":""unknown"",""stake_tercile"":""middle""}],""outcome"":""LANDED_OK"",""landed_slot"":""1000126"",""landed_block_id"":""synthetic-block-1000126"",""landed_index"":0,""landed_index_scope"":""unknown"",""observer_first_seen"":{""grpc"":{""clock_id"":""sim-clock-v1"",""mono_ns"":""31500000000"",""wall_utc"":""2026-10-05T00:00:31.500Z""}},""resolved_at_utc"":""2026-10-05T00:00:31.500Z""}"
sim,sim-7dfe63d05c29c767e448370cc4a55b1e4ca0a4a04226b65d29499201d1961cb2-126,2026-10-05T00:00:31.500Z,beam_quic,large,100000,1000,stratified-v0-splitmix64:full,0.020742243257456237,True,sim-r0,LANDED_OK,True,"{""id"":""sim-7dfe63d05c29c767e448370cc4a55b1e4ca0a4a04226b65d29499201d1961cb2-126"",""source"":""sim"",""config"":{""route"":""beam_quic"",""tip_lamports"":""100000"",""cu_price_micro_lamports"":""1000"",""cu_limit"":300000,""fee_bucket"":""local_median"",""tip_tier"":""x1"",""size_class"":""large""},""policy_id"":""stratified-v0-splitmix64:full"",""assignment_prob"":0.020742243257456237,""uniform_arm"":true,""regime_id"":""sim-r0"",""sent_slot"":""1000126"",""clock_id"":""sim-clock-v1"",""send_mono_ns"":""31500000000"",""send_wall_utc"":""2026-10-05T00:00:31.500Z"",""signature"":null,""blockhash"":""synthetic-blockhash-126"",""last_valid_block_height"":""1000142"",""leader_class_next"":[{""leader"":""synthetic-leader-1"",""skip_rate_tercile"":""unknown"",""stake_tercile"":""high""}],""outcome"":""LANDED_OK"",""landed_slot"":""1000128"",""landed_block_id"":""synthetic-block-1000128"",""landed_index"":0,""landed_index_scope"":""unknown"",""observer_first_seen"":{""grpc"":{""clock_id"":""sim-clock-v1"",""mono_ns"":""32000000000"",""wall_utc"":""2026-10-05T00:00:32.000Z""}},""resolved_at_utc"":""2026-10-05T00:00:32.000Z""}"
sim,sim-7dfe63d05c29c767e448370cc4a55b1e4ca0a4a04226b65d29499201d1961cb2-127,2026-10-05T00:00:31.750Z,beam_quic,medium,100000,0,stratified-v0-splitmix64:full,0.020952163662635942,False,sim-r0,LANDED_OK,True,"{""id"":""sim-7dfe63d05c29c767e448370cc4a55b1e4ca0a4a04226b65d29499201d1961cb2-127"",""source"":""sim"",""config"":{""route"":""beam_quic"",""tip_lamports"":""100000"",""cu_price_micro_lamports"":""0"",""cu_limit"":100000,""fee_bucket"":""zero"",""tip_tier"":""x1"",""size_class"":""medium""},""policy_id"":""stratified-v0-splitmix64:full"",""assignment_prob"":0.020952163662635942,""uniform_arm"":false,""regime_id"":""sim-r0"",""sent_slot"":""1000127"",""clock_id"":""sim-clock-v1"",""send_mono_ns"":""31750000000"",""send_wall_utc"":""2026-10-05T00:00:31.750Z"",""signature"":null,""blockhash"":""synthetic-blockhash-127"",""last_valid_block_height"":""1000143"",""leader_class_next"":[{""leader"":""synthetic-leader--1"",""skip_rate_tercile"":""unknown"",""stake_tercile"":""low""}],""outcome"":""LANDED_OK"",""landed_slot"":""1000128"",""landed_block_id"":""synthetic-block-1000128"",""landed_index"":0,""landed_index_scope"":""unknown"",""observer_first_seen"":{""grpc"":{""clock_id"":""sim-clock-v1"",""mono_ns"":""32000000000"",""wall_utc"":""2026-10-05T00:00:32.000Z""}},""resolved_at_utc"":""2026-10-05T00:00:32.000Z""}"
sim,sim-7dfe63d05c29c767e448370cc4a55b1e4ca0a4a04226b65d29499201d1961cb2-128,2026-10-05T00:00:32.000Z,beam_quic,medium,500000,5000,stratified-v0-splitmix64:full,0.012435512435512436,True,sim-r0,LANDED_OK,True,"{""id"":""sim-7dfe63d05c29c767e448370cc4a55b1e4ca0a4a04226b65d29499201d1961cb2-128"",""source"":""sim"",""config"":{""route"":""beam_quic"",""tip_lamports"":""500000"",""cu_price_micro_lamports"":""5000"",""cu_limit"":100000,""fee_bucket"":""local_p90"",""tip_tier"":""x5"",""size_class"":""medium""},""policy_id"":""stratified-v0-splitmix64:full"",""assignment_prob"":0.012435512435512436,""uniform_arm"":true,""regime_id"":""sim-r0"",""sent_slot"":""1000128"",""clock_id"":""sim-clock-v1"",""send_mono_ns"":""32000000000"",""send_wall_utc"":""2026-10-05T00:00:32.000Z"",""signature"":null,""blockhash"":""synthetic-blockhash-128"",""last_valid_block_height"":""1000144"",""leader_class_next"":[{""leader"":""synthetic-leader-0"",""skip_rate_tercile"":""unknown"",""stake_tercile"":""middle""}],""outcome"":""LANDED_OK"",""landed_slot"":""1000129"",""landed_block_id"":""synthetic-block-1000129"",""landed_index"":0,""landed_index_scope"":""unknown"",""observer_first_seen"":{""grpc"":{""clock_id"":""sim-clock-v1"",""mono_ns"":""32250000000"",""wall_utc"":""2026-10-05T00:00:32.250Z""}},""resolved_at_utc"":""2026-10-05T00:00:32.250Z""}"
sim,sim-7dfe63d05c29c767e448370cc4a55b1e4ca0a4a04226b65d29499201d1961cb2-129,2026-10-05T00:00:32.250Z,beam_http,medium,100000,1000,stratified-v0-splitmix64:full,0.009549215185958401,False,sim-r0,LANDED_OK,True,"{""id"":""sim-7dfe63d05c29c767e448370cc4a55b1e4ca0a4a04226b65d29499201d1961cb2-129"",""source"":""sim"",""config"":{""route"":""beam_http"",""tip_lamports"":""100000"",""cu_price_micro_lamports"":""1000"",""cu_limit"":100000,""fee_bucket"":""local_median"",""tip_tier"":""x1"",""size_class"":""medium""},""policy_id"":""stratified-v0-splitmix64:full"",""assignment_prob"":0.009549215185958401,""uniform_arm"":false,""regime_id"":""sim-r0"",""sent_slot"":""1000129"",""clock_id"":""sim-clock-v1"",""send_mono_ns"":""32250000000"",""send_wall_utc"":""2026-10-05T00:00:32.250Z"",""signature"":null,""blockhash"":""synthetic-blockhash-129"",""last_valid_block_height"":""1000145"",""leader_class_next"":[{""leader"":""synthetic-leader-1"",""skip_rate_tercile"":""unknown"",""stake_tercile"":""high""}],""outcome"":""LANDED_OK"",""landed_slot"":""1000131"",""landed_block_id"":""synthetic-block-1000131"",""landed_index"":0,""landed_index_scope"":""unknown"",""observer_first_seen"":{""grpc"":{""clock_id"":""sim-clock-v1"",""mono_ns"":""32750000000"",""wall_utc"":""2026-10-05T00:00:32.750Z""}},""resolved_at_utc"":""2026-10-05T00:00:32.750Z""}"
sim,sim-7dfe63d05c29c767e448370cc4a55b1e4ca0a4a04226b65d29499201d1961cb2-130,2026-10-05T00:00:32.500Z,beam_http,large,200000,5000,stratified-v0-splitmix64:full,0.02127692546102588,True,sim-r0,LANDED_OK,True,"{""id"":""sim-7dfe63d05c29c767e448370cc4a55b1e4ca0a4a04226b65d29499201d1961cb2-130"",""source"":""sim"",""config"":{""route"":""beam_http"",""tip_lamports"":""200000"",""cu_price_micro_lamports"":""5000"",""cu_limit"":300000,""fee_bucket"":""local_p90"",""tip_tier"":""x2"",""size_class"":""large""},""policy_id"":""stratified-v0-splitmix64:full"",""assignment_prob"":0.02127692546102588,""uniform_arm"":true,""regime_id"":""sim-r0"",""sent_slot"":""1000130"",""clock_id"":""sim-clock-v1"",""send_mono_ns"":""32500000000"",""send_wall_utc"":""2026-10-05T00:00:32.500Z"",""signature"":null,""blockhash"":""synthetic-blockhash-130"",""last_valid_block_height"":""1000146"",""leader_class_next"":[{""leader"":""synthetic-leader--1"",""skip_rate_tercile"":""unknown"",""stake_tercile"":""low""}],""outcome"":""LANDED_OK"",""landed_slot"":""1000131"",""landed_block_id"":""synthetic-block-1000131"",""landed_index"":0,""landed_index_scope"":""unknown"",""observer_first_seen"":{""grpc"":{""clock_id"":""sim-clock-v1"",""mono_ns"":""32750000000"",""wall_utc"":""2026-10-05T00:00:32.750Z""}},""resolved_at_utc"":""2026-10-05T00:00:32.750Z""}"
sim,sim-7dfe63d05c29c767e448370cc4a55b1e4ca0a4a04226b65d29499201d1961cb2-131,2026-10-05T00:00:32.750Z,rpc,small,0,0,stratified-v0-splitmix64:full,0.009635907093534212,True,sim-r0,LANDED_OK,True,"{""id"":""sim-7dfe63d05c29c767e448370cc4a55b1e4ca0a4a04226b65d29499201d1961cb2-131"",""source"":""sim"",""config"":{""route"":""rpc"",""tip_lamports"":""0"",""cu_price_micro_lamports"":""0"",""cu_limit"":25000,""fee_bucket"":""zero"",""tip_tier"":""none"",""size_class"":""small""},""policy_id"":""stratified-v0-splitmix64:full"",""assignment_prob"":0.009635907093534212,""uniform_arm"":true,""regime_id"":""sim-r0"",""sent_slot"":""1000131"",""clock_id"":""sim-clock-v1"",""send_mono_ns"":""32750000000"",""send_wall_utc"":""2026-10-05T00:00:32.750Z"",""signature"":null,""blockhash"":""synthetic-blockhash-131"",""last_valid_block_height"":""1000147"",""leader_class_next"":[{""leader"":""synthetic-leader-1"",""skip_rate_tercile"":""unknown"",""stake_tercile"":""high""}],""outcome"":""LANDED_OK"",""landed_slot"":""1000133"",""landed_block_id"":""synthetic-block-1000133"",""landed_index"":0,""landed_index_scope"":""unknown"",""observer_first_seen"":{""grpc"":{""clock_id"":""sim-clock-v1"",""mono_ns"":""33250000000"",""wall_utc"":""2026-10-05T00:00:33.250Z""}},""resolved_at_utc"":""2026-10-05T00:00:33.250Z""}"
sim,sim-7dfe63d05c29c767e448370cc4a55b1e4ca0a4a04226b65d29499201d1961cb2-132,2026-10-05T00:00:33.000Z,beam_http,large,100000,0,stratified-v0-splitmix64:full,0.021538098608162304,False,sim-r0,LANDED_OK,True,"{""id"":""sim-7dfe63d05c29c767e448370cc4a55b1e4ca0a4a04226b65d29499201d1961cb2-132"",""source"":""sim"",""config"":{""route"":""beam_http"",""tip_lamports"":""100000"",""cu_price_micro_lamports"":""0"",""cu_limit"":300000,""fee_bucket"":""zero"",""tip_tier"":""x1"",""size_class"":""large""},""policy_id"":""stratified-v0-splitmix64:full"",""assignment_prob"":0.021538098608162304,""uniform_arm"":false,""regime_id"":""sim-r0"",""sent_slot"":""1000132"",""clock_id"":""sim-clock-v1"",""send_mono_ns"":""33000000000"",""send_wall_utc"":""2026-10-05T00:00:33.000Z"",""signature"":null,""blockhash"":""synthetic-blockhash-132"",""last_valid_block_height"":""1000148"",""leader_class_next"":[{""leader"":""synthetic-leader-1"",""skip_rate_tercile"":""unknown"",""stake_tercile"":""high""}],""outcome"":""LANDED_OK"",""landed_slot"":""1000136"",""landed_block_id"":""synthetic-block-1000136"",""landed_index"":0,""landed_index_scope"":""unknown"",""observer_first_seen"":{""grpc"":{""clock_id"":""sim-clock-v1"",""mono_ns"":""34000000000"",""wall_utc"":""2026-10-05T00:00:34.000Z""}},""resolved_at_utc"":""2026-10-05T00:00:34.000Z""}"
sim,sim-7dfe63d05c29c767e448370cc4a55b1e4ca0a4a04226b65d29499201d1961cb2-133,2026-10-05T00:00:33.250Z,beam_http,medium,100000,0,stratified-v0-splitmix64:full,0.00972520908004779,False,sim-r0,LANDED_OK,True,"{""id"":""sim-7dfe63d05c29c767e448370cc4a55b1e4ca0a4a04226b65d29499201d1961cb2-133"",""source"":""sim"",""config"":{""route"":""beam_http"",""tip_lamports"":""100000"",""cu_price_micro_lamports"":""0"",""cu_limit"":100000,""fee_bucket"":""zero"",""tip_tier"":""x1"",""size_class"":""medium""},""policy_id"":""stratified-v0-splitmix64:full"",""assignment_prob"":0.00972520908004779,""uniform_arm"":false,""regime_id"":""sim-r0"",""sent_slot"":""1000133"",""clock_id"":""sim-clock-v1"",""send_mono_ns"":""33250000000"",""send_wall_utc"":""2026-10-05T00:00:33.250Z"",""signature"":null,""blockhash"":""synthetic-blockhash-133"",""last_valid_block_height"":""1000149"",""leader_class_next"":[{""leader"":""synthetic-leader--1"",""skip_rate_tercile"":""unknown"",""stake_tercile"":""low""}],""outcome"":""LANDED_OK"",""landed_slot"":""1000134"",""landed_block_id"":""synthetic-block-1000134"",""landed_index"":0,""landed_index_scope"":""unknown"",""observer_first_seen"":{""grpc"":{""clock_id"":""sim-clock-v1"",""mono_ns"":""33500000000"",""wall_utc"":""2026-10-05T00:00:33.500Z""}},""resolved_at_utc"":""2026-10-05T00:00:33.500Z""}"
sim,sim-7dfe63d05c29c767e448370cc4a55b1e4ca0a4a04226b65d29499201d1961cb2-134,2026-10-05T00:00:33.500Z,beam_quic,large,1000000,0,stratified-v0-splitmix64:full,0.021807151979565773,True,sim-r0,LANDED_OK,True,"{""id"":""sim-7dfe63d05c29c767e448370cc4a55b1e4ca0a4a04226b65d29499201d1961cb2-134"",""source"":""sim"",""config"":{""route"":""beam_quic"",""tip_lamports"":""1000000"",""cu_price_micro_lamports"":""0"",""cu_limit"":300000,""fee_bucket"":""zero"",""tip_tier"":""x10"",""size_class"":""large""},""policy_id"":""stratified-v0-splitmix64:full"",""assignment_prob"":0.021807151979565773,""uniform_arm"":true,""regime_id"":""sim-r0"",""sent_slot"":""1000134"",""clock_id"":""sim-clock-v1"",""send_mono_ns"":""33500000000"",""send_wall_utc"":""2026-10-05T00:00:33.500Z"",""signature"":null,""blockhash"":""synthetic-blockhash-134"",""last_valid_block_height"":""1000150"",""leader_class_next"":[{""leader"":""synthetic-leader-1"",""skip_rate_tercile"":""unknown"",""stake_tercile"":""high""}],""outcome"":""LANDED_OK"",""landed_slot"":""1000135"",""landed_block_id"":""synthetic-block-1000135"",""landed_index"":0,""landed_index_scope"":""unknown"",""observer_first_seen"":{""grpc"":{""clock_id"":""sim-clock-v1"",""mono_ns"":""33750000000"",""wall_utc"":""2026-10-05T00:00:33.750Z""}},""resolved_at_utc"":""2026-10-05T00:00:33.750Z""}"
sim,sim-7dfe63d05c29c767e448370cc4a55b1e4ca0a4a04226b65d29499201d1961cb2-135,2026-10-05T00:00:33.750Z,beam_http,medium,100000,5000,stratified-v0-splitmix64:full,0.012874009380559598,False,sim-r0,LANDED_OK,True,"{""id"":""sim-7dfe63d05c29c767e448370cc4a55b1e4ca0a4a04226b65d29499201d1961cb2-135"",""source"":""sim"",""config"":{""route"":""beam_http"",""tip_lamports"":""100000"",""cu_price_micro_lamports"":""5000"",""cu_limit"":100000,""fee_bucket"":""local_p90"",""tip_tier"":""x1"",""size_class"":""medium""},""policy_id"":""stratified-v0-splitmix64:full"",""assignment_prob"":0.012874009380559598,""uniform_arm"":false,""regime_id"":""sim-r0"",""sent_slot"":""1000135"",""clock_id"":""sim-clock-v1"",""send_mono_ns"":""33750000000"",""send_wall_utc"":""2026-10-05T00:00:33.750Z"",""signature"":null,""blockhash"":""synthetic-blockhash-135"",""last_valid_block_height"":""1000151"",""leader_class_next"":[{""leader"":""synthetic-leader-1"",""skip_rate_tercile"":""unknown"",""stake_tercile"":""high""}],""outcome"":""LANDED_OK"",""landed_slot"":""1000136"",""landed_block_id"":""synthetic-block-1000136"",""landed_index"":0,""landed_index_scope"":""unknown"",""observer_first_seen"":{""grpc"":{""clock_id"":""sim-clock-v1"",""mono_ns"":""34000000000"",""wall_utc"":""2026-10-05T00:00:34.000Z""}},""resolved_at_utc"":""2026-10-05T00:00:34.000Z""}"
sim,sim-7dfe63d05c29c767e448370cc4a55b1e4ca0a4a04226b65d29499201d1961cb2-136,2026-10-05T00:00:34.000Z,rpc,medium,0,5000,stratified-v0-splitmix64:full,0.012914230019493178,False,sim-r0,LANDED_OK,True,"{""id"":""sim-7dfe63d05c29c767e448370cc4a55b1e4ca0a4a04226b65d29499201d1961cb2-136"",""source"":""sim"",""config"":{""route"":""rpc"",""tip_lamports"":""0"",""cu_price_micro_lamports"":""5000"",""cu_limit"":100000,""fee_bucket"":""local_p90"",""tip_tier"":""none"",""size_class"":""medium""},""policy_id"":""stratified-v0-splitmix64:full"",""assignment_prob"":0.012914230019493178,""uniform_arm"":false,""regime_id"":""sim-r0"",""sent_slot"":""1000136"",""clock_id"":""sim-clock-v1"",""send_mono_ns"":""34000000000"",""send_wall_utc"":""2026-10-05T00:00:34.000Z"",""signature"":null,""blockhash"":""synthetic-blockhash-136"",""last_valid_block_height"":""1000152"",""leader_class_next"":[{""leader"":""synthetic-leader-1"",""skip_rate_tercile"":""unknown"",""stake_tercile"":""high""}],""outcome"":""LANDED_OK"",""landed_slot"":""1000138"",""landed_block_id"":""synthetic-block-1000138"",""landed_index"":0,""landed_index_scope"":""unknown"",""observer_first_seen"":{""grpc"":{""clock_id"":""sim-clock-v1"",""mono_ns"":""34500000000"",""wall_utc"":""2026-10-05T00:00:34.500Z""}},""resolved_at_utc"":""2026-10-05T00:00:34.500Z""}"
sim,sim-7dfe63d05c29c767e448370cc4a55b1e4ca0a4a04226b65d29499201d1961cb2-137,2026-10-05T00:00:34.250Z,beam_http,small,500000,0,stratified-v0-splitmix64:full,0.009871104584760973,False,sim-r0,LANDED_OK,True,"{""id"":""sim-7dfe63d05c29c767e448370cc4a55b1e4ca0a4a04226b65d29499201d1961cb2-137"",""source"":""sim"",""config"":{""route"":""beam_http"",""tip_lamports"":""500000"",""cu_price_micro_lamports"":""0"",""cu_limit"":25000,""fee_bucket"":""zero"",""tip_tier"":""x5"",""size_class"":""small""},""policy_id"":""stratified-v0-splitmix64:full"",""assignment_prob"":0.009871104584760973,""uniform_arm"":false,""regime_id"":""sim-r0"",""sent_slot"":""1000137"",""clock_id"":""sim-clock-v1"",""send_mono_ns"":""34250000000"",""send_wall_utc"":""2026-10-05T00:00:34.250Z"",""signature"":null,""blockhash"":""synthetic-blockhash-137"",""last_valid_block_height"":""1000153"",""leader_class_next"":[{""leader"":""synthetic-leader-1"",""skip_rate_tercile"":""unknown"",""stake_tercile"":""high""}],""outcome"":""LANDED_OK"",""landed_slot"":""1000138"",""landed_block_id"":""synthetic-block-1000138"",""landed_index"":0,""landed_index_scope"":""unknown"",""observer_first_seen"":{""grpc"":{""clock_id"":""sim-clock-v1"",""mono_ns"":""34500000000"",""wall_utc"":""2026-10-05T00:00:34.500Z""}},""resolved_at_utc"":""2026-10-05T00:00:34.500Z""}"
sim,sim-7dfe63d05c29c767e448370cc4a55b1e4ca0a4a04226b65d29499201d1961cb2-138,2026-10-05T00:00:34.500Z,beam_http,large,200000,1000,stratified-v0-splitmix64:full,0.022246750061319594,False,sim-r0,LANDED_OK,True,"{""id"":""sim-7dfe63d05c29c767e448370cc4a55b1e4ca0a4a04226b65d29499201d1961cb2-138"",""source"":""sim"",""config"":{""route"":""beam_http"",""tip_lamports"":""200000"",""cu_price_micro_lamports"":""1000"",""cu_limit"":300000,""fee_bucket"":""local_median"",""tip_tier"":""x2"",""size_class"":""large""},""policy_id"":""stratified-v0-splitmix64:full"",""assignment_prob"":0.022246750061319594,""uniform_arm"":false,""regime_id"":""sim-r0"",""sent_slot"":""1000138"",""clock_id"":""sim-clock-v1"",""send_mono_ns"":""34500000000"",""send_wall_utc"":""2026-10-05T00:00:34.500Z"",""signature"":null,""blockhash"":""synthetic-blockhash-138"",""last_valid_block_height"":""1000154"",""leader_class_next"":[{""leader"":""synthetic-leader--1"",""skip_rate_tercile"":""unknown"",""stake_tercile"":""low""}],""outcome"":""LANDED_OK"",""landed_slot"":""1000139"",""landed_block_id"":""synthetic-block-1000139"",""landed_index"":0,""landed_index_scope"":""unknown"",""observer_first_seen"":{""grpc"":{""clock_id"":""sim-clock-v1"",""mono_ns"":""34750000000"",""wall_utc"":""2026-10-05T00:00:34.750Z""}},""resolved_at_utc"":""2026-10-05T00:00:34.750Z""}"
sim,sim-7dfe63d05c29c767e448370cc4a55b1e4ca0a4a04226b65d29499201d1961cb2-139,2026-10-05T00:00:34.750Z,beam_http,medium,100000,5000,stratified-v0-splitmix64:full,0.00996768580661198,False,sim-r0,LANDED_OK,True,"{""id"":""sim-7dfe63d05c29c767e448370cc4a55b1e4ca0a4a04226b65d29499201d1961cb2-139"",""source"":""sim"",""config"":{""route"":""beam_http"",""tip_lamports"":""100000"",""cu_price_micro_lamports"":""5000"",""cu_limit"":100000,""fee_bucket"":""local_p90"",""tip_tier"":""x1"",""size_class"":""medium""},""policy_id"":""stratified-v0-splitmix64:full"",""assignment_prob"":0.00996768580661198,""uniform_arm"":false,""regime_id"":""sim-r0"",""sent_slot"":""1000139"",""clock_id"":""sim-clock-v1"",""send_mono_ns"":""34750000000"",""send_wall_utc"":""2026-10-05T00:00:34.750Z"",""signature"":null,""blockhash"":""synthetic-blockhash-139"",""last_valid_block_height"":""1000155"",""leader_class_next"":[{""leader"":""synthetic-leader-0"",""skip_rate_tercile"":""unknown"",""stake_tercile"":""middle""}],""outcome"":""LANDED_OK"",""landed_slot"":""1000141"",""landed_block_id"":""synthetic-block-1000141"",""landed_index"":0,""landed_index_scope"":""unknown"",""observer_first_seen"":{""grpc"":{""clock_id"":""sim-clock-v1"",""mono_ns"":""35250000000"",""wall_utc"":""2026-10-05T00:00:35.250Z""}},""resolved_at_utc"":""2026-10-05T00:00:35.250Z""}"
sim,sim-7dfe63d05c29c767e448370cc4a55b1e4ca0a4a04226b65d29499201d1961cb2-140,2026-10-05T00:00:35.000Z,beam_quic,small,100000,0,stratified-v0-splitmix64:full,0.013120744062448097,False,sim-r0,LANDED_OK,True,"{""id"":""sim-7dfe63d05c29c767e448370cc4a55b1e4ca0a4a04226b65d29499201d1961cb2-140"",""source"":""sim"",""config"":{""route"":""beam_quic"",""tip_lamports"":""100000"",""cu_price_micro_lamports"":""0"",""cu_limit"":25000,""fee_bucket"":""zero"",""tip_tier"":""x1"",""size_class"":""small""},""policy_id"":""stratified-v0-splitmix64:full"",""assignment_prob"":0.013120744062448097,""uniform_arm"":false,""regime_id"":""sim-r0"",""sent_slot"":""1000140"",""clock_id"":""sim-clock-v1"",""send_mono_ns"":""35000000000"",""send_wall_utc"":""2026-10-05T00:00:35.000Z"",""signature"":null,""blockhash"":""synthetic-blockhash-140"",""last_valid_block_height"":""1000156"",""leader_class_next"":[{""leader"":""synthetic-leader-1"",""skip_rate_tercile"":""unknown"",""stake_tercile"":""high""}],""outcome"":""LANDED_OK"",""landed_slot"":""1000141"",""landed_block_id"":""synthetic-block-1000141"",""landed_index"":0,""landed_index_scope"":""unknown"",""observer_first_seen"":{""grpc"":{""clock_id"":""sim-clock-v1"",""mono_ns"":""35250000000"",""wall_utc"":""2026-10-05T00:00:35.250Z""}},""resolved_at_utc"":""2026-10-05T00:00:35.250Z""}"
sim,sim-7dfe63d05c29c767e448370cc4a55b1e4ca0a4a04226b65d29499201d1961cb2-141,2026-10-05T00:00:35.250Z,rpc,small,0,1000,stratified-v0-splitmix64:full,0.013163163163163162,True,sim-r0,LANDED_OK,True,"{""id"":""sim-7dfe63d05c29c767e448370cc4a55b1e4ca0a4a04226b65d29499201d1961cb2-141"",""source"":""sim"",""config"":{""route"":""rpc"",""tip_lamports"":""0"",""cu_price_micro_lamports"":""1000"",""cu_limit"":25000,""fee_bucket"":""local_median"",""tip_tier"":""none"",""size_class"":""small""},""policy_id"":""stratified-v0-splitmix64:full"",""assignment_prob"":0.013163163163163162,""uniform_arm"":true,""regime_id"":""sim-r0"",""sent_slot"":""1000141"",""clock_id"":""sim-clock-v1"",""send_mono_ns"":""35250000000"",""send_wall_utc"":""2026-10-05T00:00:35.250Z"",""signature"":null,""blockhash"":""synthetic-blockhash-141"",""last_valid_block_height"":""1000157"",""leader_class_next"":[{""leader"":""synthetic-leader-0"",""skip_rate_tercile"":""unknown"",""stake_tercile"":""middle""}],""outcome"":""LANDED_OK"",""landed_slot"":""1000144"",""landed_block_id"":""synthetic-block-1000144"",""landed_index"":0,""landed_index_scope"":""unknown"",""observer_first_seen"":{""grpc"":{""clock_id"":""sim-clock-v1"",""mono_ns"":""36000000000"",""wall_utc"":""2026-10-05T00:00:36.000Z""}},""resolved_at_utc"":""2026-10-05T00:00:36.000Z""}"
sim,sim-7dfe63d05c29c767e448370cc4a55b1e4ca0a4a04226b65d29499201d1961cb2-142,2026-10-05T00:00:35.500Z,beam_http,medium,1000000,0,stratified-v0-splitmix64:full,0.013205966147142617,False,sim-r0,LANDED_OK,True,"{""id"":""sim-7dfe63d05c29c767e448370cc4a55b1e4ca0a4a04226b65d29499201d1961cb2-142"",""source"":""sim"",""config"":{""route"":""beam_http"",""tip_lamports"":""1000000"",""cu_price_micro_lamports"":""0"",""cu_limit"":100000,""fee_bucket"":""zero"",""tip_tier"":""x10"",""size_class"":""medium""},""policy_id"":""stratified-v0-splitmix64:full"",""assignment_prob"":0.013205966147142617,""uniform_arm"":false,""regime_id"":""sim-r0"",""sent_slot"":""1000142"",""clock_id"":""sim-clock-v1"",""send_mono_ns"":""35500000000"",""send_wall_utc"":""2026-10-05T00:00:35.500Z"",""signature"":null,""blockhash"":""synthetic-blockhash-142"",""last_valid_block_height"":""1000158"",""leader_class_next"":[{""leader"":""synthetic-leader--1"",""skip_rate_tercile"":""unknown"",""stake_tercile"":""low""}],""outcome"":""LANDED_OK"",""landed_slot"":""1000144"",""landed_block_id"":""synthetic-block-1000144"",""landed_index"":0,""landed_index_scope"":""unknown"",""observer_first_seen"":{""grpc"":{""clock_id"":""sim-clock-v1"",""mono_ns"":""36000000000"",""wall_utc"":""2026-10-05T00:00:36.000Z""}},""resolved_at_utc"":""2026-10-05T00:00:36.000Z""}"
sim,sim-7dfe63d05c29c767e448370cc4a55b1e4ca0a4a04226b65d29499201d1961cb2-143,2026-10-05T00:00:35.750Z,beam_http,large,200000,5000,stratified-v0-splitmix64:full,0.01324915824915825,False,sim-r0,LANDED_OK,True,"{""id"":""sim-7dfe63d05c29c767e448370cc4a55b1e4ca0a4a04226b65d29499201d1961cb2-143"",""source"":""sim"",""config"":{""route"":""beam_http"",""tip_lamports"":""200000"",""cu_price_micro_lamports"":""5000"",""cu_limit"":300000,""fee_bucket"":""local_p90"",""tip_tier"":""x2"",""size_class"":""large""},""policy_id"":""stratified-v0-splitmix64:full"",""assignment_prob"":0.01324915824915825,""uniform_arm"":false,""regime_id"":""sim-r0"",""sent_slot"":""1000143"",""clock_id"":""sim-clock-v1"",""send_mono_ns"":""35750000000"",""send_wall_utc"":""2026-10-05T00:00:35.750Z"",""signature"":null,""blockhash"":""synthetic-blockhash-143"",""last_valid_block_height"":""1000159"",""leader_class_next"":[{""leader"":""synthetic-leader-1"",""skip_rate_tercile"":""unknown"",""stake_tercile"":""high""}],""outcome"":""LANDED_OK"",""landed_slot"":""1000144"",""landed_block_id"":""synthetic-block-1000144"",""landed_index"":0,""landed_index_scope"":""unknown"",""observer_first_seen"":{""grpc"":{""clock_id"":""sim-clock-v1"",""mono_ns"":""36000000000"",""wall_utc"":""2026-10-05T00:00:36.000Z""}},""resolved_at_utc"":""2026-10-05T00:00:36.000Z""}"
sim,sim-7dfe63d05c29c767e448370cc4a55b1e4ca0a4a04226b65d29499201d1961cb2-144,2026-10-05T00:00:36.000Z,beam_quic,large,500000,0,stratified-v0-splitmix64:full,0.010096397767630643,False,sim-r0,LANDED_OK,True,"{""id"":""sim-7dfe63d05c29c767e448370cc4a55b1e4ca0a4a04226b65d29499201d1961cb2-144"",""source"":""sim"",""config"":{""route"":""beam_quic"",""tip_lamports"":""500000"",""cu_price_micro_lamports"":""0"",""cu_limit"":300000,""fee_bucket"":""zero"",""tip_tier"":""x5"",""size_class"":""large""},""policy_id"":""stratified-v0-splitmix64:full"",""assignment_prob"":0.010096397767630643,""uniform_arm"":false,""regime_id"":""sim-r0"",""sent_slot"":""1000144"",""clock_id"":""sim-clock-v1"",""send_mono_ns"":""36000000000"",""send_wall_utc"":""2026-10-05T00:00:36.000Z"",""signature"":null,""blockhash"":""synthetic-blockhash-144"",""last_valid_block_height"":""1000160"",""leader_class_next"":[{""leader"":""synthetic-leader--1"",""skip_rate_tercile"":""unknown"",""stake_tercile"":""low""}],""outcome"":""LANDED_OK"",""landed_slot"":""1000146"",""landed_block_id"":""synthetic-block-1000146"",""landed_index"":0,""landed_index_scope"":""unknown"",""observer_first_seen"":{""grpc"":{""clock_id"":""sim-clock-v1"",""mono_ns"":""36500000000"",""wall_utc"":""2026-10-05T00:00:36.500Z""}},""resolved_at_utc"":""2026-10-05T00:00:36.500Z""}"
sim,sim-7dfe63d05c29c767e448370cc4a55b1e4ca0a4a04226b65d29499201d1961cb2-145,2026-10-05T00:00:36.250Z,beam_quic,large,100000,5000,stratified-v0-splitmix64:full,0.013314687685397068,False,sim-r0,LANDED_OK,True,"{""id"":""sim-7dfe63d05c29c767e448370cc4a55b1e4ca0a4a04226b65d29499201d1961cb2-145"",""source"":""sim"",""config"":{""route"":""beam_quic"",""tip_lamports"":""100000"",""cu_price_micro_lamports"":""5000"",""cu_limit"":300000,""fee_bucket"":""local_p90"",""tip_tier"":""x1"",""size_class"":""large""},""policy_id"":""stratified-v0-splitmix64:full"",""assignment_prob"":0.013314687685397068,""uniform_arm"":false,""regime_id"":""sim-r0"",""sent_slot"":""1000145"",""clock_id"":""sim-clock-v1"",""send_mono_ns"":""36250000000"",""send_wall_utc"":""2026-10-05T00:00:36.250Z"",""signature"":null,""blockhash"":""synthetic-blockhash-145"",""last_valid_block_height"":""1000161"",""leader_class_next"":[{""leader"":""synthetic-leader--1"",""skip_rate_tercile"":""unknown"",""stake_tercile"":""low""}],""outcome"":""LANDED_OK"",""landed_slot"":""1000146"",""landed_block_id"":""synthetic-block-1000146"",""landed_index"":0,""landed_index_scope"":""unknown"",""observer_first_seen"":{""grpc"":{""clock_id"":""sim-clock-v1"",""mono_ns"":""36500000000"",""wall_utc"":""2026-10-05T00:00:36.500Z""}},""resolved_at_utc"":""2026-10-05T00:00:36.500Z""}"
sim,sim-7dfe63d05c29c767e448370cc4a55b1e4ca0a4a04226b65d29499201d1961cb2-146,2026-10-05T00:00:36.500Z,rpc,large,0,5000,stratified-v0-splitmix64:full,0.008531289910600254,True,sim-r0,LANDED_OK,True,"{""id"":""sim-7dfe63d05c29c767e448370cc4a55b1e4ca0a4a04226b65d29499201d1961cb2-146"",""source"":""sim"",""config"":{""route"":""rpc"",""tip_lamports"":""0"",""cu_price_micro_lamports"":""5000"",""cu_limit"":300000,""fee_bucket"":""local_p90"",""tip_tier"":""none"",""size_class"":""large""},""policy_id"":""stratified-v0-splitmix64:full"",""assignment_prob"":0.008531289910600254,""uniform_arm"":true,""regime_id"":""sim-r0"",""sent_slot"":""1000146"",""clock_id"":""sim-clock-v1"",""send_mono_ns"":""36500000000"",""send_wall_utc"":""2026-10-05T00:00:36.500Z"",""signature"":null,""blockhash"":""synthetic-blockhash-146"",""last_valid_block_height"":""1000162"",""leader_class_next"":[{""leader"":""synthetic-leader-1"",""skip_rate_tercile"":""unknown"",""stake_tercile"":""high""}],""outcome"":""LANDED_OK"",""landed_slot"":""1000149"",""landed_block_id"":""synthetic-block-1000149"",""landed_index"":0,""landed_index_scope"":""unknown"",""observer_first_seen"":{""grpc"":{""clock_id"":""sim-clock-v1"",""mono_ns"":""37250000000"",""wall_utc"":""2026-10-05T00:00:37.250Z""}},""resolved_at_utc"":""2026-10-05T00:00:37.250Z""}"
sim,sim-7dfe63d05c29c767e448370cc4a55b1e4ca0a4a04226b65d29499201d1961cb2-147,2026-10-05T00:00:36.750Z,beam_quic,medium,1000000,5000,stratified-v0-splitmix64:full,0.01337221199099652,False,sim-r0,LANDED_OK,True,"{""id"":""sim-7dfe63d05c29c767e448370cc4a55b1e4ca0a4a04226b65d29499201d1961cb2-147"",""source"":""sim"",""config"":{""route"":""beam_quic"",""tip_lamports"":""1000000"",""cu_price_micro_lamports"":""5000"",""cu_limit"":100000,""fee_bucket"":""local_p90"",""tip_tier"":""x10"",""size_class"":""medium""},""policy_id"":""stratified-v0-splitmix64:full"",""assignment_prob"":0.01337221199099652,""uniform_arm"":false,""regime_id"":""sim-r0"",""sent_slot"":""1000147"",""clock_id"":""sim-clock-v1"",""send_mono_ns"":""36750000000"",""send_wall_utc"":""2026-10-05T00:00:36.750Z"",""signature"":null,""blockhash"":""synthetic-blockhash-147"",""last_valid_block_height"":""1000163"",""leader_class_next"":[{""leader"":""synthetic-leader-0"",""skip_rate_tercile"":""unknown"",""stake_tercile"":""middle""}],""outcome"":""LANDED_OK"",""landed_slot"":""1000148"",""landed_block_id"":""synthetic-block-1000148"",""landed_index"":0,""landed_index_scope"":""unknown"",""observer_first_seen"":{""grpc"":{""clock_id"":""sim-clock-v1"",""mono_ns"":""37000000000"",""wall_utc"":""2026-10-05T00:00:37.000Z""}},""resolved_at_utc"":""2026-10-05T00:00:37.000Z""}"
sim,sim-7dfe63d05c29c767e448370cc4a55b1e4ca0a4a04226b65d29499201d1961cb2-148,2026-10-05T00:00:37.000Z,beam_quic,small,500000,5000,stratified-v0-splitmix64:full,0.013416932195840612,False,sim-r0,LANDED_OK,True,"{""id"":""sim-7dfe63d05c29c767e448370cc4a55b1e4ca0a4a04226b65d29499201d1961cb2-148"",""source"":""sim"",""config"":{""route"":""beam_quic"",""tip_lamports"":""500000"",""cu_price_micro_lamports"":""5000"",""cu_limit"":25000,""fee_bucket"":""local_p90"",""tip_tier"":""x5"",""size_class"":""small""},""policy_id"":""stratified-v0-splitmix64:full"",""assignment_prob"":0.013416932195840612,""uniform_arm"":false,""regime_id"":""sim-r0"",""sent_slot"":""1000148"",""clock_id"":""sim-clock-v1"",""send_mono_ns"":""37000000000"",""send_wall_utc"":""2026-10-05T00:00:37.000Z"",""signature"":null,""blockhash"":""synthetic-blockhash-148"",""last_valid_block_height"":""1000164"",""leader_class_next"":[{""leader"":""synthetic-leader-0"",""skip_rate_tercile"":""unknown"",""stake_tercile"":""middle""}],""outcome"":""LANDED_OK"",""landed_slot"":""1000149"",""landed_block_id"":""synthetic-block-1000149"",""landed_index"":0,""landed_index_scope"":""unknown"",""observer_first_seen"":{""grpc"":{""clock_id"":""sim-clock-v1"",""mono_ns"":""37250000000"",""wall_utc"":""2026-10-05T00:00:37.250Z""}},""resolved_at_utc"":""2026-10-05T00:00:37.250Z""}"
sim,sim-7dfe63d05c29c767e448370cc4a55b1e4ca0a4a04226b65d29499201d1961cb2-149,2026-10-05T00:00:37.250Z,beam_quic,small,500000,5000,stratified-v0-splitmix64:full,0.010209279911882141,False,sim-r0,EXPIRED,True,"{""id"":""sim-7dfe63d05c29c767e448370cc4a55b1e4ca0a4a04226b65d29499201d1961cb2-149"",""source"":""sim"",""config"":{""route"":""beam_quic"",""tip_lamports"":""500000"",""cu_price_micro_lamports"":""5000"",""cu_limit"":25000,""fee_bucket"":""local_p90"",""tip_tier"":""x5"",""size_class"":""small""},""policy_id"":""stratified-v0-splitmix64:full"",""assignment_prob"":0.010209279911882141,""uniform_arm"":false,""regime_id"":""sim-r0"",""sent_slot"":""1000149"",""clock_id"":""sim-clock-v1"",""send_mono_ns"":""37250000000"",""send_wall_utc"":""2026-10-05T00:00:37.250Z"",""signature"":null,""blockhash"":""synthetic-blockhash-149"",""last_valid_block_height"":""1000165"",""leader_class_next"":[{""leader"":""synthetic-leader--1"",""skip_rate_tercile"":""unknown"",""stake_tercile"":""low""}],""outcome"":""EXPIRED"",""landed_slot"":null,""landed_block_id"":null,""landed_index"":null,""landed_index_scope"":null,""observer_first_seen"":{},""resolved_at_utc"":""2026-10-05T00:00:41.500Z""}"
sim,sim-7dfe63d05c29c767e448370cc4a55b1e4ca0a4a04226b65d29499201d1961cb2-150,2026-10-05T00:00:37.500Z,beam_http,medium,500000,0,stratified-v0-splitmix64:full,0.023265883489451255,False,sim-r0,LANDED_OK,True,"{""id"":""sim-7dfe63d05c29c767e448370cc4a55b1e4ca0a4a04226b65d29499201d1961cb2-150"",""source"":""sim"",""config"":{""route"":""beam_http"",""tip_lamports"":""500000"",""cu_price_micro_lamports"":""0"",""cu_limit"":100000,""fee_bucket"":""zero"",""tip_tier"":""x5"",""size_class"":""medium""},""policy_id"":""stratified-v0-splitmix64:full"",""assignment_prob"":0.023265883489451255,""uniform_arm"":false,""regime_id"":""sim-r0"",""sent_slot"":""1000150"",""clock_id"":""sim-clock-v1"",""send_mono_ns"":""37500000000"",""send_wall_utc"":""2026-10-05T00:00:37.500Z"",""signature"":null,""blockhash"":""synthetic-blockhash-150"",""last_valid_block_height"":""1000166"",""leader_class_next"":[{""leader"":""synthetic-leader-0"",""skip_rate_tercile"":""unknown"",""stake_tercile"":""middle""}],""outcome"":""LANDED_OK"",""landed_slot"":""1000151"",""landed_block_id"":""synthetic-block-1000151"",""landed_index"":0,""landed_index_scope"":""unknown"",""observer_first_seen"":{""grpc"":{""clock_id"":""sim-clock-v1"",""mono_ns"":""37750000000"",""wall_utc"":""2026-10-05T00:00:37.750Z""}},""resolved_at_utc"":""2026-10-05T00:00:37.750Z""}"
sim,sim-7dfe63d05c29c767e448370cc4a55b1e4ca0a4a04226b65d29499201d1961cb2-151,2026-10-05T00:00:37.750Z,beam_http,medium,500000,0,stratified-v0-splitmix64:full,0.013623401389107578,False,sim-r0,LANDED_OK,True,"{""id"":""sim-7dfe63d05c29c767e448370cc4a55b1e4ca0a4a04226b65d29499201d1961cb2-151"",""source"":""sim"",""config"":{""route"":""beam_http"",""tip_lamports"":""500000"",""cu_price_micro_lamports"":""0"",""cu_limit"":100000,""fee_bucket"":""zero"",""tip_tier"":""x5"",""size_class"":""medium""},""policy_id"":""stratified-v0-splitmix64:full"",""assignment_prob"":0.013623401389107578,""uniform_arm"":false,""regime_id"":""sim-r0"",""sent_slot"":""1000151"",""clock_id"":""sim-clock-v1"",""send_mono_ns"":""37750000000"",""send_wall_utc"":""2026-10-05T00:00:37.750Z"",""signature"":null,""blockhash"":""synthetic-blockhash-151"",""last_valid_block_height"":""1000167"",""leader_class_next"":[{""leader"":""synthetic-leader-0"",""skip_rate_tercile"":""unknown"",""stake_tercile"":""middle""}],""outcome"":""LANDED_OK"",""landed_slot"":""1000153"",""landed_block_id"":""synthetic-block-1000153"",""landed_index"":0,""landed_index_scope"":""unknown"",""observer_first_seen"":{""grpc"":{""clock_id"":""sim-clock-v1"",""mono_ns"":""38250000000"",""wall_utc"":""2026-10-05T00:00:38.250Z""}},""resolved_at_utc"":""2026-10-05T00:00:38.250Z""}"
sim,sim-7dfe63d05c29c767e448370cc4a55b1e4ca0a4a04226b65d29499201d1961cb2-152,2026-10-05T00:00:38.000Z,beam_quic,small,200000,0,stratified-v0-splitmix64:full,0.02363725852097945,False,sim-r0,LANDED_OK,True,"{""id"":""sim-7dfe63d05c29c767e448370cc4a55b1e4ca0a4a04226b65d29499201d1961cb2-152"",""source"":""sim"",""config"":{""route"":""beam_quic"",""tip_lamports"":""200000"",""cu_price_micro_lamports"":""0"",""cu_limit"":25000,""fee_bucket"":""zero"",""tip_tier"":""x2"",""size_class"":""small""},""policy_id"":""stratified-v0-splitmix64:full"",""assignment_prob"":0.02363725852097945,""uniform_arm"":false,""regime_id"":""sim-r0"",""sent_slot"":""1000152"",""clock_id"":""sim-clock-v1"",""send_mono_ns"":""38000000000"",""send_wall_utc"":""2026-10-05T00:00:38.000Z"",""signature"":null,""blockhash"":""synthetic-blockhash-152"",""last_valid_block_height"":""1000168"",""leader_class_next"":[{""leader"":""synthetic-leader-1"",""skip_rate_tercile"":""unknown"",""stake_tercile"":""high""}],""outcome"":""LANDED_OK"",""landed_slot"":""1000153"",""landed_block_id"":""synthetic-block-1000153"",""landed_index"":0,""landed_index_scope"":""unknown"",""observer_first_seen"":{""grpc"":{""clock_id"":""sim-clock-v1"",""mono_ns"":""38250000000"",""wall_utc"":""2026-10-05T00:00:38.250Z""}},""resolved_at_utc"":""2026-10-05T00:00:38.250Z""}"
sim,sim-7dfe63d05c29c767e448370cc4a55b1e4ca0a4a04226b65d29499201d1961cb2-153,2026-10-05T00:00:38.250Z,beam_quic,small,500000,1000,stratified-v0-splitmix64:full,0.008759072023395568,False,sim-r0,LANDED_OK,True,"{""id"":""sim-7dfe63d05c29c767e448370cc4a55b1e4ca0a4a04226b65d29499201d1961cb2-153"",""source"":""sim"",""config"":{""route"":""beam_quic"",""tip_lamports"":""500000"",""cu_price_micro_lamports"":""1000"",""cu_limit"":25000,""fee_bucket"":""local_median"",""tip_tier"":""x5"",""size_class"":""small""},""policy_id"":""stratified-v0-splitmix64:full"",""assignment_prob"":0.008759072023395568,""uniform_arm"":false,""regime_id"":""sim-r0"",""sent_slot"":""1000153"",""clock_id"":""sim-clock-v1"",""send_mono_ns"":""38250000000"",""send_wall_utc"":""2026-10-05T00:00:38.250Z"",""signature"":null,""blockhash"":""synthetic-blockhash-153"",""last_valid_block_height"":""1000169"",""leader_class_next"":[{""leader"":""synthetic-leader-0"",""skip_rate_tercile"":""unknown"",""stake_tercile"":""middle""}],""outcome"":""LANDED_OK"",""landed_slot"":""1000154"",""landed_block_id"":""synthetic-block-1000154"",""landed_index"":0,""landed_index_scope"":""unknown"",""observer_first_seen"":{""grpc"":{""clock_id"":""sim-clock-v1"",""mono_ns"":""38500000000"",""wall_utc"":""2026-10-05T00:00:38.500Z""}},""resolved_at_utc"":""2026-10-05T00:00:38.500Z""}"
sim,sim-7dfe63d05c29c767e448370cc4a55b1e4ca0a4a04226b65d29499201d1961cb2-154,2026-10-05T00:00:38.500Z,beam_quic,medium,500000,5000,stratified-v0-splitmix64:full,0.010453944783742276,False,sim-r0,LANDED_OK,True,"{""id"":""sim-7dfe63d05c29c767e448370cc4a55b1e4ca0a4a04226b65d29499201d1961cb2-154"",""source"":""sim"",""config"":{""route"":""beam_quic"",""tip_lamports"":""500000"",""cu_price_micro_lamports"":""5000"",""cu_limit"":100000,""fee_bucket"":""local_p90"",""tip_tier"":""x5"",""size_class"":""medium""},""policy_id"":""stratified-v0-splitmix64:full"",""assignment_prob"":0.010453944783742276,""uniform_arm"":false,""regime_id"":""sim-r0"",""sent_slot"":""1000154"",""clock_id"":""sim-clock-v1"",""send_mono_ns"":""38500000000"",""send_wall_utc"":""2026-10-05T00:00:38.500Z"",""signature"":null,""blockhash"":""synthetic-blockhash-154"",""last_valid_block_height"":""1000170"",""leader_class_next"":[{""leader"":""synthetic-leader-0"",""skip_rate_tercile"":""unknown"",""stake_tercile"":""middle""}],""outcome"":""LANDED_OK"",""landed_slot"":""1000155"",""landed_block_id"":""synthetic-block-1000155"",""landed_index"":0,""landed_index_scope"":""unknown"",""observer_first_seen"":{""grpc"":{""clock_id"":""sim-clock-v1"",""mono_ns"":""38750000000"",""wall_utc"":""2026-10-05T00:00:38.750Z""}},""resolved_at_utc"":""2026-10-05T00:00:38.750Z""}"
sim,sim-7dfe63d05c29c767e448370cc4a55b1e4ca0a4a04226b65d29499201d1961cb2-155,2026-10-05T00:00:38.750Z,beam_http,medium,500000,5000,stratified-v0-splitmix64:full,0.013853534539856436,False,sim-r0,LANDED_OK,True,"{""id"":""sim-7dfe63d05c29c767e448370cc4a55b1e4ca0a4a04226b65d29499201d1961cb2-155"",""source"":""sim"",""config"":{""route"":""beam_http"",""tip_lamports"":""500000"",""cu_price_micro_lamports"":""5000"",""cu_limit"":100000,""fee_bucket"":""local_p90"",""tip_tier"":""x5"",""size_class"":""medium""},""policy_id"":""stratified-v0-splitmix64:full"",""assignment_prob"":0.013853534539856436,""uniform_arm"":false,""regime_id"":""sim-r0"",""sent_slot"":""1000155"",""clock_id"":""sim-clock-v1"",""send_mono_ns"":""38750000000"",""send_wall_utc"":""2026-10-05T00:00:38.750Z"",""signature"":null,""blockhash"":""synthetic-blockhash-155"",""last_valid_block_height"":""1000171"",""leader_class_next"":[{""leader"":""synthetic-leader--1"",""skip_rate_tercile"":""unknown"",""stake_tercile"":""low""}],""outcome"":""LANDED_OK"",""landed_slot"":""1000156"",""landed_block_id"":""synthetic-block-1000156"",""landed_index"":0,""landed_index_scope"":""unknown"",""observer_first_seen"":{""grpc"":{""clock_id"":""sim-clock-v1"",""mono_ns"":""39000000000"",""wall_utc"":""2026-10-05T00:00:39.000Z""}},""resolved_at_utc"":""2026-10-05T00:00:39.000Z""}"
sim,sim-7dfe63d05c29c767e448370cc4a55b1e4ca0a4a04226b65d29499201d1961cb2-156,2026-10-05T00:00:39.000Z,rpc,medium,0,0,stratified-v0-splitmix64:full,0.013902829492921771,True,sim-r0,LANDED_OK,True,"{""id"":""sim-7dfe63d05c29c767e448370cc4a55b1e4ca0a4a04226b65d29499201d1961cb2-156"",""source"":""sim"",""config"":{""route"":""rpc"",""tip_lamports"":""0"",""cu_price_micro_lamports"":""0"",""cu_limit"":100000,""fee_bucket"":""zero"",""tip_tier"":""none"",""size_class"":""medium""},""policy_id"":""stratified-v0-splitmix64:full"",""assignment_prob"":0.013902829492921771,""uniform_arm"":true,""regime_id"":""sim-r0"",""sent_slot"":""1000156"",""clock_id"":""sim-clock-v1"",""send_mono_ns"":""39000000000"",""send_wall_utc"":""2026-10-05T00:00:39.000Z"",""signature"":null,""blockhash"":""synthetic-blockhash-156"",""last_valid_block_height"":""1000172"",""leader_class_next"":[{""leader"":""synthetic-leader--1"",""skip_rate_tercile"":""unknown"",""stake_tercile"":""low""}],""outcome"":""LANDED_OK"",""landed_slot"":""1000157"",""landed_block_id"":""synthetic-block-1000157"",""landed_index"":0,""landed_index_scope"":""unknown"",""observer_first_seen"":{""grpc"":{""clock_id"":""sim-clock-v1"",""mono_ns"":""39250000000"",""wall_utc"":""2026-10-05T00:00:39.250Z""}},""resolved_at_utc"":""2026-10-05T00:00:39.250Z""}"
sim,sim-7dfe63d05c29c767e448370cc4a55b1e4ca0a4a04226b65d29499201d1961cb2-157,2026-10-05T00:00:39.250Z,beam_http,large,1000000,1000,stratified-v0-splitmix64:full,0.013952605607071202,False,sim-r0,LANDED_OK,True,"{""id"":""sim-7dfe63d05c29c767e448370cc4a55b1e4ca0a4a04226b65d29499201d1961cb2-157"",""source"":""sim"",""config"":{""route"":""beam_http"",""tip_lamports"":""1000000"",""cu_price_micro_lamports"":""1000"",""cu_limit"":300000,""fee_bucket"":""local_median"",""tip_tier"":""x10"",""size_class"":""large""},""policy_id"":""stratified-v0-splitmix64:full"",""assignment_prob"":0.013952605607071202,""uniform_arm"":false,""regime_id"":""sim-r0"",""sent_slot"":""1000157"",""clock_id"":""sim-clock-v1"",""send_mono_ns"":""39250000000"",""send_wall_utc"":""2026-10-05T00:00:39.250Z"",""signature"":null,""blockhash"":""synthetic-blockhash-157"",""last_valid_block_height"":""1000173"",""leader_class_next"":[{""leader"":""synthetic-leader-1"",""skip_rate_tercile"":""unknown"",""stake_tercile"":""high""}],""outcome"":""LANDED_OK"",""landed_slot"":""1000159"",""landed_block_id"":""synthetic-block-1000159"",""landed_index"":0,""landed_index_scope"":""unknown"",""observer_first_seen"":{""grpc"":{""clock_id"":""sim-clock-v1"",""mono_ns"":""39750000000"",""wall_utc"":""2026-10-05T00:00:39.750Z""}},""resolved_at_utc"":""2026-10-05T00:00:39.750Z""}"
sim,sim-7dfe63d05c29c767e448370cc4a55b1e4ca0a4a04226b65d29499201d1961cb2-158,2026-10-05T00:00:39.500Z,beam_http,small,200000,5000,stratified-v0-splitmix64:full,0.02430203621964289,False,sim-r0,LANDED_OK,True,"{""id"":""sim-7dfe63d05c29c767e448370cc4a55b1e4ca0a4a04226b65d29499201d1961cb2-158"",""source"":""sim"",""config"":{""route"":""beam_http"",""tip_lamports"":""200000"",""cu_price_micro_lamports"":""5000"",""cu_limit"":25000,""fee_bucket"":""local_p90"",""tip_tier"":""x2"",""size_class"":""small""},""policy_id"":""stratified-v0-splitmix64:full"",""assignment_prob"":0.02430203621964289,""uniform_arm"":false,""regime_id"":""sim-r0"",""sent_slot"":""1000158"",""clock_id"":""sim-clock-v1"",""send_mono_ns"":""39500000000"",""send_wall_utc"":""2026-10-05T00:00:39.500Z"",""signature"":null,""blockhash"":""synthetic-blockhash-158"",""last_valid_block_height"":""1000174"",""leader_class_next"":[{""leader"":""synthetic-leader--1"",""skip_rate_tercile"":""unknown"",""stake_tercile"":""low""}],""outcome"":""LANDED_OK"",""landed_slot"":""1000159"",""landed_block_id"":""synthetic-block-1000159"",""landed_index"":0,""landed_index_scope"":""unknown"",""observer_first_seen"":{""grpc"":{""clock_id"":""sim-clock-v1"",""mono_ns"":""39750000000"",""wall_utc"":""2026-10-05T00:00:39.750Z""}},""resolved_at_utc"":""2026-10-05T00:00:39.750Z""}"
sim,sim-7dfe63d05c29c767e448370cc4a55b1e4ca0a4a04226b65d29499201d1961cb2-159,2026-10-05T00:00:39.750Z,beam_http,small,100000,1000,stratified-v0-splitmix64:full,0.007884888372693251,True,sim-r0,LANDED_OK,True,"{""id"":""sim-7dfe63d05c29c767e448370cc4a55b1e4ca0a4a04226b65d29499201d1961cb2-159"",""source"":""sim"",""config"":{""route"":""beam_http"",""tip_lamports"":""100000"",""cu_price_micro_lamports"":""1000"",""cu_limit"":25000,""fee_bucket"":""local_median"",""tip_tier"":""x1"",""size_class"":""small""},""policy_id"":""stratified-v0-splitmix64:full"",""assignment_prob"":0.007884888372693251,""uniform_arm"":true,""regime_id"":""sim-r0"",""sent_slot"":""1000159"",""clock_id"":""sim-clock-v1"",""send_mono_ns"":""39750000000"",""send_wall_utc"":""2026-10-05T00:00:39.750Z"",""signature"":null,""blockhash"":""synthetic-blockhash-159"",""last_valid_block_height"":""1000175"",""leader_class_next"":[{""leader"":""synthetic-leader-1"",""skip_rate_tercile"":""unknown"",""stake_tercile"":""high""}],""outcome"":""LANDED_OK"",""landed_slot"":""1000160"",""landed_block_id"":""synthetic-block-1000160"",""landed_index"":0,""landed_index_scope"":""unknown"",""observer_first_seen"":{""grpc"":{""clock_id"":""sim-clock-v1"",""mono_ns"":""40000000000"",""wall_utc"":""2026-10-05T00:00:40.000Z""}},""resolved_at_utc"":""2026-10-05T00:00:40.000Z""}"
sim,sim-7dfe63d05c29c767e448370cc4a55b1e4ca0a4a04226b65d29499201d1961cb2-160,2026-10-05T00:00:40.000Z,beam_quic,large,100000,0,stratified-v0-splitmix64:full,0.007889054974256769,True,sim-r0,LANDED_OK,True,"{""id"":""sim-7dfe63d05c29c767e448370cc4a55b1e4ca0a4a04226b65d29499201d1961cb2-160"",""source"":""sim"",""config"":{""route"":""beam_quic"",""tip_lamports"":""100000"",""cu_price_micro_lamports"":""0"",""cu_limit"":300000,""fee_bucket"":""zero"",""tip_tier"":""x1"",""size_class"":""large""},""policy_id"":""stratified-v0-splitmix64:full"",""assignment_prob"":0.007889054974256769,""uniform_arm"":true,""regime_id"":""sim-r0"",""sent_slot"":""1000160"",""clock_id"":""sim-clock-v1"",""send_mono_ns"":""40000000000"",""send_wall_utc"":""2026-10-05T00:00:40.000Z"",""signature"":null,""blockhash"":""synthetic-blockhash-160"",""last_valid_block_height"":""1000176"",""leader_class_next"":[{""leader"":""synthetic-leader-1"",""skip_rate_tercile"":""unknown"",""stake_tercile"":""high""}],""outcome"":""LANDED_OK"",""landed_slot"":""1000161"",""landed_block_id"":""synthetic-block-1000161"",""landed_index"":0,""landed_index_scope"":""unknown"",""observer_first_seen"":{""grpc"":{""clock_id"":""sim-clock-v1"",""mono_ns"":""40250000000"",""wall_utc"":""2026-10-05T00:00:40.250Z""}},""resolved_at_utc"":""2026-10-05T00:00:40.250Z""}"
sim,sim-7dfe63d05c29c767e448370cc4a55b1e4ca0a4a04226b65d29499201d1961cb2-161,2026-10-05T00:00:40.250Z,beam_quic,large,500000,0,stratified-v0-splitmix64:full,0.008940611434377022,False,sim-r0,LANDED_OK,True,"{""id"":""sim-7dfe63d05c29c767e448370cc4a55b1e4ca0a4a04226b65d29499201d1961cb2-161"",""source"":""sim"",""config"":{""route"":""beam_quic"",""tip_lamports"":""500000"",""cu_price_micro_lamports"":""0"",""cu_limit"":300000,""fee_bucket"":""zero"",""tip_tier"":""x5"",""size_class"":""large""},""policy_id"":""stratified-v0-splitmix64:full"",""assignment_prob"":0.008940611434377022,""uniform_arm"":false,""regime_id"":""sim-r0"",""sent_slot"":""1000161"",""clock_id"":""sim-clock-v1"",""send_mono_ns"":""40250000000"",""send_wall_utc"":""2026-10-05T00:00:40.250Z"",""signature"":null,""blockhash"":""synthetic-blockhash-161"",""last_valid_block_height"":""1000177"",""leader_class_next"":[{""leader"":""synthetic-leader-1"",""skip_rate_tercile"":""unknown"",""stake_tercile"":""high""}],""outcome"":""LANDED_OK"",""landed_slot"":""1000162"",""landed_block_id"":""synthetic-block-1000162"",""landed_index"":0,""landed_index_scope"":""unknown"",""observer_first_seen"":{""grpc"":{""clock_id"":""sim-clock-v1"",""mono_ns"":""40500000000"",""wall_utc"":""2026-10-05T00:00:40.500Z""}},""resolved_at_utc"":""2026-10-05T00:00:40.500Z""}"
sim,sim-7dfe63d05c29c767e448370cc4a55b1e4ca0a4a04226b65d29499201d1961cb2-162,2026-10-05T00:00:40.500Z,beam_quic,small,1000000,0,stratified-v0-splitmix64:full,0.010696710696710698,True,sim-r0,LANDED_OK,True,"{""id"":""sim-7dfe63d05c29c767e448370cc4a55b1e4ca0a4a04226b65d29499201d1961cb2-162"",""source"":""sim"",""config"":{""route"":""beam_quic"",""tip_lamports"":""1000000"",""cu_price_micro_lamports"":""0"",""cu_limit"":25000,""fee_bucket"":""zero"",""tip_tier"":""x10"",""size_class"":""small""},""policy_id"":""stratified-v0-splitmix64:full"",""assignment_prob"":0.010696710696710698,""uniform_arm"":true,""regime_id"":""sim-r0"",""sent_slot"":""1000162"",""clock_id"":""sim-clock-v1"",""send_mono_ns"":""40500000000"",""send_wall_utc"":""2026-10-05T00:00:40.500Z"",""signature"":null,""blockhash"":""synthetic-blockhash-162"",""last_valid_block_height"":""1000178"",""leader_class_next"":[{""leader"":""synthetic-leader--1"",""skip_rate_tercile"":""unknown"",""stake_tercile"":""low""}],""outcome"":""LANDED_OK"",""landed_slot"":""1000163"",""landed_block_id"":""synthetic-block-1000163"",""landed_index"":0,""landed_index_scope"":""unknown"",""observer_first_seen"":{""grpc"":{""clock_id"":""sim-clock-v1"",""mono_ns"":""40750000000"",""wall_utc"":""2026-10-05T00:00:40.750Z""}},""resolved_at_utc"":""2026-10-05T00:00:40.750Z""}"
sim,sim-7dfe63d05c29c767e448370cc4a55b1e4ca0a4a04226b65d29499201d1961cb2-163,2026-10-05T00:00:40.750Z,beam_quic,large,200000,5000,stratified-v0-splitmix64:full,0.008961590533949073,False,sim-r0,EXPIRED,True,"{""id"":""sim-7dfe63d05c29c767e448370cc4a55b1e4ca0a4a04226b65d29499201d1961cb2-163"",""source"":""sim"",""config"":{""route"":""beam_quic"",""tip_lamports"":""200000"",""cu_price_micro_lamports"":""5000"",""cu_limit"":300000,""fee_bucket"":""local_p90"",""tip_tier"":""x2"",""size_class"":""large""},""policy_id"":""stratified-v0-splitmix64:full"",""assignment_prob"":0.008961590533949073,""uniform_arm"":false,""regime_id"":""sim-r0"",""sent_slot"":""1000163"",""clock_id"":""sim-clock-v1"",""send_mono_ns"":""40750000000"",""send_wall_utc"":""2026-10-05T00:00:40.750Z"",""signature"":null,""blockhash"":""synthetic-blockhash-163"",""last_valid_block_height"":""1000179"",""leader_class_next"":[{""leader"":""synthetic-leader-0"",""skip_rate_tercile"":""unknown"",""stake_tercile"":""middle""}],""outcome"":""EXPIRED"",""landed_slot"":null,""landed_block_id"":null,""landed_index"":null,""landed_index_scope"":null,""observer_first_seen"":{},""resolved_at_utc"":""2026-10-05T00:00:45.000Z""}"
sim,sim-7dfe63d05c29c767e448370cc4a55b1e4ca0a4a04226b65d29499201d1961cb2-164,2026-10-05T00:00:41.000Z,beam_http,small,1000000,0,stratified-v0-splitmix64:full,0.024766893272409822,False,sim-r0,LANDED_OK,True,"{""id"":""sim-7dfe63d05c29c767e448370cc4a55b1e4ca0a4a04226b65d29499201d1961cb2-164"",""source"":""sim"",""config"":{""route"":""beam_http"",""tip_lamports"":""1000000"",""cu_price_micro_lamports"":""0"",""cu_limit"":25000,""fee_bucket"":""zero"",""tip_tier"":""x10"",""size_class"":""small""},""policy_id"":""stratified-v0-splitmix64:full"",""assignment_prob"":0.024766893272409822,""uniform_arm"":false,""regime_id"":""sim-r0"",""sent_slot"":""1000164"",""clock_id"":""sim-clock-v1"",""send_mono_ns"":""41000000000"",""send_wall_utc"":""2026-10-05T00:00:41.000Z"",""signature"":null,""blockhash"":""synthetic-blockhash-164"",""last_valid_block_height"":""1000180"",""leader_class_next"":[{""leader"":""synthetic-leader-1"",""skip_rate_tercile"":""unknown"",""stake_tercile"":""high""}],""outcome"":""LANDED_OK"",""landed_slot"":""1000165"",""landed_block_id"":""synthetic-block-1000165"",""landed_index"":0,""landed_index_scope"":""unknown"",""observer_first_seen"":{""grpc"":{""clock_id"":""sim-clock-v1"",""mono_ns"":""41250000000"",""wall_utc"":""2026-10-05T00:00:41.250Z""}},""resolved_at_utc"":""2026-10-05T00:00:41.250Z""}"
sim,sim-7dfe63d05c29c767e448370cc4a55b1e4ca0a4a04226b65d29499201d1961cb2-165,2026-10-05T00:00:41.250Z,beam_quic,small,100000,1000,stratified-v0-splitmix64:full,0.009049935882929773,True,sim-r0,LANDED_OK,True,"{""id"":""sim-7dfe63d05c29c767e448370cc4a55b1e4ca0a4a04226b65d29499201d1961cb2-165"",""source"":""sim"",""config"":{""route"":""beam_quic"",""tip_lamports"":""100000"",""cu_price_micro_lamports"":""1000"",""cu_limit"":25000,""fee_bucket"":""local_median"",""tip_tier"":""x1"",""size_class"":""small""},""policy_id"":""stratified-v0-splitmix64:full"",""assignment_prob"":0.009049935882929773,""uniform_arm"":true,""regime_id"":""sim-r0"",""sent_slot"":""1000165"",""clock_id"":""sim-clock-v1"",""send_mono_ns"":""41250000000"",""send_wall_utc"":""2026-10-05T00:00:41.250Z"",""signature"":null,""blockhash"":""synthetic-blockhash-165"",""last_valid_block_height"":""1000181"",""leader_class_next"":[{""leader"":""synthetic-leader-1"",""skip_rate_tercile"":""unknown"",""stake_tercile"":""high""}],""outcome"":""LANDED_OK"",""landed_slot"":""1000166"",""landed_block_id"":""synthetic-block-1000166"",""landed_index"":0,""landed_index_scope"":""unknown"",""observer_first_seen"":{""grpc"":{""clock_id"":""sim-clock-v1"",""mono_ns"":""41500000000"",""wall_utc"":""2026-10-05T00:00:41.500Z""}},""resolved_at_utc"":""2026-10-05T00:00:41.500Z""}"
sim,sim-7dfe63d05c29c767e448370cc4a55b1e4ca0a4a04226b65d29499201d1961cb2-166,2026-10-05T00:00:41.500Z,beam_quic,large,500000,0,stratified-v0-splitmix64:full,0.007987232515534404,False,sim-r0,LANDED_OK,True,"{""id"":""sim-7dfe63d05c29c767e448370cc4a55b1e4ca0a4a04226b65d29499201d1961cb2-166"",""source"":""sim"",""config"":{""route"":""beam_quic"",""tip_lamports"":""500000"",""cu_price_micro_lamports"":""0"",""cu_limit"":300000,""fee_bucket"":""zero"",""tip_tier"":""x5"",""size_class"":""large""},""policy_id"":""stratified-v0-splitmix64:full"",""assignment_prob"":0.007987232515534404,""uniform_arm"":false,""regime_id"":""sim-r0"",""sent_slot"":""1000166"",""clock_id"":""sim-clock-v1"",""send_mono_ns"":""41500000000"",""send_wall_utc"":""2026-10-05T00:00:41.500Z"",""signature"":null,""blockhash"":""synthetic-blockhash-166"",""last_valid_block_height"":""1000182"",""leader_class_next"":[{""leader"":""synthetic-leader-0"",""skip_rate_tercile"":""unknown"",""stake_tercile"":""middle""}],""outcome"":""LANDED_OK"",""landed_slot"":""1000167"",""landed_block_id"":""synthetic-block-1000167"",""landed_index"":0,""landed_index_scope"":""unknown"",""observer_first_seen"":{""grpc"":{""clock_id"":""sim-clock-v1"",""mono_ns"":""41750000000"",""wall_utc"":""2026-10-05T00:00:41.750Z""}},""resolved_at_utc"":""2026-10-05T00:00:41.750Z""}"
sim,sim-7dfe63d05c29c767e448370cc4a55b1e4ca0a4a04226b65d29499201d1961cb2-167,2026-10-05T00:00:41.750Z,beam_http,small,200000,5000,stratified-v0-splitmix64:full,0.014423458680732805,False,sim-r0,LANDED_OK,True,"{""id"":""sim-7dfe63d05c29c767e448370cc4a55b1e4ca0a4a04226b65d29499201d1961cb2-167"",""source"":""sim"",""config"":{""route"":""beam_http"",""tip_lamports"":""200000"",""cu_price_micro_lamports"":""5000"",""cu_limit"":25000,""fee_bucket"":""local_p90"",""tip_tier"":""x2"",""size_class"":""small""},""policy_id"":""stratified-v0-splitmix64:full"",""assignment_prob"":0.014423458680732805,""uniform_arm"":false,""regime_id"":""sim-r0"",""sent_slot"":""1000167"",""clock_id"":""sim-clock-v1"",""send_mono_ns"":""41750000000"",""send_wall_utc"":""2026-10-05T00:00:41.750Z"",""signature"":null,""blockhash"":""synthetic-blockhash-167"",""last_valid_block_height"":""1000183"",""leader_class_next"":[{""leader"":""synthetic-leader--1"",""skip_rate_tercile"":""unknown"",""stake_tercile"":""low""}],""outcome"":""LANDED_OK"",""landed_slot"":""1000169"",""landed_block_id"":""synthetic-block-1000169"",""landed_index"":0,""landed_index_scope"":""unknown"",""observer_first_seen"":{""grpc"":{""clock_id"":""sim-clock-v1"",""mono_ns"":""42250000000"",""wall_utc"":""2026-10-05T00:00:42.250Z""}},""resolved_at_utc"":""2026-10-05T00:00:42.250Z""}"
sim,sim-7dfe63d05c29c767e448370cc4a55b1e4ca0a4a04226b65d29499201d1961cb2-168,2026-10-05T00:00:42.000Z,beam_http,large,200000,1000,stratified-v0-splitmix64:full,0.014478459988978207,True,sim-r0,EXPIRED,True,"{""id"":""sim-7dfe63d05c29c767e448370cc4a55b1e4ca0a4a04226b65d29499201d1961cb2-168"",""source"":""sim"",""config"":{""route"":""beam_http"",""tip_lamports"":""200000"",""cu_price_micro_lamports"":""1000"",""cu_limit"":300000,""fee_bucket"":""local_median"",""tip_tier"":""x2"",""size_class"":""large""},""policy_id"":""stratified-v0-splitmix64:full"",""assignment_prob"":0.014478459988978207,""uniform_arm"":true,""regime_id"":""sim-r0"",""sent_slot"":""1000168"",""clock_id"":""sim-clock-v1"",""send_mono_ns"":""42000000000"",""send_wall_utc"":""2026-10-05T00:00:42.000Z"",""signature"":null,""blockhash"":""synthetic-blockhash-168"",""last_valid_block_height"":""1000184"",""leader_class_next"":[{""leader"":""synthetic-leader-0"",""skip_rate_tercile"":""unknown"",""stake_tercile"":""middle""}],""outcome"":""EXPIRED"",""landed_slot"":null,""landed_block_id"":null,""landed_index"":null,""landed_index_scope"":null,""observer_first_seen"":{},""resolved_at_utc"":""2026-10-05T00:00:46.250Z""}"
sim,sim-7dfe63d05c29c767e448370cc4a55b1e4ca0a4a04226b65d29499201d1961cb2-169,2026-10-05T00:00:42.250Z,beam_http,medium,200000,0,stratified-v0-splitmix64:full,0.014534028613451001,False,sim-r0,LANDED_OK,True,"{""id"":""sim-7dfe63d05c29c767e448370cc4a55b1e4ca0a4a04226b65d29499201d1961cb2-169"",""source"":""sim"",""config"":{""route"":""beam_http"",""tip_lamports"":""200000"",""cu_price_micro_lamports"":""0"",""cu_limit"":100000,""fee_bucket"":""zero"",""tip_tier"":""x2"",""size_class"":""medium""},""policy_id"":""stratified-v0-splitmix64:full"",""assignment_prob"":0.014534028613451001,""uniform_arm"":false,""regime_id"":""sim-r0"",""sent_slot"":""1000169"",""clock_id"":""sim-clock-v1"",""send_mono_ns"":""42250000000"",""send_wall_utc"":""2026-10-05T00:00:42.250Z"",""signature"":null,""blockhash"":""synthetic-blockhash-169"",""last_valid_block_height"":""1000185"",""leader_class_next"":[{""leader"":""synthetic-leader-1"",""skip_rate_tercile"":""unknown"",""stake_tercile"":""high""}],""outcome"":""LANDED_OK"",""landed_slot"":""1000170"",""landed_block_id"":""synthetic-block-1000170"",""landed_index"":0,""landed_index_scope"":""unknown"",""observer_first_seen"":{""grpc"":{""clock_id"":""sim-clock-v1"",""mono_ns"":""42500000000"",""wall_utc"":""2026-10-05T00:00:42.500Z""}},""resolved_at_utc"":""2026-10-05T00:00:42.500Z""}"
sim,sim-7dfe63d05c29c767e448370cc4a55b1e4ca0a4a04226b65d29499201d1961cb2-170,2026-10-05T00:00:42.500Z,beam_quic,large,1000000,0,stratified-v0-splitmix64:full,0.014590173377109621,False,sim-r0,LANDED_OK,True,"{""id"":""sim-7dfe63d05c29c767e448370cc4a55b1e4ca0a4a04226b65d29499201d1961cb2-170"",""source"":""sim"",""config"":{""route"":""beam_quic"",""tip_lamports"":""1000000"",""cu_price_micro_lamports"":""0"",""cu_limit"":300000,""fee_bucket"":""zero"",""tip_tier"":""x10"",""size_class"":""large""},""policy_id"":""stratified-v0-splitmix64:full"",""assignment_prob"":0.014590173377109621,""uniform_arm"":false,""regime_id"":""sim-r0"",""sent_slot"":""1000170"",""clock_id"":""sim-clock-v1"",""send_mono_ns"":""42500000000"",""send_wall_utc"":""2026-10-05T00:00:42.500Z"",""signature"":null,""blockhash"":""synthetic-blockhash-170"",""last_valid_block_height"":""1000186"",""leader_class_next"":[{""leader"":""synthetic-leader-0"",""skip_rate_tercile"":""unknown"",""stake_tercile"":""middle""}],""outcome"":""LANDED_OK"",""landed_slot"":""1000171"",""landed_block_id"":""synthetic-block-1000171"",""landed_index"":0,""landed_index_scope"":""unknown"",""observer_first_seen"":{""grpc"":{""clock_id"":""sim-clock-v1"",""mono_ns"":""42750000000"",""wall_utc"":""2026-10-05T00:00:42.750Z""}},""resolved_at_utc"":""2026-10-05T00:00:42.750Z""}"
sim,sim-7dfe63d05c29c767e448370cc4a55b1e4ca0a4a04226b65d29499201d1961cb2-171,2026-10-05T00:00:42.750Z,beam_quic,small,200000,5000,stratified-v0-splitmix64:full,0.010999170092447845,False,sim-r0,LANDED_OK,True,"{""id"":""sim-7dfe63d05c29c767e448370cc4a55b1e4ca0a4a04226b65d29499201d1961cb2-171"",""source"":""sim"",""config"":{""route"":""beam_quic"",""tip_lamports"":""200000"",""cu_price_micro_lamports"":""5000"",""cu_limit"":25000,""fee_bucket"":""local_p90"",""tip_tier"":""x2"",""size_class"":""small""},""policy_id"":""stratified-v0-splitmix64:full"",""assignment_prob"":0.010999170092447845,""uniform_arm"":false,""regime_id"":""sim-r0"",""sent_slot"":""1000171"",""clock_id"":""sim-clock-v1"",""send_mono_ns"":""42750000000"",""send_wall_utc"":""2026-10-05T00:00:42.750Z"",""signature"":null,""blockhash"":""synthetic-blockhash-171"",""last_valid_block_height"":""1000187"",""leader_class_next"":[{""leader"":""synthetic-leader--1"",""skip_rate_tercile"":""unknown"",""stake_tercile"":""low""}],""outcome"":""LANDED_OK"",""landed_slot"":""1000172"",""landed_block_id"":""synthetic-block-1000172"",""landed_index"":0,""landed_index_scope"":""unknown"",""observer_first_seen"":{""grpc"":{""clock_id"":""sim-clock-v1"",""mono_ns"":""43000000000"",""wall_utc"":""2026-10-05T00:00:43.000Z""}},""resolved_at_utc"":""2026-10-05T00:00:43.000Z""}"
sim,sim-7dfe63d05c29c767e448370cc4a55b1e4ca0a4a04226b65d29499201d1961cb2-172,2026-10-05T00:00:43.000Z,beam_quic,large,1000000,5000,stratified-v0-splitmix64:full,0.014675490537559508,True,sim-r0,EXPIRED,True,"{""id"":""sim-7dfe63d05c29c767e448370cc4a55b1e4ca0a4a04226b65d29499201d1961cb2-172"",""source"":""sim"",""config"":{""route"":""beam_quic"",""tip_lamports"":""1000000"",""cu_price_micro_lamports"":""5000"",""cu_limit"":300000,""fee_bucket"":""local_p90"",""tip_tier"":""x10"",""size_class"":""large""},""policy_id"":""stratified-v0-splitmix64:full"",""assignment_prob"":0.014675490537559508,""uniform_arm"":true,""regime_id"":""sim-r0"",""sent_slot"":""1000172"",""clock_id"":""sim-clock-v1"",""send_mono_ns"":""43000000000"",""send_wall_utc"":""2026-10-05T00:00:43.000Z"",""signature"":null,""blockhash"":""synthetic-blockhash-172"",""last_valid_block_height"":""1000188"",""leader_class_next"":[{""leader"":""synthetic-leader-0"",""skip_rate_tercile"":""unknown"",""stake_tercile"":""middle""}],""outcome"":""EXPIRED"",""landed_slot"":null,""landed_block_id"":null,""landed_index"":null,""landed_index_scope"":null,""observer_first_seen"":{},""resolved_at_utc"":""2026-10-05T00:00:47.250Z""}"
sim,sim-7dfe63d05c29c767e448370cc4a55b1e4ca0a4a04226b65d29499201d1961cb2-173,2026-10-05T00:00:43.250Z,beam_quic,small,500000,5000,stratified-v0-splitmix64:full,0.009218409586056648,False,sim-r0,LANDED_OK,True,"{""id"":""sim-7dfe63d05c29c767e448370cc4a55b1e4ca0a4a04226b65d29499201d1961cb2-173"",""source"":""sim"",""config"":{""route"":""beam_quic"",""tip_lamports"":""500000"",""cu_price_micro_lamports"":""5000"",""cu_limit"":25000,""fee_bucket"":""local_p90"",""tip_tier"":""x5"",""size_class"":""small""},""policy_id"":""stratified-v0-splitmix64:full"",""assignment_prob"":0.009218409586056648,""uniform_arm"":false,""regime_id"":""sim-r0"",""sent_slot"":""1000173"",""clock_id"":""sim-clock-v1"",""send_mono_ns"":""43250000000"",""send_wall_utc"":""2026-10-05T00:00:43.250Z"",""signature"":null,""blockhash"":""synthetic-blockhash-173"",""last_valid_block_height"":""1000189"",""leader_class_next"":[{""leader"":""synthetic-leader-0"",""skip_rate_tercile"":""unknown"",""stake_tercile"":""middle""}],""outcome"":""LANDED_OK"",""landed_slot"":""1000174"",""landed_block_id"":""synthetic-block-1000174"",""landed_index"":0,""landed_index_scope"":""unknown"",""observer_first_seen"":{""grpc"":{""clock_id"":""sim-clock-v1"",""mono_ns"":""43500000000"",""wall_utc"":""2026-10-05T00:00:43.500Z""}},""resolved_at_utc"":""2026-10-05T00:00:43.500Z""}"
sim,sim-7dfe63d05c29c767e448370cc4a55b1e4ca0a4a04226b65d29499201d1961cb2-174,2026-10-05T00:00:43.500Z,rpc,medium,0,5000,stratified-v0-splitmix64:full,0.011068248680031955,True,sim-r0,LANDED_OK,True,"{""id"":""sim-7dfe63d05c29c767e448370cc4a55b1e4ca0a4a04226b65d29499201d1961cb2-174"",""source"":""sim"",""config"":{""route"":""rpc"",""tip_lamports"":""0"",""cu_price_micro_lamports"":""5000"",""cu_limit"":100000,""fee_bucket"":""local_p90"",""tip_tier"":""none"",""size_class"":""medium""},""policy_id"":""stratified-v0-splitmix64:full"",""assignment_prob"":0.011068248680031955,""uniform_arm"":true,""regime_id"":""sim-r0"",""sent_slot"":""1000174"",""clock_id"":""sim-clock-v1"",""send_mono_ns"":""43500000000"",""send_wall_utc"":""2026-10-05T00:00:43.500Z"",""signature"":null,""blockhash"":""synthetic-blockhash-174"",""last_valid_block_height"":""1000190"",""leader_class_next"":[{""leader"":""synthetic-leader-0"",""skip_rate_tercile"":""unknown"",""stake_tercile"":""middle""}],""outcome"":""LANDED_OK"",""landed_slot"":""1000175"",""landed_block_id"":""synthetic-block-1000175"",""landed_index"":0,""landed_index_scope"":""unknown"",""observer_first_seen"":{""grpc"":{""clock_id"":""sim-clock-v1"",""mono_ns"":""43750000000"",""wall_utc"":""2026-10-05T00:00:43.750Z""}},""resolved_at_utc"":""2026-10-05T00:00:43.750Z""}"
sim,sim-7dfe63d05c29c767e448370cc4a55b1e4ca0a4a04226b65d29499201d1961cb2-175,2026-10-05T00:00:43.750Z,beam_http,large,200000,0,stratified-v0-splitmix64:full,0.011087669948429444,False,sim-r0,LANDED_OK,True,"{""id"":""sim-7dfe63d05c29c767e448370cc4a55b1e4ca0a4a04226b65d29499201d1961cb2-175"",""source"":""sim"",""config"":{""route"":""beam_http"",""tip_lamports"":""200000"",""cu_price_micro_lamports"":""0"",""cu_limit"":300000,""fee_bucket"":""zero"",""tip_tier"":""x2"",""size_class"":""large""},""policy_id"":""stratified-v0-splitmix64:full"",""assignment_prob"":0.011087669948429444,""uniform_arm"":false,""regime_id"":""sim-r0"",""sent_slot"":""1000175"",""clock_id"":""sim-clock-v1"",""send_mono_ns"":""43750000000"",""send_wall_utc"":""2026-10-05T00:00:43.750Z"",""signature"":null,""blockhash"":""synthetic-blockhash-175"",""last_valid_block_height"":""1000191"",""leader_class_next"":[{""leader"":""synthetic-leader--1"",""skip_rate_tercile"":""unknown"",""stake_tercile"":""low""}],""outcome"":""LANDED_OK"",""landed_slot"":""1000176"",""landed_block_id"":""synthetic-block-1000176"",""landed_index"":0,""landed_index_scope"":""unknown"",""observer_first_seen"":{""grpc"":{""clock_id"":""sim-clock-v1"",""mono_ns"":""44000000000"",""wall_utc"":""2026-10-05T00:00:44.000Z""}},""resolved_at_utc"":""2026-10-05T00:00:44.000Z""}"
sim,sim-7dfe63d05c29c767e448370cc4a55b1e4ca0a4a04226b65d29499201d1961cb2-176,2026-10-05T00:00:44.000Z,beam_quic,large,200000,5000,stratified-v0-splitmix64:full,0.008145797833793605,False,sim-r0,LANDED_OK,True,"{""id"":""sim-7dfe63d05c29c767e448370cc4a55b1e4ca0a4a04226b65d29499201d1961cb2-176"",""source"":""sim"",""config"":{""route"":""beam_quic"",""tip_lamports"":""200000"",""cu_price_micro_lamports"":""5000"",""cu_limit"":300000,""fee_bucket"":""local_p90"",""tip_tier"":""x2"",""size_class"":""large""},""policy_id"":""stratified-v0-splitmix64:full"",""assignment_prob"":0.008145797833793605,""uniform_arm"":false,""regime_id"":""sim-r0"",""sent_slot"":""1000176"",""clock_id"":""sim-clock-v1"",""send_mono_ns"":""44000000000"",""send_wall_utc"":""2026-10-05T00:00:44.000Z"",""signature"":null,""blockhash"":""synthetic-blockhash-176"",""last_valid_block_height"":""1000192"",""leader_class_next"":[{""leader"":""synthetic-leader--1"",""skip_rate_tercile"":""unknown"",""stake_tercile"":""low""}],""outcome"":""LANDED_OK"",""landed_slot"":""1000177"",""landed_block_id"":""synthetic-block-1000177"",""landed_index"":0,""landed_index_scope"":""unknown"",""observer_first_seen"":{""grpc"":{""clock_id"":""sim-clock-v1"",""mono_ns"":""44250000000"",""wall_utc"":""2026-10-05T00:00:44.250Z""}},""resolved_at_utc"":""2026-10-05T00:00:44.250Z""}"
sim,sim-7dfe63d05c29c767e448370cc4a55b1e4ca0a4a04226b65d29499201d1961cb2-177,2026-10-05T00:00:44.250Z,rpc,medium,0,0,stratified-v0-splitmix64:full,0.011115032449071626,False,sim-r0,LANDED_OK,True,"{""id"":""sim-7dfe63d05c29c767e448370cc4a55b1e4ca0a4a04226b65d29499201d1961cb2-177"",""source"":""sim"",""config"":{""route"":""rpc"",""tip_lamports"":""0"",""cu_price_micro_lamports"":""0"",""cu_limit"":100000,""fee_bucket"":""zero"",""tip_tier"":""none"",""size_class"":""medium""},""policy_id"":""stratified-v0-splitmix64:full"",""assignment_prob"":0.011115032449071626,""uniform_arm"":false,""regime_id"":""sim-r0"",""sent_slot"":""1000177"",""clock_id"":""sim-clock-v1"",""send_mono_ns"":""44250000000"",""send_wall_utc"":""2026-10-05T00:00:44.250Z"",""signature"":null,""blockhash"":""synthetic-blockhash-177"",""last_valid_block_height"":""1000193"",""leader_class_next"":[{""leader"":""synthetic-leader--1"",""skip_rate_tercile"":""unknown"",""stake_tercile"":""low""}],""outcome"":""LANDED_OK"",""landed_slot"":""1000178"",""landed_block_id"":""synthetic-block-1000178"",""landed_index"":0,""landed_index_scope"":""unknown"",""observer_first_seen"":{""grpc"":{""clock_id"":""sim-clock-v1"",""mono_ns"":""44500000000"",""wall_utc"":""2026-10-05T00:00:44.500Z""}},""resolved_at_utc"":""2026-10-05T00:00:44.500Z""}"
sim,sim-7dfe63d05c29c767e448370cc4a55b1e4ca0a4a04226b65d29499201d1961cb2-178,2026-10-05T00:00:44.500Z,beam_http,large,100000,5000,stratified-v0-splitmix64:full,0.009276952111347018,True,sim-r0,EXPIRED,True,"{""id"":""sim-7dfe63d05c29c767e448370cc4a55b1e4ca0a4a04226b65d29499201d1961cb2-178"",""source"":""sim"",""config"":{""route"":""beam_http"",""tip_lamports"":""100000"",""cu_price_micro_lamports"":""5000"",""cu_limit"":300000,""fee_bucket"":""local_p90"",""tip_tier"":""x1"",""size_class"":""large""},""policy_id"":""stratified-v0-splitmix64:full"",""assignment_prob"":0.009276952111347018,""uniform_arm"":true,""regime_id"":""sim-r0"",""sent_slot"":""1000178"",""clock_id"":""sim-clock-v1"",""send_mono_ns"":""44500000000"",""send_wall_utc"":""2026-10-05T00:00:44.500Z"",""signature"":null,""blockhash"":""synthetic-blockhash-178"",""last_valid_block_height"":""1000194"",""leader_class_next"":[{""leader"":""synthetic-leader-1"",""skip_rate_tercile"":""unknown"",""stake_tercile"":""high""}],""outcome"":""EXPIRED"",""landed_slot"":null,""landed_block_id"":null,""landed_index"":null,""landed_index_scope"":null,""observer_first_seen"":{},""resolved_at_utc"":""2026-10-05T00:00:48.750Z""}"
sim,sim-7dfe63d05c29c767e448370cc4a55b1e4ca0a4a04226b65d29499201d1961cb2-179,2026-10-05T00:00:44.750Z,beam_http,medium,1000000,5000,stratified-v0-splitmix64:full,0.02603225234804183,True,sim-r0,LANDED_OK,True,"{""id"":""sim-7dfe63d05c29c767e448370cc4a55b1e4ca0a4a04226b65d29499201d1961cb2-179"",""source"":""sim"",""config"":{""route"":""beam_http"",""tip_lamports"":""1000000"",""cu_price_micro_lamports"":""5000"",""cu_limit"":100000,""fee_bucket"":""local_p90"",""tip_tier"":""x10"",""size_class"":""medium""},""policy_id"":""stratified-v0-splitmix64:full"",""assignment_prob"":0.02603225234804183,""uniform_arm"":true,""regime_id"":""sim-r0"",""sent_slot"":""1000179"",""clock_id"":""sim-clock-v1"",""send_mono_ns"":""44750000000"",""send_wall_utc"":""2026-10-05T00:00:44.750Z"",""signature"":null,""blockhash"":""synthetic-blockhash-179"",""last_valid_block_height"":""1000195"",""leader_class_next"":[{""leader"":""synthetic-leader--1"",""skip_rate_tercile"":""unknown"",""stake_tercile"":""low""}],""outcome"":""LANDED_OK"",""landed_slot"":""1000180"",""landed_block_id"":""synthetic-block-1000180"",""landed_index"":0,""landed_index_scope"":""unknown"",""observer_first_seen"":{""grpc"":{""clock_id"":""sim-clock-v1"",""mono_ns"":""45000000000"",""wall_utc"":""2026-10-05T00:00:45.000Z""}},""resolved_at_utc"":""2026-10-05T00:00:45.000Z""}"
sim,sim-7dfe63d05c29c767e448370cc4a55b1e4ca0a4a04226b65d29499201d1961cb2-180,2026-10-05T00:00:45.000Z,beam_quic,medium,100000,1000,stratified-v0-splitmix64:full,0.02639414130500031,False,sim-r0,LANDED_OK,True,"{""id"":""sim-7dfe63d05c29c767e448370cc4a55b1e4ca0a4a04226b65d29499201d1961cb2-180"",""source"":""sim"",""config"":{""route"":""beam_quic"",""tip_lamports"":""100000"",""cu_price_micro_lamports"":""1000"",""cu_limit"":100000,""fee_bucket"":""local_median"",""tip_tier"":""x1"",""size_class"":""medium""},""policy_id"":""stratified-v0-splitmix64:full"",""assignment_prob"":0.02639414130500031,""uniform_arm"":false,""regime_id"":""sim-r0"",""sent_slot"":""1000180"",""clock_id"":""sim-clock-v1"",""send_mono_ns"":""45000000000"",""send_wall_utc"":""2026-10-05T00:00:45.000Z"",""signature"":null,""blockhash"":""synthetic-blockhash-180"",""last_valid_block_height"":""1000196"",""leader_class_next"":[{""leader"":""synthetic-leader-0"",""skip_rate_tercile"":""unknown"",""stake_tercile"":""middle""}],""outcome"":""LANDED_OK"",""landed_slot"":""1000181"",""landed_block_id"":""synthetic-block-1000181"",""landed_index"":0,""landed_index_scope"":""unknown"",""observer_first_seen"":{""grpc"":{""clock_id"":""sim-clock-v1"",""mono_ns"":""45250000000"",""wall_utc"":""2026-10-05T00:00:45.250Z""}},""resolved_at_utc"":""2026-10-05T00:00:45.250Z""}"
sim,sim-7dfe63d05c29c767e448370cc4a55b1e4ca0a4a04226b65d29499201d1961cb2-181,2026-10-05T00:00:45.250Z,beam_quic,large,200000,0,stratified-v0-splitmix64:full,0.00946976630666911,False,sim-r0,LANDED_OK,True,"{""id"":""sim-7dfe63d05c29c767e448370cc4a55b1e4ca0a4a04226b65d29499201d1961cb2-181"",""source"":""sim"",""config"":{""route"":""beam_quic"",""tip_lamports"":""200000"",""cu_price_micro_lamports"":""0"",""cu_limit"":300000,""fee_bucket"":""zero"",""tip_tier"":""x2"",""size_class"":""large""},""policy_id"":""stratified-v0-splitmix64:full"",""assignment_prob"":0.00946976630666911,""uniform_arm"":false,""regime_id"":""sim-r0"",""sent_slot"":""1000181"",""clock_id"":""sim-clock-v1"",""send_mono_ns"":""45250000000"",""send_wall_utc"":""2026-10-05T00:00:45.250Z"",""signature"":null,""blockhash"":""synthetic-blockhash-181"",""last_valid_block_height"":""1000197"",""leader_class_next"":[{""leader"":""synthetic-leader-1"",""skip_rate_tercile"":""unknown"",""stake_tercile"":""high""}],""outcome"":""LANDED_OK"",""landed_slot"":""1000182"",""landed_block_id"":""synthetic-block-1000182"",""landed_index"":0,""landed_index_scope"":""unknown"",""observer_first_seen"":{""grpc"":{""clock_id"":""sim-clock-v1"",""mono_ns"":""45500000000"",""wall_utc"":""2026-10-05T00:00:45.500Z""}},""resolved_at_utc"":""2026-10-05T00:00:45.500Z""}"
sim,sim-7dfe63d05c29c767e448370cc4a55b1e4ca0a4a04226b65d29499201d1961cb2-182,2026-10-05T00:00:45.500Z,beam_quic,large,200000,5000,stratified-v0-splitmix64:full,0.0075540887422075546,True,sim-r0,LANDED_OK,True,"{""id"":""sim-7dfe63d05c29c767e448370cc4a55b1e4ca0a4a04226b65d29499201d1961cb2-182"",""source"":""sim"",""config"":{""route"":""beam_quic"",""tip_lamports"":""200000"",""cu_price_micro_lamports"":""5000"",""cu_limit"":300000,""fee_bucket"":""local_p90"",""tip_tier"":""x2"",""size_class"":""large""},""policy_id"":""stratified-v0-splitmix64:full"",""assignment_prob"":0.0075540887422075546,""uniform_arm"":true,""regime_id"":""sim-r0"",""sent_slot"":""1000182"",""clock_id"":""sim-clock-v1"",""send_mono_ns"":""45500000000"",""send_wall_utc"":""2026-10-05T00:00:45.500Z"",""signature"":null,""blockhash"":""synthetic-blockhash-182"",""last_valid_block_height"":""1000198"",""leader_class_next"":[{""leader"":""synthetic-leader--1"",""skip_rate_tercile"":""unknown"",""stake_tercile"":""low""}],""outcome"":""LANDED_OK"",""landed_slot"":""1000183"",""landed_block_id"":""synthetic-block-1000183"",""landed_index"":0,""landed_index_scope"":""unknown"",""observer_first_seen"":{""grpc"":{""clock_id"":""sim-clock-v1"",""mono_ns"":""45750000000"",""wall_utc"":""2026-10-05T00:00:45.750Z""}},""resolved_at_utc"":""2026-10-05T00:00:45.750Z""}"
sim,sim-7dfe63d05c29c767e448370cc4a55b1e4ca0a4a04226b65d29499201d1961cb2-183,2026-10-05T00:00:45.750Z,beam_quic,small,1000000,1000,stratified-v0-splitmix64:full,0.0094838232381485,False,sim-r0,LANDED_OK,True,"{""id"":""sim-7dfe63d05c29c767e448370cc4a55b1e4ca0a4a04226b65d29499201d1961cb2-183"",""source"":""sim"",""config"":{""route"":""beam_quic"",""tip_lamports"":""1000000"",""cu_price_micro_lamports"":""1000"",""cu_limit"":25000,""fee_bucket"":""local_median"",""tip_tier"":""x10"",""size_class"":""small""},""policy_id"":""stratified-v0-splitmix64:full"",""assignment_prob"":0.0094838232381485,""uniform_arm"":false,""regime_id"":""sim-r0"",""sent_slot"":""1000183"",""clock_id"":""sim-clock-v1"",""send_mono_ns"":""45750000000"",""send_wall_utc"":""2026-10-05T00:00:45.750Z"",""signature"":null,""blockhash"":""synthetic-blockhash-183"",""last_valid_block_height"":""1000199"",""leader_class_next"":[{""leader"":""synthetic-leader--1"",""skip_rate_tercile"":""unknown"",""stake_tercile"":""low""}],""outcome"":""LANDED_OK"",""landed_slot"":""1000184"",""landed_block_id"":""synthetic-block-1000184"",""landed_index"":0,""landed_index_scope"":""unknown"",""observer_first_seen"":{""grpc"":{""clock_id"":""sim-clock-v1"",""mono_ns"":""46000000000"",""wall_utc"":""2026-10-05T00:00:46.000Z""}},""resolved_at_utc"":""2026-10-05T00:00:46.000Z""}"
sim,sim-7dfe63d05c29c767e448370cc4a55b1e4ca0a4a04226b65d29499201d1961cb2-184,2026-10-05T00:00:46.000Z,beam_http,medium,1000000,5000,stratified-v0-splitmix64:full,0.015283065657228718,True,sim-r0,LANDED_OK,True,"{""id"":""sim-7dfe63d05c29c767e448370cc4a55b1e4ca0a4a04226b65d29499201d1961cb2-184"",""source"":""sim"",""config"":{""route"":""beam_http"",""tip_lamports"":""1000000"",""cu_price_micro_lamports"":""5000"",""cu_limit"":100000,""fee_bucket"":""local_p90"",""tip_tier"":""x10"",""size_class"":""medium""},""policy_id"":""stratified-v0-splitmix64:full"",""assignment_prob"":0.015283065657228718,""uniform_arm"":true,""regime_id"":""sim-r0"",""sent_slot"":""1000184"",""clock_id"":""sim-clock-v1"",""send_mono_ns"":""46000000000"",""send_wall_utc"":""2026-10-05T00:00:46.000Z"",""signature"":null,""blockhash"":""synthetic-blockhash-184"",""last_valid_block_height"":""1000200"",""leader_class_next"":[{""leader"":""synthetic-leader--1"",""skip_rate_tercile"":""unknown"",""stake_tercile"":""low""}],""outcome"":""LANDED_OK"",""landed_slot"":""1000185"",""landed_block_id"":""synthetic-block-1000185"",""landed_index"":0,""landed_index_scope"":""unknown"",""observer_first_seen"":{""grpc"":{""clock_id"":""sim-clock-v1"",""mono_ns"":""46250000000"",""wall_utc"":""2026-10-05T00:00:46.250Z""}},""resolved_at_utc"":""2026-10-05T00:00:46.250Z""}"
sim,sim-7dfe63d05c29c767e448370cc4a55b1e4ca0a4a04226b65d29499201d1961cb2-185,2026-10-05T00:00:46.250Z,beam_quic,medium,100000,1000,stratified-v0-splitmix64:full,0.015347268060139353,True,sim-r0,LANDED_OK,True,"{""id"":""sim-7dfe63d05c29c767e448370cc4a55b1e4ca0a4a04226b65d29499201d1961cb2-185"",""source"":""sim"",""config"":{""route"":""beam_quic"",""tip_lamports"":""100000"",""cu_price_micro_lamports"":""1000"",""cu_limit"":100000,""fee_bucket"":""local_median"",""tip_tier"":""x1"",""size_class"":""medium""},""policy_id"":""stratified-v0-splitmix64:full"",""assignment_prob"":0.015347268060139353,""uniform_arm"":true,""regime_id"":""sim-r0"",""sent_slot"":""1000185"",""clock_id"":""sim-clock-v1"",""send_mono_ns"":""46250000000"",""send_wall_utc"":""2026-10-05T00:00:46.250Z"",""signature"":null,""blockhash"":""synthetic-blockhash-185"",""last_valid_block_height"":""1000201"",""leader_class_next"":[{""leader"":""synthetic-leader--1"",""skip_rate_tercile"":""unknown"",""stake_tercile"":""low""}],""outcome"":""LANDED_OK"",""landed_slot"":""1000186"",""landed_block_id"":""synthetic-block-1000186"",""landed_index"":0,""landed_index_scope"":""unknown"",""observer_first_seen"":{""grpc"":{""clock_id"":""sim-clock-v1"",""mono_ns"":""46500000000"",""wall_utc"":""2026-10-05T00:00:46.500Z""}},""resolved_at_utc"":""2026-10-05T00:00:46.500Z""}"
sim,sim-7dfe63d05c29c767e448370cc4a55b1e4ca0a4a04226b65d29499201d1961cb2-186,2026-10-05T00:00:46.500Z,beam_quic,medium,1000000,5000,stratified-v0-splitmix64:full,0.01150935882118678,False,sim-r0,LANDED_OK,True,"{""id"":""sim-7dfe63d05c29c767e448370cc4a55b1e4ca0a4a04226b65d29499201d1961cb2-186"",""source"":""sim"",""config"":{""route"":""beam_quic"",""tip_lamports"":""1000000"",""cu_price_micro_lamports"":""5000"",""cu_limit"":100000,""fee_bucket"":""local_p90"",""tip_tier"":""x10"",""size_class"":""medium""},""policy_id"":""stratified-v0-splitmix64:full"",""assignment_prob"":0.01150935882118678,""uniform_arm"":false,""regime_id"":""sim-r0"",""sent_slot"":""1000186"",""clock_id"":""sim-clock-v1"",""send_mono_ns"":""46500000000"",""send_wall_utc"":""2026-10-05T00:00:46.500Z"",""signature"":null,""blockhash"":""synthetic-blockhash-186"",""last_valid_block_height"":""1000202"",""leader_class_next"":[{""leader"":""synthetic-leader--1"",""skip_rate_tercile"":""unknown"",""stake_tercile"":""low""}],""outcome"":""LANDED_OK"",""landed_slot"":""1000187"",""landed_block_id"":""synthetic-block-1000187"",""landed_index"":0,""landed_index_scope"":""unknown"",""observer_first_seen"":{""grpc"":{""clock_id"":""sim-clock-v1"",""mono_ns"":""46750000000"",""wall_utc"":""2026-10-05T00:00:46.750Z""}},""resolved_at_utc"":""2026-10-05T00:00:46.750Z""}"
sim,sim-7dfe63d05c29c767e448370cc4a55b1e4ca0a4a04226b65d29499201d1961cb2-187,2026-10-05T00:00:46.750Z,beam_http,small,1000000,1000,stratified-v0-splitmix64:full,0.027186131818719685,False,sim-r0,LANDED_OK,True,"{""id"":""sim-7dfe63d05c29c767e448370cc4a55b1e4ca0a4a04226b65d29499201d1961cb2-187"",""source"":""sim"",""config"":{""route"":""beam_http"",""tip_lamports"":""1000000"",""cu_price_micro_lamports"":""1000"",""cu_limit"":25000,""fee_bucket"":""local_median"",""tip_tier"":""x10"",""size_class"":""small""},""policy_id"":""stratified-v0-splitmix64:full"",""assignment_prob"":0.027186131818719685,""uniform_arm"":false,""regime_id"":""sim-r0"",""sent_slot"":""1000187"",""clock_id"":""sim-clock-v1"",""send_mono_ns"":""46750000000"",""send_wall_utc"":""2026-10-05T00:00:46.750Z"",""signature"":null,""blockhash"":""synthetic-blockhash-187"",""last_valid_block_height"":""1000203"",""leader_class_next"":[{""leader"":""synthetic-leader-1"",""skip_rate_tercile"":""unknown"",""stake_tercile"":""high""}],""outcome"":""LANDED_OK"",""landed_slot"":""1000188"",""landed_block_id"":""synthetic-block-1000188"",""landed_index"":0,""landed_index_scope"":""unknown"",""observer_first_seen"":{""grpc"":{""clock_id"":""sim-clock-v1"",""mono_ns"":""47000000000"",""wall_utc"":""2026-10-05T00:00:47.000Z""}},""resolved_at_utc"":""2026-10-05T00:00:47.000Z""}"
sim,sim-7dfe63d05c29c767e448370cc4a55b1e4ca0a4a04226b65d29499201d1961cb2-188,2026-10-05T00:00:47.000Z,beam_quic,small,1000000,1000,stratified-v0-splitmix64:full,0.008480308090381203,True,sim-r0,LANDED_OK,True,"{""id"":""sim-7dfe63d05c29c767e448370cc4a55b1e4ca0a4a04226b65d29499201d1961cb2-188"",""source"":""sim"",""config"":{""route"":""beam_quic"",""tip_lamports"":""1000000"",""cu_price_micro_lamports"":""1000"",""cu_limit"":25000,""fee_bucket"":""local_median"",""tip_tier"":""x10"",""size_class"":""small""},""policy_id"":""stratified-v0-splitmix64:full"",""assignment_prob"":0.008480308090381203,""uniform_arm"":true,""regime_id"":""sim-r0"",""sent_slot"":""1000188"",""clock_id"":""sim-clock-v1"",""send_mono_ns"":""47000000000"",""send_wall_utc"":""2026-10-05T00:00:47.000Z"",""signature"":null,""blockhash"":""synthetic-blockhash-188"",""last_valid_block_height"":""1000204"",""leader_class_next"":[{""leader"":""synthetic-leader-0"",""skip_rate_tercile"":""unknown"",""stake_tercile"":""middle""}],""outcome"":""LANDED_OK"",""landed_slot"":""1000189"",""landed_block_id"":""synthetic-block-1000189"",""landed_index"":0,""landed_index_scope"":""unknown"",""observer_first_seen"":{""grpc"":{""clock_id"":""sim-clock-v1"",""mono_ns"":""47250000000"",""wall_utc"":""2026-10-05T00:00:47.250Z""}},""resolved_at_utc"":""2026-10-05T00:00:47.250Z""}"
sim,sim-7dfe63d05c29c767e448370cc4a55b1e4ca0a4a04226b65d29499201d1961cb2-189,2026-10-05T00:00:47.250Z,beam_quic,large,100000,0,stratified-v0-splitmix64:full,0.0076887394876985,False,sim-r0,LANDED_OK,True,"{""id"":""sim-7dfe63d05c29c767e448370cc4a55b1e4ca0a4a04226b65d29499201d1961cb2-189"",""source"":""sim"",""config"":{""route"":""beam_quic"",""tip_lamports"":""100000"",""cu_price_micro_lamports"":""0"",""cu_limit"":300000,""fee_bucket"":""zero"",""tip_tier"":""x1"",""size_class"":""large""},""policy_id"":""stratified-v0-splitmix64:full"",""assignment_prob"":0.0076887394876985,""uniform_arm"":false,""regime_id"":""sim-r0"",""sent_slot"":""1000189"",""clock_id"":""sim-clock-v1"",""send_mono_ns"":""47250000000"",""send_wall_utc"":""2026-10-05T00:00:47.250Z"",""signature"":null,""blockhash"":""synthetic-blockhash-189"",""last_valid_block_height"":""1000205"",""leader_class_next"":[{""leader"":""synthetic-leader-1"",""skip_rate_tercile"":""unknown"",""stake_tercile"":""high""}],""outcome"":""LANDED_OK"",""landed_slot"":""1000192"",""landed_block_id"":""synthetic-block-1000192"",""landed_index"":0,""landed_index_scope"":""unknown"",""observer_first_seen"":{""grpc"":{""clock_id"":""sim-clock-v1"",""mono_ns"":""48000000000"",""wall_utc"":""2026-10-05T00:00:48.000Z""}},""resolved_at_utc"":""2026-10-05T00:00:48.000Z""}"
sim,sim-7dfe63d05c29c767e448370cc4a55b1e4ca0a4a04226b65d29499201d1961cb2-190,2026-10-05T00:00:47.500Z,beam_quic,medium,100000,5000,stratified-v0-splitmix64:full,0.015668541730726335,True,sim-r0,LANDED_OK,True,"{""id"":""sim-7dfe63d05c29c767e448370cc4a55b1e4ca0a4a04226b65d29499201d1961cb2-190"",""source"":""sim"",""config"":{""route"":""beam_quic"",""tip_lamports"":""100000"",""cu_price_micro_lamports"":""5000"",""cu_limit"":100000,""fee_bucket"":""local_p90"",""tip_tier"":""x1"",""size_class"":""medium""},""policy_id"":""stratified-v0-splitmix64:full"",""assignment_prob"":0.015668541730726335,""uniform_arm"":true,""regime_id"":""sim-r0"",""sent_slot"":""1000190"",""clock_id"":""sim-clock-v1"",""send_mono_ns"":""47500000000"",""send_wall_utc"":""2026-10-05T00:00:47.500Z"",""signature"":null,""blockhash"":""synthetic-blockhash-190"",""last_valid_block_height"":""1000206"",""leader_class_next"":[{""leader"":""synthetic-leader-0"",""skip_rate_tercile"":""unknown"",""stake_tercile"":""middle""}],""outcome"":""LANDED_OK"",""landed_slot"":""1000191"",""landed_block_id"":""synthetic-block-1000191"",""landed_index"":0,""landed_index_scope"":""unknown"",""observer_first_seen"":{""grpc"":{""clock_id"":""sim-clock-v1"",""mono_ns"":""47750000000"",""wall_utc"":""2026-10-05T00:00:47.750Z""}},""resolved_at_utc"":""2026-10-05T00:00:47.750Z""}"
sim,sim-7dfe63d05c29c767e448370cc4a55b1e4ca0a4a04226b65d29499201d1961cb2-191,2026-10-05T00:00:47.750Z,beam_quic,medium,100000,5000,stratified-v0-splitmix64:full,0.011725969584515756,False,sim-r0,LANDED_OK,True,"{""id"":""sim-7dfe63d05c29c767e448370cc4a55b1e4ca0a4a04226b65d29499201d1961cb2-191"",""source"":""sim"",""config"":{""route"":""beam_quic"",""tip_lamports"":""100000"",""cu_price_micro_lamports"":""5000"",""cu_limit"":100000,""fee_bucket"":""local_p90"",""tip_tier"":""x1"",""size_class"":""medium""},""policy_id"":""stratified-v0-splitmix64:full"",""assignment_prob"":0.011725969584515756,""uniform_arm"":false,""regime_id"":""sim-r0"",""sent_slot"":""1000191"",""clock_id"":""sim-clock-v1"",""send_mono_ns"":""47750000000"",""send_wall_utc"":""2026-10-05T00:00:47.750Z"",""signature"":null,""blockhash"":""synthetic-blockhash-191"",""last_valid_block_height"":""1000207"",""leader_class_next"":[{""leader"":""synthetic-leader-1"",""skip_rate_tercile"":""unknown"",""stake_tercile"":""high""}],""outcome"":""LANDED_OK"",""landed_slot"":""1000193"",""landed_block_id"":""synthetic-block-1000193"",""landed_index"":0,""landed_index_scope"":""unknown"",""observer_first_seen"":{""grpc"":{""clock_id"":""sim-clock-v1"",""mono_ns"":""48250000000"",""wall_utc"":""2026-10-05T00:00:48.250Z""}},""resolved_at_utc"":""2026-10-05T00:00:48.250Z""}"
sim,sim-7dfe63d05c29c767e448370cc4a55b1e4ca0a4a04226b65d29499201d1961cb2-192,2026-10-05T00:00:48.000Z,beam_quic,medium,200000,0,stratified-v0-splitmix64:full,0.027839653133143002,False,sim-r0,LANDED_OK,True,"{""id"":""sim-7dfe63d05c29c767e448370cc4a55b1e4ca0a4a04226b65d29499201d1961cb2-192"",""source"":""sim"",""config"":{""route"":""beam_quic"",""tip_lamports"":""200000"",""cu_price_micro_lamports"":""0"",""cu_limit"":100000,""fee_bucket"":""zero"",""tip_tier"":""x2"",""size_class"":""medium""},""policy_id"":""stratified-v0-splitmix64:full"",""assignment_prob"":0.027839653133143002,""uniform_arm"":false,""regime_id"":""sim-r0"",""sent_slot"":""1000192"",""clock_id"":""sim-clock-v1"",""send_mono_ns"":""48000000000"",""send_wall_utc"":""2026-10-05T00:00:48.000Z"",""signature"":null,""blockhash"":""synthetic-blockhash-192"",""last_valid_block_height"":""1000208"",""leader_class_next"":[{""leader"":""synthetic-leader--1"",""skip_rate_tercile"":""unknown"",""stake_tercile"":""low""}],""outcome"":""LANDED_OK"",""landed_slot"":""1000193"",""landed_block_id"":""synthetic-block-1000193"",""landed_index"":0,""landed_index_scope"":""unknown"",""observer_first_seen"":{""grpc"":{""clock_id"":""sim-clock-v1"",""mono_ns"":""48250000000"",""wall_utc"":""2026-10-05T00:00:48.250Z""}},""resolved_at_utc"":""2026-10-05T00:00:48.250Z""}"
sim,sim-7dfe63d05c29c767e448370cc4a55b1e4ca0a4a04226b65d29499201d1961cb2-193,2026-10-05T00:00:48.250Z,rpc,medium,0,1000,stratified-v0-splitmix64:full,0.02826305547047341,False,sim-r0,LANDED_OK,True,"{""id"":""sim-7dfe63d05c29c767e448370cc4a55b1e4ca0a4a04226b65d29499201d1961cb2-193"",""source"":""sim"",""config"":{""route"":""rpc"",""tip_lamports"":""0"",""cu_price_micro_lamports"":""1000"",""cu_limit"":100000,""fee_bucket"":""local_median"",""tip_tier"":""none"",""size_class"":""medium""},""policy_id"":""stratified-v0-splitmix64:full"",""assignment_prob"":0.02826305547047341,""uniform_arm"":false,""regime_id"":""sim-r0"",""sent_slot"":""1000193"",""clock_id"":""sim-clock-v1"",""send_mono_ns"":""48250000000"",""send_wall_utc"":""2026-10-05T00:00:48.250Z"",""signature"":null,""blockhash"":""synthetic-blockhash-193"",""last_valid_block_height"":""1000209"",""leader_class_next"":[{""leader"":""synthetic-leader-1"",""skip_rate_tercile"":""unknown"",""stake_tercile"":""high""}],""outcome"":""LANDED_OK"",""landed_slot"":""1000194"",""landed_block_id"":""synthetic-block-1000194"",""landed_index"":0,""landed_index_scope"":""unknown"",""observer_first_seen"":{""grpc"":{""clock_id"":""sim-clock-v1"",""mono_ns"":""48500000000"",""wall_utc"":""2026-10-05T00:00:48.500Z""}},""resolved_at_utc"":""2026-10-05T00:00:48.500Z""}"
sim,sim-7dfe63d05c29c767e448370cc4a55b1e4ca0a4a04226b65d29499201d1961cb2-194,2026-10-05T00:00:48.500Z,beam_http,large,100000,0,stratified-v0-splitmix64:full,0.01620264086891075,False,sim-r0,LANDED_OK,True,"{""id"":""sim-7dfe63d05c29c767e448370cc4a55b1e4ca0a4a04226b65d29499201d1961cb2-194"",""source"":""sim"",""config"":{""route"":""beam_http"",""tip_lamports"":""100000"",""cu_price_micro_lamports"":""0"",""cu_limit"":300000,""fee_bucket"":""zero"",""tip_tier"":""x1"",""size_class"":""large""},""policy_id"":""stratified-v0-splitmix64:full"",""assignment_prob"":0.01620264086891075,""uniform_arm"":false,""regime_id"":""sim-r0"",""sent_slot"":""1000194"",""clock_id"":""sim-clock-v1"",""send_mono_ns"":""48500000000"",""send_wall_utc"":""2026-10-05T00:00:48.500Z"",""signature"":null,""blockhash"":""synthetic-blockhash-194"",""last_valid_block_height"":""1000210"",""leader_class_next"":[{""leader"":""synthetic-leader-1"",""skip_rate_tercile"":""unknown"",""stake_tercile"":""high""}],""outcome"":""LANDED_OK"",""landed_slot"":""1000197"",""landed_block_id"":""synthetic-block-1000197"",""landed_index"":0,""landed_index_scope"":""unknown"",""observer_first_seen"":{""grpc"":{""clock_id"":""sim-clock-v1"",""mono_ns"":""49250000000"",""wall_utc"":""2026-10-05T00:00:49.250Z""}},""resolved_at_utc"":""2026-10-05T00:00:49.250Z""}"
sim,sim-7dfe63d05c29c767e448370cc4a55b1e4ca0a4a04226b65d29499201d1961cb2-195,2026-10-05T00:00:48.750Z,beam_quic,large,200000,5000,stratified-v0-splitmix64:full,0.007296210760413995,False,sim-r0,LANDED_OK,True,"{""id"":""sim-7dfe63d05c29c767e448370cc4a55b1e4ca0a4a04226b65d29499201d1961cb2-195"",""source"":""sim"",""config"":{""route"":""beam_quic"",""tip_lamports"":""200000"",""cu_price_micro_lamports"":""5000"",""cu_limit"":300000,""fee_bucket"":""local_p90"",""tip_tier"":""x2"",""size_class"":""large""},""policy_id"":""stratified-v0-splitmix64:full"",""assignment_prob"":0.007296210760413995,""uniform_arm"":false,""regime_id"":""sim-r0"",""sent_slot"":""1000195"",""clock_id"":""sim-clock-v1"",""send_mono_ns"":""48750000000"",""send_wall_utc"":""2026-10-05T00:00:48.750Z"",""signature"":null,""blockhash"":""synthetic-blockhash-195"",""last_valid_block_height"":""1000211"",""leader_class_next"":[{""leader"":""synthetic-leader-0"",""skip_rate_tercile"":""unknown"",""stake_tercile"":""middle""}],""outcome"":""LANDED_OK"",""landed_slot"":""1000197"",""landed_block_id"":""synthetic-block-1000197"",""landed_index"":0,""landed_index_scope"":""unknown"",""observer_first_seen"":{""grpc"":{""clock_id"":""sim-clock-v1"",""mono_ns"":""49250000000"",""wall_utc"":""2026-10-05T00:00:49.250Z""}},""resolved_at_utc"":""2026-10-05T00:00:49.250Z""}"
sim,sim-7dfe63d05c29c767e448370cc4a55b1e4ca0a4a04226b65d29499201d1961cb2-196,2026-10-05T00:00:49.000Z,beam_quic,medium,1000000,0,stratified-v0-splitmix64:full,0.009994626800378504,False,sim-r0,LANDED_OK,True,"{""id"":""sim-7dfe63d05c29c767e448370cc4a55b1e4ca0a4a04226b65d29499201d1961cb2-196"",""source"":""sim"",""config"":{""route"":""beam_quic"",""tip_lamports"":""1000000"",""cu_price_micro_lamports"":""0"",""cu_limit"":100000,""fee_bucket"":""zero"",""tip_tier"":""x10"",""size_class"":""medium""},""policy_id"":""stratified-v0-splitmix64:full"",""assignment_prob"":0.009994626800378504,""uniform_arm"":false,""regime_id"":""sim-r0"",""sent_slot"":""1000196"",""clock_id"":""sim-clock-v1"",""send_mono_ns"":""49000000000"",""send_wall_utc"":""2026-10-05T00:00:49.000Z"",""signature"":null,""blockhash"":""synthetic-blockhash-196"",""last_valid_block_height"":""1000212"",""leader_class_next"":[{""leader"":""synthetic-leader-1"",""skip_rate_tercile"":""unknown"",""stake_tercile"":""high""}],""outcome"":""LANDED_OK"",""landed_slot"":""1000197"",""landed_block_id"":""synthetic-block-1000197"",""landed_index"":0,""landed_index_scope"":""unknown"",""observer_first_seen"":{""grpc"":{""clock_id"":""sim-clock-v1"",""mono_ns"":""49250000000"",""wall_utc"":""2026-10-05T00:00:49.250Z""}},""resolved_at_utc"":""2026-10-05T00:00:49.250Z""}"
sim,sim-7dfe63d05c29c767e448370cc4a55b1e4ca0a4a04226b65d29499201d1961cb2-197,2026-10-05T00:00:49.250Z,beam_quic,medium,500000,0,stratified-v0-splitmix64:full,0.01630820531142075,False,sim-r0,LANDED_OK,True,"{""id"":""sim-7dfe63d05c29c767e448370cc4a55b1e4ca0a4a04226b65d29499201d1961cb2-197"",""source"":""sim"",""config"":{""route"":""beam_quic"",""tip_lamports"":""500000"",""cu_price_micro_lamports"":""0"",""cu_limit"":100000,""fee_bucket"":""zero"",""tip_tier"":""x5"",""size_class"":""medium""},""policy_id"":""stratified-v0-splitmix64:full"",""assignment_prob"":0.01630820531142075,""uniform_arm"":false,""regime_id"":""sim-r0"",""sent_slot"":""1000197"",""clock_id"":""sim-clock-v1"",""send_mono_ns"":""49250000000"",""send_wall_utc"":""2026-10-05T00:00:49.250Z"",""signature"":null,""blockhash"":""synthetic-blockhash-197"",""last_valid_block_height"":""1000213"",""leader_class_next"":[{""leader"":""synthetic-leader-1"",""skip_rate_tercile"":""unknown"",""stake_tercile"":""high""}],""outcome"":""LANDED_OK"",""landed_slot"":""1000198"",""landed_block_id"":""synthetic-block-1000198"",""landed_index"":0,""landed_index_scope"":""unknown"",""observer_first_seen"":{""grpc"":{""clock_id"":""sim-clock-v1"",""mono_ns"":""49500000000"",""wall_utc"":""2026-10-05T00:00:49.500Z""}},""resolved_at_utc"":""2026-10-05T00:00:49.500Z""}"
sim,sim-7dfe63d05c29c767e448370cc4a55b1e4ca0a4a04226b65d29499201d1961cb2-198,2026-10-05T00:00:49.500Z,beam_quic,small,100000,0,stratified-v0-splitmix64:full,0.012157445347007568,False,sim-r0,LANDED_OK,True,"{""id"":""sim-7dfe63d05c29c767e448370cc4a55b1e4ca0a4a04226b65d29499201d1961cb2-198"",""source"":""sim"",""config"":{""route"":""beam_quic"",""tip_lamports"":""100000"",""cu_price_micro_lamports"":""0"",""cu_limit"":25000,""fee_bucket"":""zero"",""tip_tier"":""x1"",""size_class"":""small""},""policy_id"":""stratified-v0-splitmix64:full"",""assignment_prob"":0.012157445347007568,""uniform_arm"":false,""regime_id"":""sim-r0"",""sent_slot"":""1000198"",""clock_id"":""sim-clock-v1"",""send_mono_ns"":""49500000000"",""send_wall_utc"":""2026-10-05T00:00:49.500Z"",""signature"":null,""blockhash"":""synthetic-blockhash-198"",""last_valid_block_height"":""1000214"",""leader_class_next"":[{""leader"":""synthetic-leader-0"",""skip_rate_tercile"":""unknown"",""stake_tercile"":""middle""}],""outcome"":""LANDED_OK"",""landed_slot"":""1000199"",""landed_block_id"":""synthetic-block-1000199"",""landed_index"":0,""landed_index_scope"":""unknown"",""observer_first_seen"":{""grpc"":{""clock_id"":""sim-clock-v1"",""mono_ns"":""49750000000"",""wall_utc"":""2026-10-05T00:00:49.750Z""}},""resolved_at_utc"":""2026-10-05T00:00:49.750Z""}"
sim,sim-7dfe63d05c29c767e448370cc4a55b1e4ca0a4a04226b65d29499201d1961cb2-199,2026-10-05T00:00:49.750Z,beam_http,medium,500000,5000,stratified-v0-splitmix64:full,0.012183046122046775,True,sim-r0,LANDED_OK,True,"{""id"":""sim-7dfe63d05c29c767e448370cc4a55b1e4ca0a4a04226b65d29499201d1961cb2-199"",""source"":""sim"",""config"":{""route"":""beam_http"",""tip_lamports"":""500000"",""cu_price_micro_lamports"":""5000"",""cu_limit"":100000,""fee_bucket"":""local_p90"",""tip_tier"":""x5"",""size_class"":""medium""},""policy_id"":""stratified-v0-splitmix64:full"",""assignment_prob"":0.012183046122046775,""uniform_arm"":true,""regime_id"":""sim-r0"",""sent_slot"":""1000199"",""clock_id"":""sim-clock-v1"",""send_mono_ns"":""49750000000"",""send_wall_utc"":""2026-10-05T00:00:49.750Z"",""signature"":null,""blockhash"":""synthetic-blockhash-199"",""last_valid_block_height"":""1000215"",""leader_class_next"":[{""leader"":""synthetic-leader-1"",""skip_rate_tercile"":""unknown"",""stake_tercile"":""high""}],""outcome"":""LANDED_OK"",""landed_slot"":""1000200"",""landed_block_id"":""synthetic-block-1000200"",""landed_index"":0,""landed_index_scope"":""unknown"",""observer_first_seen"":{""grpc"":{""clock_id"":""sim-clock-v1"",""mono_ns"":""50000000000"",""wall_utc"":""2026-10-05T00:00:50.000Z""}},""resolved_at_utc"":""2026-10-05T00:00:50.000Z""}"
sim,sim-7dfe63d05c29c767e448370cc4a55b1e4ca0a4a04226b65d29499201d1961cb2-200,2026-10-05T00:00:50.000Z,beam_quic,small,1000000,1000,stratified-v0-splitmix64:full,0.007956253063651633,True,sim-r0,LANDED_OK,True,"{""id"":""sim-7dfe63d05c29c767e448370cc4a55b1e4ca0a4a04226b65d29499201d1961cb2-200"",""source"":""sim"",""config"":{""route"":""beam_quic"",""tip_lamports"":""1000000"",""cu_price_micro_lamports"":""1000"",""cu_limit"":25000,""fee_bucket"":""local_median"",""tip_tier"":""x10"",""size_class"":""small""},""policy_id"":""stratified-v0-splitmix64:full"",""assignment_prob"":0.007956253063651633,""uniform_arm"":true,""regime_id"":""sim-r0"",""sent_slot"":""1000200"",""clock_id"":""sim-clock-v1"",""send_mono_ns"":""50000000000"",""send_wall_utc"":""2026-10-05T00:00:50.000Z"",""signature"":null,""blockhash"":""synthetic-blockhash-200"",""last_valid_block_height"":""1000216"",""leader_class_next"":[{""leader"":""synthetic-leader-0"",""skip_rate_tercile"":""unknown"",""stake_tercile"":""middle""}],""outcome"":""LANDED_OK"",""landed_slot"":""1000201"",""landed_block_id"":""synthetic-block-1000201"",""landed_index"":0,""landed_index_scope"":""unknown"",""observer_first_seen"":{""grpc"":{""clock_id"":""sim-clock-v1"",""mono_ns"":""50250000000"",""wall_utc"":""2026-10-05T00:00:50.250Z""}},""resolved_at_utc"":""2026-10-05T00:00:50.250Z""}"
sim,sim-7dfe63d05c29c767e448370cc4a55b1e4ca0a4a04226b65d29499201d1961cb2-201,2026-10-05T00:00:50.250Z,rpc,medium,0,0,stratified-v0-splitmix64:full,0.010088068524550612,False,sim-r0,LANDED_OK,True,"{""id"":""sim-7dfe63d05c29c767e448370cc4a55b1e4ca0a4a04226b65d29499201d1961cb2-201"",""source"":""sim"",""config"":{""route"":""rpc"",""tip_lamports"":""0"",""cu_price_micro_lamports"":""0"",""cu_limit"":100000,""fee_bucket"":""zero"",""tip_tier"":""none"",""size_class"":""medium""},""policy_id"":""stratified-v0-splitmix64:full"",""assignment_prob"":0.010088068524550612,""uniform_arm"":false,""regime_id"":""sim-r0"",""sent_slot"":""1000201"",""clock_id"":""sim-clock-v1"",""send_mono_ns"":""50250000000"",""send_wall_utc"":""2026-10-05T00:00:50.250Z"",""signature"":null,""blockhash"":""synthetic-blockhash-201"",""last_valid_block_height"":""1000217"",""leader_class_next"":[{""leader"":""synthetic-leader-0"",""skip_rate_tercile"":""unknown"",""stake_tercile"":""middle""}],""outcome"":""LANDED_OK"",""landed_slot"":""1000203"",""landed_block_id"":""synthetic-block-1000203"",""landed_index"":0,""landed_index_scope"":""unknown"",""observer_first_seen"":{""grpc"":{""clock_id"":""sim-clock-v1"",""mono_ns"":""50750000000"",""wall_utc"":""2026-10-05T00:00:50.750Z""}},""resolved_at_utc"":""2026-10-05T00:00:50.750Z""}"
sim,sim-7dfe63d05c29c767e448370cc4a55b1e4ca0a4a04226b65d29499201d1961cb2-202,2026-10-05T00:00:50.500Z,beam_quic,small,100000,1000,stratified-v0-splitmix64:full,0.008820529183406095,False,sim-r0,LANDED_OK,True,"{""id"":""sim-7dfe63d05c29c767e448370cc4a55b1e4ca0a4a04226b65d29499201d1961cb2-202"",""source"":""sim"",""config"":{""route"":""beam_quic"",""tip_lamports"":""100000"",""cu_price_micro_lamports"":""1000"",""cu_limit"":25000,""fee_bucket"":""local_median"",""tip_tier"":""x1"",""size_class"":""small""},""policy_id"":""stratified-v0-splitmix64:full"",""assignment_prob"":0.008820529183406095,""uniform_arm"":false,""regime_id"":""sim-r0"",""sent_slot"":""1000202"",""clock_id"":""sim-clock-v1"",""send_mono_ns"":""50500000000"",""send_wall_utc"":""2026-10-05T00:00:50.500Z"",""signature"":null,""blockhash"":""synthetic-blockhash-202"",""last_valid_block_height"":""1000218"",""leader_class_next"":[{""leader"":""synthetic-leader-1"",""skip_rate_tercile"":""unknown"",""stake_tercile"":""high""}],""outcome"":""LANDED_OK"",""landed_slot"":""1000203"",""landed_block_id"":""synthetic-block-1000203"",""landed_index"":0,""landed_index_scope"":""unknown"",""observer_first_seen"":{""grpc"":{""clock_id"":""sim-clock-v1"",""mono_ns"":""50750000000"",""wall_utc"":""2026-10-05T00:00:50.750Z""}},""resolved_at_utc"":""2026-10-05T00:00:50.750Z""}"
sim,sim-7dfe63d05c29c767e448370cc4a55b1e4ca0a4a04226b65d29499201d1961cb2-203,2026-10-05T00:00:50.750Z,beam_quic,medium,200000,1000,stratified-v0-splitmix64:full,0.016511370878611136,False,sim-r0,LANDED_OK,True,"{""id"":""sim-7dfe63d05c29c767e448370cc4a55b1e4ca0a4a04226b65d29499201d1961cb2-203"",""source"":""sim"",""config"":{""route"":""beam_quic"",""tip_lamports"":""200000"",""cu_price_micro_lamports"":""1000"",""cu_limit"":100000,""fee_bucket"":""local_median"",""tip_tier"":""x2"",""size_class"":""medium""},""policy_id"":""stratified-v0-splitmix64:full"",""assignment_prob"":0.016511370878611136,""uniform_arm"":false,""regime_id"":""sim-r0"",""sent_slot"":""1000203"",""clock_id"":""sim-clock-v1"",""send_mono_ns"":""50750000000"",""send_wall_utc"":""2026-10-05T00:00:50.750Z"",""signature"":null,""blockhash"":""synthetic-blockhash-203"",""last_valid_block_height"":""1000219"",""leader_class_next"":[{""leader"":""synthetic-leader-0"",""skip_rate_tercile"":""unknown"",""stake_tercile"":""middle""}],""outcome"":""LANDED_OK"",""landed_slot"":""1000204"",""landed_block_id"":""synthetic-block-1000204"",""landed_index"":0,""landed_index_scope"":""unknown"",""observer_first_seen"":{""grpc"":{""clock_id"":""sim-clock-v1"",""mono_ns"":""51000000000"",""wall_utc"":""2026-10-05T00:00:51.000Z""}},""resolved_at_utc"":""2026-10-05T00:00:51.000Z""}"
sim,sim-7dfe63d05c29c767e448370cc4a55b1e4ca0a4a04226b65d29499201d1961cb2-204,2026-10-05T00:00:51.000Z,beam_http,medium,200000,1000,stratified-v0-splitmix64:full,0.016589962743808903,False,sim-r0,LANDED_OK,True,"{""id"":""sim-7dfe63d05c29c767e448370cc4a55b1e4ca0a4a04226b65d29499201d1961cb2-204"",""source"":""sim"",""config"":{""route"":""beam_http"",""tip_lamports"":""200000"",""cu_price_micro_lamports"":""1000"",""cu_limit"":100000,""fee_bucket"":""local_median"",""tip_tier"":""x2"",""size_class"":""medium""},""policy_id"":""stratified-v0-splitmix64:full"",""assignment_prob"":0.016589962743808903,""uniform_arm"":false,""regime_id"":""sim-r0"",""sent_slot"":""1000204"",""clock_id"":""sim-clock-v1"",""send_mono_ns"":""51000000000"",""send_wall_utc"":""2026-10-05T00:00:51.000Z"",""signature"":null,""blockhash"":""synthetic-blockhash-204"",""last_valid_block_height"":""1000220"",""leader_class_next"":[{""leader"":""synthetic-leader-0"",""skip_rate_tercile"":""unknown"",""stake_tercile"":""middle""}],""outcome"":""LANDED_OK"",""landed_slot"":""1000205"",""landed_block_id"":""synthetic-block-1000205"",""landed_index"":0,""landed_index_scope"":""unknown"",""observer_first_seen"":{""grpc"":{""clock_id"":""sim-clock-v1"",""mono_ns"":""51250000000"",""wall_utc"":""2026-10-05T00:00:51.250Z""}},""resolved_at_utc"":""2026-10-05T00:00:51.250Z""}"
sim,sim-7dfe63d05c29c767e448370cc4a55b1e4ca0a4a04226b65d29499201d1961cb2-205,2026-10-05T00:00:51.250Z,beam_quic,large,100000,1000,stratified-v0-splitmix64:full,0.016669525092898856,True,sim-r0,LANDED_OK,True,"{""id"":""sim-7dfe63d05c29c767e448370cc4a55b1e4ca0a4a04226b65d29499201d1961cb2-205"",""source"":""sim"",""config"":{""route"":""beam_quic"",""tip_lamports"":""100000"",""cu_price_micro_lamports"":""1000"",""cu_limit"":300000,""fee_bucket"":""local_median"",""tip_tier"":""x1"",""size_class"":""large""},""policy_id"":""stratified-v0-splitmix64:full"",""assignment_prob"":0.016669525092898856,""uniform_arm"":true,""regime_id"":""sim-r0"",""sent_slot"":""1000205"",""clock_id"":""sim-clock-v1"",""send_mono_ns"":""51250000000"",""send_wall_utc"":""2026-10-05T00:00:51.250Z"",""signature"":null,""blockhash"":""synthetic-blockhash-205"",""last_valid_block_height"":""1000221"",""leader_class_next"":[{""leader"":""synthetic-leader-1"",""skip_rate_tercile"":""unknown"",""stake_tercile"":""high""}],""outcome"":""LANDED_OK"",""landed_slot"":""1000208"",""landed_block_id"":""synthetic-block-1000208"",""landed_index"":0,""landed_index_scope"":""unknown"",""observer_first_seen"":{""grpc"":{""clock_id"":""sim-clock-v1"",""mono_ns"":""52000000000"",""wall_utc"":""2026-10-05T00:00:52.000Z""}},""resolved_at_utc"":""2026-10-05T00:00:52.000Z""}"
sim,sim-7dfe63d05c29c767e448370cc4a55b1e4ca0a4a04226b65d29499201d1961cb2-206,2026-10-05T00:00:51.500Z,rpc,large,0,1000,stratified-v0-splitmix64:full,0.010226889858573908,False,sim-r0,LANDED_OK,True,"{""id"":""sim-7dfe63d05c29c767e448370cc4a55b1e4ca0a4a04226b65d29499201d1961cb2-206"",""source"":""sim"",""config"":{""route"":""rpc"",""tip_lamports"":""0"",""cu_price_micro_lamports"":""1000"",""cu_limit"":300000,""fee_bucket"":""local_median"",""tip_tier"":""none"",""size_class"":""large""},""policy_id"":""stratified-v0-splitmix64:full"",""assignment_prob"":0.010226889858573908,""uniform_arm"":false,""regime_id"":""sim-r0"",""sent_slot"":""1000206"",""clock_id"":""sim-clock-v1"",""send_mono_ns"":""51500000000"",""send_wall_utc"":""2026-10-05T00:00:51.500Z"",""signature"":null,""blockhash"":""synthetic-blockhash-206"",""last_valid_block_height"":""1000222"",""leader_class_next"":[{""leader"":""synthetic-leader--1"",""skip_rate_tercile"":""unknown"",""stake_tercile"":""low""}],""outcome"":""LANDED_OK"",""landed_slot"":""1000207"",""landed_block_id"":""synthetic-block-1000207"",""landed_index"":0,""landed_index_scope"":""unknown"",""observer_first_seen"":{""grpc"":{""clock_id"":""sim-clock-v1"",""mono_ns"":""51750000000"",""wall_utc"":""2026-10-05T00:00:51.750Z""}},""resolved_at_utc"":""2026-10-05T00:00:51.750Z""}"
sim,sim-7dfe63d05c29c767e448370cc4a55b1e4ca0a4a04226b65d29499201d1961cb2-207,2026-10-05T00:00:51.750Z,beam_http,small,100000,5000,stratified-v0-splitmix64:full,0.012417525781683522,True,sim-r0,LANDED_OK,True,"{""id"":""sim-7dfe63d05c29c767e448370cc4a55b1e4ca0a4a04226b65d29499201d1961cb2-207"",""source"":""sim"",""config"":{""route"":""beam_http"",""tip_lamports"":""100000"",""cu_price_micro_lamports"":""5000"",""cu_limit"":25000,""fee_bucket"":""local_p90"",""tip_tier"":""x1"",""size_class"":""small""},""policy_id"":""stratified-v0-splitmix64:full"",""assignment_prob"":0.012417525781683522,""uniform_arm"":true,""regime_id"":""sim-r0"",""sent_slot"":""1000207"",""clock_id"":""sim-clock-v1"",""send_mono_ns"":""51750000000"",""send_wall_utc"":""2026-10-05T00:00:51.750Z"",""signature"":null,""blockhash"":""synthetic-blockhash-207"",""last_valid_block_height"":""1000223"",""leader_class_next"":[{""leader"":""synthetic-leader--1"",""skip_rate_tercile"":""unknown"",""stake_tercile"":""low""}],""outcome"":""LANDED_OK"",""landed_slot"":""1000208"",""landed_block_id"":""synthetic-block-1000208"",""landed_index"":0,""landed_index_scope"":""unknown"",""observer_first_seen"":{""grpc"":{""clock_id"":""sim-clock-v1"",""mono_ns"":""52000000000"",""wall_utc"":""2026-10-05T00:00:52.000Z""}},""resolved_at_utc"":""2026-10-05T00:00:52.000Z""}"
sim,sim-7dfe63d05c29c767e448370cc4a55b1e4ca0a4a04226b65d29499201d1961cb2-208,2026-10-05T00:00:52.000Z,beam_http,small,1000000,5000,stratified-v0-splitmix64:full,0.016815240964551944,False,sim-r0,LANDED_OK,True,"{""id"":""sim-7dfe63d05c29c767e448370cc4a55b1e4ca0a4a04226b65d29499201d1961cb2-208"",""source"":""sim"",""config"":{""route"":""beam_http"",""tip_lamports"":""1000000"",""cu_price_micro_lamports"":""5000"",""cu_limit"":25000,""fee_bucket"":""local_p90"",""tip_tier"":""x10"",""size_class"":""small""},""policy_id"":""stratified-v0-splitmix64:full"",""assignment_prob"":0.016815240964551944,""uniform_arm"":false,""regime_id"":""sim-r0"",""sent_slot"":""1000208"",""clock_id"":""sim-clock-v1"",""send_mono_ns"":""52000000000"",""send_wall_utc"":""2026-10-05T00:00:52.000Z"",""signature"":null,""blockhash"":""synthetic-blockhash-208"",""last_valid_block_height"":""1000224"",""leader_class_next"":[{""leader"":""synthetic-leader-1"",""skip_rate_tercile"":""unknown"",""stake_tercile"":""high""}],""outcome"":""LANDED_OK"",""landed_slot"":""1000209"",""landed_block_id"":""synthetic-block-1000209"",""landed_index"":0,""landed_index_scope"":""unknown"",""observer_first_seen"":{""grpc"":{""clock_id"":""sim-clock-v1"",""mono_ns"":""52250000000"",""wall_utc"":""2026-10-05T00:00:52.250Z""}},""resolved_at_utc"":""2026-10-05T00:00:52.250Z""}"
sim,sim-7dfe63d05c29c767e448370cc4a55b1e4ca0a4a04226b65d29499201d1961cb2-209,2026-10-05T00:00:52.250Z,beam_quic,medium,100000,5000,stratified-v0-splitmix64:full,0.010300661025428788,False,sim-r0,LANDED_OK,True,"{""id"":""sim-7dfe63d05c29c767e448370cc4a55b1e4ca0a4a04226b65d29499201d1961cb2-209"",""source"":""sim"",""config"":{""route"":""beam_quic"",""tip_lamports"":""100000"",""cu_price_micro_lamports"":""5000"",""cu_limit"":100000,""fee_bucket"":""local_p90"",""tip_tier"":""x1"",""size_class"":""medium""},""policy_id"":""stratified-v0-splitmix64:full"",""assignment_prob"":0.010300661025428788,""uniform_arm"":false,""regime_id"":""sim-r0"",""sent_slot"":""1000209"",""clock_id"":""sim-clock-v1"",""send_mono_ns"":""52250000000"",""send_wall_utc"":""2026-10-05T00:00:52.250Z"",""signature"":null,""blockhash"":""synthetic-blockhash-209"",""last_valid_block_height"":""1000225"",""leader_class_next"":[{""leader"":""synthetic-leader-0"",""skip_rate_tercile"":""unknown"",""stake_tercile"":""middle""}],""outcome"":""LANDED_OK"",""landed_slot"":""1000210"",""landed_block_id"":""synthetic-block-1000210"",""landed_index"":0,""landed_index_scope"":""unknown"",""observer_first_seen"":{""grpc"":{""clock_id"":""sim-clock-v1"",""mono_ns"":""52500000000"",""wall_utc"":""2026-10-05T00:00:52.500Z""}},""resolved_at_utc"":""2026-10-05T00:00:52.500Z""}"
sim,sim-7dfe63d05c29c767e448370cc4a55b1e4ca0a4a04226b65d29499201d1961cb2-210,2026-10-05T00:00:52.500Z,beam_http,large,100000,1000,stratified-v0-splitmix64:full,0.012516257096087145,False,sim-r0,LANDED_OK,True,"{""id"":""sim-7dfe63d05c29c767e448370cc4a55b1e4ca0a4a04226b65d29499201d1961cb2-210"",""source"":""sim"",""config"":{""route"":""beam_http"",""tip_lamports"":""100000"",""cu_price_micro_lamports"":""1000"",""cu_limit"":300000,""fee_bucket"":""local_median"",""tip_tier"":""x1"",""size_class"":""large""},""policy_id"":""stratified-v0-splitmix64:full"",""assignment_prob"":0.012516257096087145,""uniform_arm"":false,""regime_id"":""sim-r0"",""sent_slot"":""1000210"",""clock_id"":""sim-clock-v1"",""send_mono_ns"":""52500000000"",""send_wall_utc"":""2026-10-05T00:00:52.500Z"",""signature"":null,""blockhash"":""synthetic-blockhash-210"",""last_valid_block_height"":""1000226"",""leader_class_next"":[{""leader"":""synthetic-leader-0"",""skip_rate_tercile"":""unknown"",""stake_tercile"":""middle""}],""outcome"":""LANDED_OK"",""landed_slot"":""1000212"",""landed_block_id"":""synthetic-block-1000212"",""landed_index"":0,""landed_index_scope"":""unknown"",""observer_first_seen"":{""grpc"":{""clock_id"":""sim-clock-v1"",""mono_ns"":""53000000000"",""wall_utc"":""2026-10-05T00:00:53.000Z""}},""resolved_at_utc"":""2026-10-05T00:00:53.000Z""}"
sim,sim-7dfe63d05c29c767e448370cc4a55b1e4ca0a4a04226b65d29499201d1961cb2-211,2026-10-05T00:00:52.750Z,beam_http,small,100000,1000,stratified-v0-splitmix64:full,0.008123892238275894,False,sim-r0,LANDED_OK,True,"{""id"":""sim-7dfe63d05c29c767e448370cc4a55b1e4ca0a4a04226b65d29499201d1961cb2-211"",""source"":""sim"",""config"":{""route"":""beam_http"",""tip_lamports"":""100000"",""cu_price_micro_lamports"":""1000"",""cu_limit"":25000,""fee_bucket"":""local_median"",""tip_tier"":""x1"",""size_class"":""small""},""policy_id"":""stratified-v0-splitmix64:full"",""assignment_prob"":0.008123892238275894,""uniform_arm"":false,""regime_id"":""sim-r0"",""sent_slot"":""1000211"",""clock_id"":""sim-clock-v1"",""send_mono_ns"":""52750000000"",""send_wall_utc"":""2026-10-05T00:00:52.750Z"",""signature"":null,""blockhash"":""synthetic-blockhash-211"",""last_valid_block_height"":""1000227"",""leader_class_next"":[{""leader"":""synthetic-leader-0"",""skip_rate_tercile"":""unknown"",""stake_tercile"":""middle""}],""outcome"":""LANDED_OK"",""landed_slot"":""1000212"",""landed_block_id"":""synthetic-block-1000212"",""landed_index"":0,""landed_index_scope"":""unknown"",""observer_first_seen"":{""grpc"":{""clock_id"":""sim-clock-v1"",""mono_ns"":""53000000000"",""wall_utc"":""2026-10-05T00:00:53.000Z""}},""resolved_at_utc"":""2026-10-05T00:00:53.000Z""}"
sim,sim-7dfe63d05c29c767e448370cc4a55b1e4ca0a4a04226b65d29499201d1961cb2-212,2026-10-05T00:00:53.000Z,beam_quic,medium,500000,1000,stratified-v0-splitmix64:full,0.030248780675397994,False,sim-r0,LANDED_OK,True,"{""id"":""sim-7dfe63d05c29c767e448370cc4a55b1e4ca0a4a04226b65d29499201d1961cb2-212"",""source"":""sim"",""config"":{""route"":""beam_quic"",""tip_lamports"":""500000"",""cu_price_micro_lamports"":""1000"",""cu_limit"":100000,""fee_bucket"":""local_median"",""tip_tier"":""x5"",""size_class"":""medium""},""policy_id"":""stratified-v0-splitmix64:full"",""assignment_prob"":0.030248780675397994,""uniform_arm"":false,""regime_id"":""sim-r0"",""sent_slot"":""1000212"",""clock_id"":""sim-clock-v1"",""send_mono_ns"":""53000000000"",""send_wall_utc"":""2026-10-05T00:00:53.000Z"",""signature"":null,""blockhash"":""synthetic-blockhash-212"",""last_valid_block_height"":""1000228"",""leader_class_next"":[{""leader"":""synthetic-leader--1"",""skip_rate_tercile"":""unknown"",""stake_tercile"":""low""}],""outcome"":""LANDED_OK"",""landed_slot"":""1000213"",""landed_block_id"":""synthetic-block-1000213"",""landed_index"":0,""landed_index_scope"":""unknown"",""observer_first_seen"":{""grpc"":{""clock_id"":""sim-clock-v1"",""mono_ns"":""53250000000"",""wall_utc"":""2026-10-05T00:00:53.250Z""}},""resolved_at_utc"":""2026-10-05T00:00:53.250Z""}"
sim,sim-7dfe63d05c29c767e448370cc4a55b1e4ca0a4a04226b65d29499201d1961cb2-213,2026-10-05T00:00:53.250Z,beam_http,medium,200000,5000,stratified-v0-splitmix64:full,0.017232763572094488,False,sim-r0,LANDED_OK,True,"{""id"":""sim-7dfe63d05c29c767e448370cc4a55b1e4ca0a4a04226b65d29499201d1961cb2-213"",""source"":""sim"",""config"":{""route"":""beam_http"",""tip_lamports"":""200000"",""cu_price_micro_lamports"":""5000"",""cu_limit"":100000,""fee_bucket"":""local_p90"",""tip_tier"":""x2"",""size_class"":""medium""},""policy_id"":""stratified-v0-splitmix64:full"",""assignment_prob"":0.017232763572094488,""uniform_arm"":false,""regime_id"":""sim-r0"",""sent_slot"":""1000213"",""clock_id"":""sim-clock-v1"",""send_mono_ns"":""53250000000"",""send_wall_utc"":""2026-10-05T00:00:53.250Z"",""signature"":null,""blockhash"":""synthetic-blockhash-213"",""last_valid_block_height"":""1000229"",""leader_class_next"":[{""leader"":""synthetic-leader-1"",""skip_rate_tercile"":""unknown"",""stake_tercile"":""high""}],""outcome"":""LANDED_OK"",""landed_slot"":""1000214"",""landed_block_id"":""synthetic-block-1000214"",""landed_index"":0,""landed_index_scope"":""unknown"",""observer_first_seen"":{""grpc"":{""clock_id"":""sim-clock-v1"",""mono_ns"":""53500000000"",""wall_utc"":""2026-10-05T00:00:53.500Z""}},""resolved_at_utc"":""2026-10-05T00:00:53.500Z""}"
sim,sim-7dfe63d05c29c767e448370cc4a55b1e4ca0a4a04226b65d29499201d1961cb2-214,2026-10-05T00:00:53.500Z,beam_quic,small,1000000,1000,stratified-v0-splitmix64:full,0.0075942136383987165,True,sim-r0,LANDED_OK,True,"{""id"":""sim-7dfe63d05c29c767e448370cc4a55b1e4ca0a4a04226b65d29499201d1961cb2-214"",""source"":""sim"",""config"":{""route"":""beam_quic"",""tip_lamports"":""1000000"",""cu_price_micro_lamports"":""1000"",""cu_limit"":25000,""fee_bucket"":""local_median"",""tip_tier"":""x10"",""size_class"":""small""},""policy_id"":""stratified-v0-splitmix64:full"",""assignment_prob"":0.0075942136383987165,""uniform_arm"":true,""regime_id"":""sim-r0"",""sent_slot"":""1000214"",""clock_id"":""sim-clock-v1"",""send_mono_ns"":""53500000000"",""send_wall_utc"":""2026-10-05T00:00:53.500Z"",""signature"":null,""blockhash"":""synthetic-blockhash-214"",""last_valid_block_height"":""1000230"",""leader_class_next"":[{""leader"":""synthetic-leader-1"",""skip_rate_tercile"":""unknown"",""stake_tercile"":""high""}],""outcome"":""LANDED_OK"",""landed_slot"":""1000215"",""landed_block_id"":""synthetic-block-1000215"",""landed_index"":0,""landed_index_scope"":""unknown"",""observer_first_seen"":{""grpc"":{""clock_id"":""sim-clock-v1"",""mono_ns"":""53750000000"",""wall_utc"":""2026-10-05T00:00:53.750Z""}},""resolved_at_utc"":""2026-10-05T00:00:53.750Z""}"
sim,sim-7dfe63d05c29c767e448370cc4a55b1e4ca0a4a04226b65d29499201d1961cb2-215,2026-10-05T00:00:53.750Z,beam_http,medium,100000,0,stratified-v0-splitmix64:full,0.010516829398920614,False,sim-r0,LANDED_OK,True,"{""id"":""sim-7dfe63d05c29c767e448370cc4a55b1e4ca0a4a04226b65d29499201d1961cb2-215"",""source"":""sim"",""config"":{""route"":""beam_http"",""tip_lamports"":""100000"",""cu_price_micro_lamports"":""0"",""cu_limit"":100000,""fee_bucket"":""zero"",""tip_tier"":""x1"",""size_class"":""medium""},""policy_id"":""stratified-v0-splitmix64:full"",""assignment_prob"":0.010516829398920614,""uniform_arm"":false,""regime_id"":""sim-r0"",""sent_slot"":""1000215"",""clock_id"":""sim-clock-v1"",""send_mono_ns"":""53750000000"",""send_wall_utc"":""2026-10-05T00:00:53.750Z"",""signature"":null,""blockhash"":""synthetic-blockhash-215"",""last_valid_block_height"":""1000231"",""leader_class_next"":[{""leader"":""synthetic-leader-0"",""skip_rate_tercile"":""unknown"",""stake_tercile"":""middle""}],""outcome"":""LANDED_OK"",""landed_slot"":""1000216"",""landed_block_id"":""synthetic-block-1000216"",""landed_index"":0,""landed_index_scope"":""unknown"",""observer_first_seen"":{""grpc"":{""clock_id"":""sim-clock-v1"",""mono_ns"":""54000000000"",""wall_utc"":""2026-10-05T00:00:54.000Z""}},""resolved_at_utc"":""2026-10-05T00:00:54.000Z""}"
sim,sim-7dfe63d05c29c767e448370cc4a55b1e4ca0a4a04226b65d29499201d1961cb2-216,2026-10-05T00:00:54.000Z,beam_http,medium,1000000,1000,stratified-v0-splitmix64:full,0.031009359875339267,False,sim-r0,LANDED_OK,True,"{""id"":""sim-7dfe63d05c29c767e448370cc4a55b1e4ca0a4a04226b65d29499201d1961cb2-216"",""source"":""sim"",""config"":{""route"":""beam_http"",""tip_lamports"":""1000000"",""cu_price_micro_lamports"":""1000"",""cu_limit"":100000,""fee_bucket"":""local_median"",""tip_tier"":""x10"",""size_class"":""medium""},""policy_id"":""stratified-v0-splitmix64:full"",""assignment_prob"":0.031009359875339267,""uniform_arm"":false,""regime_id"":""sim-r0"",""sent_slot"":""1000216"",""clock_id"":""sim-clock-v1"",""send_mono_ns"":""54000000000"",""send_wall_utc"":""2026-10-05T00:00:54.000Z"",""signature"":null,""blockhash"":""synthetic-blockhash-216"",""last_valid_block_height"":""1000232"",""leader_class_next"":[{""leader"":""synthetic-leader-1"",""skip_rate_tercile"":""unknown"",""stake_tercile"":""high""}],""outcome"":""LANDED_OK"",""landed_slot"":""1000217"",""landed_block_id"":""synthetic-block-1000217"",""landed_index"":0,""landed_index_scope"":""unknown"",""observer_first_seen"":{""grpc"":{""clock_id"":""sim-clock-v1"",""mono_ns"":""54250000000"",""wall_utc"":""2026-10-05T00:00:54.250Z""}},""resolved_at_utc"":""2026-10-05T00:00:54.250Z""}"
sim,sim-7dfe63d05c29c767e448370cc4a55b1e4ca0a4a04226b65d29499201d1961cb2-217,2026-10-05T00:00:54.250Z,rpc,small,0,5000,stratified-v0-splitmix64:full,0.017628114047551394,False,sim-r0,LANDED_OK,True,"{""id"":""sim-7dfe63d05c29c767e448370cc4a55b1e4ca0a4a04226b65d29499201d1961cb2-217"",""source"":""sim"",""config"":{""route"":""rpc"",""tip_lamports"":""0"",""cu_price_micro_lamports"":""5000"",""cu_limit"":25000,""fee_bucket"":""local_p90"",""tip_tier"":""none"",""size_class"":""small""},""policy_id"":""stratified-v0-splitmix64:full"",""assignment_prob"":0.017628114047551394,""uniform_arm"":false,""regime_id"":""sim-r0"",""sent_slot"":""1000217"",""clock_id"":""sim-clock-v1"",""send_mono_ns"":""54250000000"",""send_wall_utc"":""2026-10-05T00:00:54.250Z"",""signature"":null,""blockhash"":""synthetic-blockhash-217"",""last_valid_block_height"":""1000233"",""leader_class_next"":[{""leader"":""synthetic-leader-0"",""skip_rate_tercile"":""unknown"",""stake_tercile"":""middle""}],""outcome"":""LANDED_OK"",""landed_slot"":""1000219"",""landed_block_id"":""synthetic-block-1000219"",""landed_index"":0,""landed_index_scope"":""unknown"",""observer_first_seen"":{""grpc"":{""clock_id"":""sim-clock-v1"",""mono_ns"":""54750000000"",""wall_utc"":""2026-10-05T00:00:54.750Z""}},""resolved_at_utc"":""2026-10-05T00:00:54.750Z""}"
sim,sim-7dfe63d05c29c767e448370cc4a55b1e4ca0a4a04226b65d29499201d1961cb2-218,2026-10-05T00:00:54.500Z,beam_quic,medium,200000,5000,stratified-v0-splitmix64:full,0.01304860691720614,False,sim-r0,LANDED_OK,True,"{""id"":""sim-7dfe63d05c29c767e448370cc4a55b1e4ca0a4a04226b65d29499201d1961cb2-218"",""source"":""sim"",""config"":{""route"":""beam_quic"",""tip_lamports"":""200000"",""cu_price_micro_lamports"":""5000"",""cu_limit"":100000,""fee_bucket"":""local_p90"",""tip_tier"":""x2"",""size_class"":""medium""},""policy_id"":""stratified-v0-splitmix64:full"",""assignment_prob"":0.01304860691720614,""uniform_arm"":false,""regime_id"":""sim-r0"",""sent_slot"":""1000218"",""clock_id"":""sim-clock-v1"",""send_mono_ns"":""54500000000"",""send_wall_utc"":""2026-10-05T00:00:54.500Z"",""signature"":null,""blockhash"":""synthetic-blockhash-218"",""last_valid_block_height"":""1000234"",""leader_class_next"":[{""leader"":""synthetic-leader-1"",""skip_rate_tercile"":""unknown"",""stake_tercile"":""high""}],""outcome"":""LANDED_OK"",""landed_slot"":""1000219"",""landed_block_id"":""synthetic-block-1000219"",""landed_index"":0,""landed_index_scope"":""unknown"",""observer_first_seen"":{""grpc"":{""clock_id"":""sim-clock-v1"",""mono_ns"":""54750000000"",""wall_utc"":""2026-10-05T00:00:54.750Z""}},""resolved_at_utc"":""2026-10-05T00:00:54.750Z""}"
sim,sim-7dfe63d05c29c767e448370cc4a55b1e4ca0a4a04226b65d29499201d1961cb2-219,2026-10-05T00:00:54.750Z,beam_http,medium,100000,0,stratified-v0-splitmix64:full,0.009329421269719779,False,sim-r0,LANDED_OK,True,"{""id"":""sim-7dfe63d05c29c767e448370cc4a55b1e4ca0a4a04226b65d29499201d1961cb2-219"",""source"":""sim"",""config"":{""route"":""beam_http"",""tip_lamports"":""100000"",""cu_price_micro_lamports"":""0"",""cu_limit"":100000,""fee_bucket"":""zero"",""tip_tier"":""x1"",""size_class"":""medium""},""policy_id"":""stratified-v0-splitmix64:full"",""assignment_prob"":0.009329421269719779,""uniform_arm"":false,""regime_id"":""sim-r0"",""sent_slot"":""1000219"",""clock_id"":""sim-clock-v1"",""send_mono_ns"":""54750000000"",""send_wall_utc"":""2026-10-05T00:00:54.750Z"",""signature"":null,""blockhash"":""synthetic-blockhash-219"",""last_valid_block_height"":""1000235"",""leader_class_next"":[{""leader"":""synthetic-leader-0"",""skip_rate_tercile"":""unknown"",""stake_tercile"":""middle""}],""outcome"":""LANDED_OK"",""landed_slot"":""1000221"",""landed_block_id"":""synthetic-block-1000221"",""landed_index"":0,""landed_index_scope"":""unknown"",""observer_first_seen"":{""grpc"":{""clock_id"":""sim-clock-v1"",""mono_ns"":""55250000000"",""wall_utc"":""2026-10-05T00:00:55.250Z""}},""resolved_at_utc"":""2026-10-05T00:00:55.250Z""}"
sim,sim-7dfe63d05c29c767e448370cc4a55b1e4ca0a4a04226b65d29499201d1961cb2-220,2026-10-05T00:00:55.000Z,beam_http,medium,500000,1000,stratified-v0-splitmix64:full,0.009336966780921564,False,sim-r0,LANDED_OK,True,"{""id"":""sim-7dfe63d05c29c767e448370cc4a55b1e4ca0a4a04226b65d29499201d1961cb2-220"",""source"":""sim"",""config"":{""route"":""beam_http"",""tip_lamports"":""500000"",""cu_price_micro_lamports"":""1000"",""cu_limit"":100000,""fee_bucket"":""local_median"",""tip_tier"":""x5"",""size_class"":""medium""},""policy_id"":""stratified-v0-splitmix64:full"",""assignment_prob"":0.009336966780921564,""uniform_arm"":false,""regime_id"":""sim-r0"",""sent_slot"":""1000220"",""clock_id"":""sim-clock-v1"",""send_mono_ns"":""55000000000"",""send_wall_utc"":""2026-10-05T00:00:55.000Z"",""signature"":null,""blockhash"":""synthetic-blockhash-220"",""last_valid_block_height"":""1000236"",""leader_class_next"":[{""leader"":""synthetic-leader-1"",""skip_rate_tercile"":""unknown"",""stake_tercile"":""high""}],""outcome"":""LANDED_OK"",""landed_slot"":""1000221"",""landed_block_id"":""synthetic-block-1000221"",""landed_index"":0,""landed_index_scope"":""unknown"",""observer_first_seen"":{""grpc"":{""clock_id"":""sim-clock-v1"",""mono_ns"":""55250000000"",""wall_utc"":""2026-10-05T00:00:55.250Z""}},""resolved_at_utc"":""2026-10-05T00:00:55.250Z""}"
sim,sim-7dfe63d05c29c767e448370cc4a55b1e4ca0a4a04226b65d29499201d1961cb2-221,2026-10-05T00:00:55.250Z,beam_http,large,200000,5000,stratified-v0-splitmix64:full,0.013105085131178765,False,sim-r0,LANDED_OK,True,"{""id"":""sim-7dfe63d05c29c767e448370cc4a55b1e4ca0a4a04226b65d29499201d1961cb2-221"",""source"":""sim"",""config"":{""route"":""beam_http"",""tip_lamports"":""200000"",""cu_price_micro_lamports"":""5000"",""cu_limit"":300000,""fee_bucket"":""local_p90"",""tip_tier"":""x2"",""size_class"":""large""},""policy_id"":""stratified-v0-splitmix64:full"",""assignment_prob"":0.013105085131178765,""uniform_arm"":false,""regime_id"":""sim-r0"",""sent_slot"":""1000221"",""clock_id"":""sim-clock-v1"",""send_mono_ns"":""55250000000"",""send_wall_utc"":""2026-10-05T00:00:55.250Z"",""signature"":null,""blockhash"":""synthetic-blockhash-221"",""last_valid_block_height"":""1000237"",""leader_class_next"":[{""leader"":""synthetic-leader-0"",""skip_rate_tercile"":""unknown"",""stake_tercile"":""middle""}],""outcome"":""LANDED_OK"",""landed_slot"":""1000222"",""landed_block_id"":""synthetic-block-1000222"",""landed_index"":0,""landed_index_scope"":""unknown"",""observer_first_seen"":{""grpc"":{""clock_id"":""sim-clock-v1"",""mono_ns"":""55500000000"",""wall_utc"":""2026-10-05T00:00:55.500Z""}},""resolved_at_utc"":""2026-10-05T00:00:55.500Z""}"
sim,sim-7dfe63d05c29c767e448370cc4a55b1e4ca0a4a04226b65d29499201d1961cb2-222,2026-10-05T00:00:55.500Z,beam_quic,small,500000,5000,stratified-v0-splitmix64:full,0.00936353621886397,False,sim-r0,LANDED_OK,True,"{""id"":""sim-7dfe63d05c29c767e448370cc4a55b1e4ca0a4a04226b65d29499201d1961cb2-222"",""source"":""sim"",""config"":{""route"":""beam_quic"",""tip_lamports"":""500000"",""cu_price_micro_lamports"":""5000"",""cu_limit"":25000,""fee_bucket"":""local_p90"",""tip_tier"":""x5"",""size_class"":""small""},""policy_id"":""stratified-v0-splitmix64:full"",""assignment_prob"":0.00936353621886397,""uniform_arm"":false,""regime_id"":""sim-r0"",""sent_slot"":""1000222"",""clock_id"":""sim-clock-v1"",""send_mono_ns"":""55500000000"",""send_wall_utc"":""2026-10-05T00:00:55.500Z"",""signature"":null,""blockhash"":""synthetic-blockhash-222"",""last_valid_block_height"":""1000238"",""leader_class_next"":[{""leader"":""synthetic-leader-0"",""skip_rate_tercile"":""unknown"",""stake_tercile"":""middle""}],""outcome"":""LANDED_OK"",""landed_slot"":""1000223"",""landed_block_id"":""synthetic-block-1000223"",""landed_index"":0,""landed_index_scope"":""unknown"",""observer_first_seen"":{""grpc"":{""clock_id"":""sim-clock-v1"",""mono_ns"":""55750000000"",""wall_utc"":""2026-10-05T00:00:55.750Z""}},""resolved_at_utc"":""2026-10-05T00:00:55.750Z""}"
sim,sim-7dfe63d05c29c767e448370cc4a55b1e4ca0a4a04226b65d29499201d1961cb2-223,2026-10-05T00:00:55.750Z,beam_quic,large,1000000,0,stratified-v0-splitmix64:full,0.013149486836233827,True,sim-r0,LANDED_OK,True,"{""id"":""sim-7dfe63d05c29c767e448370cc4a55b1e4ca0a4a04226b65d29499201d1961cb2-223"",""source"":""sim"",""config"":{""route"":""beam_quic"",""tip_lamports"":""1000000"",""cu_price_micro_lamports"":""0"",""cu_limit"":300000,""fee_bucket"":""zero"",""tip_tier"":""x10"",""size_class"":""large""},""policy_id"":""stratified-v0-splitmix64:full"",""assignment_prob"":0.013149486836233827,""uniform_arm"":true,""regime_id"":""sim-r0"",""sent_slot"":""1000223"",""clock_id"":""sim-clock-v1"",""send_mono_ns"":""55750000000"",""send_wall_utc"":""2026-10-05T00:00:55.750Z"",""signature"":null,""blockhash"":""synthetic-blockhash-223"",""last_valid_block_height"":""1000239"",""leader_class_next"":[{""leader"":""synthetic-leader-0"",""skip_rate_tercile"":""unknown"",""stake_tercile"":""middle""}],""outcome"":""LANDED_OK"",""landed_slot"":""1000224"",""landed_block_id"":""synthetic-block-1000224"",""landed_index"":0,""landed_index_scope"":""unknown"",""observer_first_seen"":{""grpc"":{""clock_id"":""sim-clock-v1"",""mono_ns"":""56000000000"",""wall_utc"":""2026-10-05T00:00:56.000Z""}},""resolved_at_utc"":""2026-10-05T00:00:56.000Z""}"
sim,sim-7dfe63d05c29c767e448370cc4a55b1e4ca0a4a04226b65d29499201d1961cb2-224,2026-10-05T00:00:56.000Z,beam_quic,medium,500000,1000,stratified-v0-splitmix64:full,0.017920338133104095,False,sim-r0,LANDED_OK,True,"{""id"":""sim-7dfe63d05c29c767e448370cc4a55b1e4ca0a4a04226b65d29499201d1961cb2-224"",""source"":""sim"",""config"":{""route"":""beam_quic"",""tip_lamports"":""500000"",""cu_price_micro_lamports"":""1000"",""cu_limit"":100000,""fee_bucket"":""local_median"",""tip_tier"":""x5"",""size_class"":""medium""},""policy_id"":""stratified-v0-splitmix64:full"",""assignment_prob"":0.017920338133104095,""uniform_arm"":false,""regime_id"":""sim-r0"",""sent_slot"":""1000224"",""clock_id"":""sim-clock-v1"",""send_mono_ns"":""56000000000"",""send_wall_utc"":""2026-10-05T00:00:56.000Z"",""signature"":null,""blockhash"":""synthetic-blockhash-224"",""last_valid_block_height"":""1000240"",""leader_class_next"":[{""leader"":""synthetic-leader-0"",""skip_rate_tercile"":""unknown"",""stake_tercile"":""middle""}],""outcome"":""LANDED_OK"",""landed_slot"":""1000225"",""landed_block_id"":""synthetic-block-1000225"",""landed_index"":0,""landed_index_scope"":""unknown"",""observer_first_seen"":{""grpc"":{""clock_id"":""sim-clock-v1"",""mono_ns"":""56250000000"",""wall_utc"":""2026-10-05T00:00:56.250Z""}},""resolved_at_utc"":""2026-10-05T00:00:56.250Z""}"
sim,sim-7dfe63d05c29c767e448370cc4a55b1e4ca0a4a04226b65d29499201d1961cb2-225,2026-10-05T00:00:56.250Z,beam_quic,small,500000,1000,stratified-v0-splitmix64:full,0.009429117530383354,False,sim-r0,LANDED_OK,True,"{""id"":""sim-7dfe63d05c29c767e448370cc4a55b1e4ca0a4a04226b65d29499201d1961cb2-225"",""source"":""sim"",""config"":{""route"":""beam_quic"",""tip_lamports"":""500000"",""cu_price_micro_lamports"":""1000"",""cu_limit"":25000,""fee_bucket"":""local_median"",""tip_tier"":""x5"",""size_class"":""small""},""policy_id"":""stratified-v0-splitmix64:full"",""assignment_prob"":0.009429117530383354,""uniform_arm"":false,""regime_id"":""sim-r0"",""sent_slot"":""1000225"",""clock_id"":""sim-clock-v1"",""send_mono_ns"":""56250000000"",""send_wall_utc"":""2026-10-05T00:00:56.250Z"",""signature"":null,""blockhash"":""synthetic-blockhash-225"",""last_valid_block_height"":""1000241"",""leader_class_next"":[{""leader"":""synthetic-leader-0"",""skip_rate_tercile"":""unknown"",""stake_tercile"":""middle""}],""outcome"":""LANDED_OK"",""landed_slot"":""1000226"",""landed_block_id"":""synthetic-block-1000226"",""landed_index"":0,""landed_index_scope"":""unknown"",""observer_first_seen"":{""grpc"":{""clock_id"":""sim-clock-v1"",""mono_ns"":""56500000000"",""wall_utc"":""2026-10-05T00:00:56.500Z""}},""resolved_at_utc"":""2026-10-05T00:00:56.500Z""}"
sim,sim-7dfe63d05c29c767e448370cc4a55b1e4ca0a4a04226b65d29499201d1961cb2-226,2026-10-05T00:00:56.500Z,beam_http,large,1000000,1000,stratified-v0-splitmix64:full,0.013259085918992318,False,sim-r0,LANDED_OK,True,"{""id"":""sim-7dfe63d05c29c767e448370cc4a55b1e4ca0a4a04226b65d29499201d1961cb2-226"",""source"":""sim"",""config"":{""route"":""beam_http"",""tip_lamports"":""1000000"",""cu_price_micro_lamports"":""1000"",""cu_limit"":300000,""fee_bucket"":""local_median"",""tip_tier"":""x10"",""size_class"":""large""},""policy_id"":""stratified-v0-splitmix64:full"",""assignment_prob"":0.013259085918992318,""uniform_arm"":false,""regime_id"":""sim-r0"",""sent_slot"":""1000226"",""clock_id"":""sim-clock-v1"",""send_mono_ns"":""56500000000"",""send_wall_utc"":""2026-10-05T00:00:56.500Z"",""signature"":null,""blockhash"":""synthetic-blockhash-226"",""last_valid_block_height"":""1000242"",""leader_class_next"":[{""leader"":""synthetic-leader-1"",""skip_rate_tercile"":""unknown"",""stake_tercile"":""high""}],""outcome"":""LANDED_OK"",""landed_slot"":""1000227"",""landed_block_id"":""synthetic-block-1000227"",""landed_index"":0,""landed_index_scope"":""unknown"",""observer_first_seen"":{""grpc"":{""clock_id"":""sim-clock-v1"",""mono_ns"":""56750000000"",""wall_utc"":""2026-10-05T00:00:56.750Z""}},""resolved_at_utc"":""2026-10-05T00:00:56.750Z""}"
sim,sim-7dfe63d05c29c767e448370cc4a55b1e4ca0a4a04226b65d29499201d1961cb2-227,2026-10-05T00:00:56.750Z,beam_http,small,100000,5000,stratified-v0-splitmix64:full,0.010894780897716033,True,sim-r0,LANDED_OK,True,"{""id"":""sim-7dfe63d05c29c767e448370cc4a55b1e4ca0a4a04226b65d29499201d1961cb2-227"",""source"":""sim"",""config"":{""route"":""beam_http"",""tip_lamports"":""100000"",""cu_price_micro_lamports"":""5000"",""cu_limit"":25000,""fee_bucket"":""local_p90"",""tip_tier"":""x1"",""size_class"":""small""},""policy_id"":""stratified-v0-splitmix64:full"",""assignment_prob"":0.010894780897716033,""uniform_arm"":true,""regime_id"":""sim-r0"",""sent_slot"":""1000227"",""clock_id"":""sim-clock-v1"",""send_mono_ns"":""56750000000"",""send_wall_utc"":""2026-10-05T00:00:56.750Z"",""signature"":null,""blockhash"":""synthetic-blockhash-227"",""last_valid_block_height"":""1000243"",""leader_class_next"":[{""leader"":""synthetic-leader-0"",""skip_rate_tercile"":""unknown"",""stake_tercile"":""middle""}],""outcome"":""LANDED_OK"",""landed_slot"":""1000229"",""landed_block_id"":""synthetic-block-1000229"",""landed_index"":0,""landed_index_scope"":""unknown"",""observer_first_seen"":{""grpc"":{""clock_id"":""sim-clock-v1"",""mono_ns"":""57250000000"",""wall_utc"":""2026-10-05T00:00:57.250Z""}},""resolved_at_utc"":""2026-10-05T00:00:57.250Z""}"
sim,sim-7dfe63d05c29c767e448370cc4a55b1e4ca0a4a04226b65d29499201d1961cb2-228,2026-10-05T00:00:57.000Z,beam_quic,small,100000,0,stratified-v0-splitmix64:full,0.010909586056644882,False,sim-r0,LANDED_OK,True,"{""id"":""sim-7dfe63d05c29c767e448370cc4a55b1e4ca0a4a04226b65d29499201d1961cb2-228"",""source"":""sim"",""config"":{""route"":""beam_quic"",""tip_lamports"":""100000"",""cu_price_micro_lamports"":""0"",""cu_limit"":25000,""fee_bucket"":""zero"",""tip_tier"":""x1"",""size_class"":""small""},""policy_id"":""stratified-v0-splitmix64:full"",""assignment_prob"":0.010909586056644882,""uniform_arm"":false,""regime_id"":""sim-r0"",""sent_slot"":""1000228"",""clock_id"":""sim-clock-v1"",""send_mono_ns"":""57000000000"",""send_wall_utc"":""2026-10-05T00:00:57.000Z"",""signature"":null,""blockhash"":""synthetic-blockhash-228"",""last_valid_block_height"":""1000244"",""leader_class_next"":[{""leader"":""synthetic-leader--1"",""skip_rate_tercile"":""unknown"",""stake_tercile"":""low""}],""outcome"":""LANDED_OK"",""landed_slot"":""1000229"",""landed_block_id"":""synthetic-block-1000229"",""landed_index"":0,""landed_index_scope"":""unknown"",""observer_first_seen"":{""grpc"":{""clock_id"":""sim-clock-v1"",""mono_ns"":""57250000000"",""wall_utc"":""2026-10-05T00:00:57.250Z""}},""resolved_at_utc"":""2026-10-05T00:00:57.250Z""}"
sim,sim-7dfe63d05c29c767e448370cc4a55b1e4ca0a4a04226b65d29499201d1961cb2-229,2026-10-05T00:00:57.250Z,beam_http,medium,100000,0,stratified-v0-splitmix64:full,0.008517536103743001,False,sim-r0,LANDED_OK,True,"{""id"":""sim-7dfe63d05c29c767e448370cc4a55b1e4ca0a4a04226b65d29499201d1961cb2-229"",""source"":""sim"",""config"":{""route"":""beam_http"",""tip_lamports"":""100000"",""cu_price_micro_lamports"":""0"",""cu_limit"":100000,""fee_bucket"":""zero"",""tip_tier"":""x1"",""size_class"":""medium""},""policy_id"":""stratified-v0-splitmix64:full"",""assignment_prob"":0.008517536103743001,""uniform_arm"":false,""regime_id"":""sim-r0"",""sent_slot"":""1000229"",""clock_id"":""sim-clock-v1"",""send_mono_ns"":""57250000000"",""send_wall_utc"":""2026-10-05T00:00:57.250Z"",""signature"":null,""blockhash"":""synthetic-blockhash-229"",""last_valid_block_height"":""1000245"",""leader_class_next"":[{""leader"":""synthetic-leader--1"",""skip_rate_tercile"":""unknown"",""stake_tercile"":""low""}],""outcome"":""LANDED_OK"",""landed_slot"":""1000230"",""landed_block_id"":""synthetic-block-1000230"",""landed_index"":0,""landed_index_scope"":""unknown"",""observer_first_seen"":{""grpc"":{""clock_id"":""sim-clock-v1"",""mono_ns"":""57500000000"",""wall_utc"":""2026-10-05T00:00:57.500Z""}},""resolved_at_utc"":""2026-10-05T00:00:57.500Z""}"
sim,sim-7dfe63d05c29c767e448370cc4a55b1e4ca0a4a04226b65d29499201d1961cb2-230,2026-10-05T00:00:57.500Z,beam_http,large,1000000,0,stratified-v0-splitmix64:full,0.010931553049755433,False,sim-r0,LANDED_OK,True,"{""id"":""sim-7dfe63d05c29c767e448370cc4a55b1e4ca0a4a04226b65d29499201d1961cb2-230"",""source"":""sim"",""config"":{""route"":""beam_http"",""tip_lamports"":""1000000"",""cu_price_micro_lamports"":""0"",""cu_limit"":300000,""fee_bucket"":""zero"",""tip_tier"":""x10"",""size_class"":""large""},""policy_id"":""stratified-v0-splitmix64:full"",""assignment_prob"":0.010931553049755433,""uniform_arm"":false,""regime_id"":""sim-r0"",""sent_slot"":""1000230"",""clock_id"":""sim-clock-v1"",""send_mono_ns"":""57500000000"",""send_wall_utc"":""2026-10-05T00:00:57.500Z"",""signature"":null,""blockhash"":""synthetic-blockhash-230"",""last_valid_block_height"":""1000246"",""leader_class_next"":[{""leader"":""synthetic-leader-1"",""skip_rate_tercile"":""unknown"",""stake_tercile"":""high""}],""outcome"":""LANDED_OK"",""landed_slot"":""1000231"",""landed_block_id"":""synthetic-block-1000231"",""landed_index"":0,""landed_index_scope"":""unknown"",""observer_first_seen"":{""grpc"":{""clock_id"":""sim-clock-v1"",""mono_ns"":""57750000000"",""wall_utc"":""2026-10-05T00:00:57.750Z""}},""resolved_at_utc"":""2026-10-05T00:00:57.750Z""}"
sim,sim-7dfe63d05c29c767e448370cc4a55b1e4ca0a4a04226b65d29499201d1961cb2-231,2026-10-05T00:00:57.750Z,beam_quic,medium,500000,5000,stratified-v0-splitmix64:full,0.010946510168031652,False,sim-r0,LANDED_OK,True,"{""id"":""sim-7dfe63d05c29c767e448370cc4a55b1e4ca0a4a04226b65d29499201d1961cb2-231"",""source"":""sim"",""config"":{""route"":""beam_quic"",""tip_lamports"":""500000"",""cu_price_micro_lamports"":""5000"",""cu_limit"":100000,""fee_bucket"":""local_p90"",""tip_tier"":""x5"",""size_class"":""medium""},""policy_id"":""stratified-v0-splitmix64:full"",""assignment_prob"":0.010946510168031652,""uniform_arm"":false,""regime_id"":""sim-r0"",""sent_slot"":""1000231"",""clock_id"":""sim-clock-v1"",""send_mono_ns"":""57750000000"",""send_wall_utc"":""2026-10-05T00:00:57.750Z"",""signature"":null,""blockhash"":""synthetic-blockhash-231"",""last_valid_block_height"":""1000247"",""leader_class_next"":[{""leader"":""synthetic-leader-1"",""skip_rate_tercile"":""unknown"",""stake_tercile"":""high""}],""outcome"":""LANDED_OK"",""landed_slot"":""1000232"",""landed_block_id"":""synthetic-block-1000232"",""landed_index"":0,""landed_index_scope"":""unknown"",""observer_first_seen"":{""grpc"":{""clock_id"":""sim-clock-v1"",""mono_ns"":""58000000000"",""wall_utc"":""2026-10-05T00:00:58.000Z""}},""resolved_at_utc"":""2026-10-05T00:00:58.000Z""}"
sim,sim-7dfe63d05c29c767e448370cc4a55b1e4ca0a4a04226b65d29499201d1961cb2-232,2026-10-05T00:00:58.000Z,beam_quic,small,500000,0,stratified-v0-splitmix64:full,0.018219354933090494,True,sim-r0,LANDED_OK,True,"{""id"":""sim-7dfe63d05c29c767e448370cc4a55b1e4ca0a4a04226b65d29499201d1961cb2-232"",""source"":""sim"",""config"":{""route"":""beam_quic"",""tip_lamports"":""500000"",""cu_price_micro_lamports"":""0"",""cu_limit"":25000,""fee_bucket"":""zero"",""tip_tier"":""x5"",""size_class"":""small""},""policy_id"":""stratified-v0-splitmix64:full"",""assignment_prob"":0.018219354933090494,""uniform_arm"":true,""regime_id"":""sim-r0"",""sent_slot"":""1000232"",""clock_id"":""sim-clock-v1"",""send_mono_ns"":""58000000000"",""send_wall_utc"":""2026-10-05T00:00:58.000Z"",""signature"":null,""blockhash"":""synthetic-blockhash-232"",""last_valid_block_height"":""1000248"",""leader_class_next"":[{""leader"":""synthetic-leader-1"",""skip_rate_tercile"":""unknown"",""stake_tercile"":""high""}],""outcome"":""LANDED_OK"",""landed_slot"":""1000233"",""landed_block_id"":""synthetic-block-1000233"",""landed_index"":0,""landed_index_scope"":""unknown"",""observer_first_seen"":{""grpc"":{""clock_id"":""sim-clock-v1"",""mono_ns"":""58250000000"",""wall_utc"":""2026-10-05T00:00:58.250Z""}},""resolved_at_utc"":""2026-10-05T00:00:58.250Z""}"
sim,sim-7dfe63d05c29c767e448370cc4a55b1e4ca0a4a04226b65d29499201d1961cb2-233,2026-10-05T00:00:58.250Z,beam_http,large,100000,5000,stratified-v0-splitmix64:full,0.009550377662140615,False,sim-r0,LANDED_OK,True,"{""id"":""sim-7dfe63d05c29c767e448370cc4a55b1e4ca0a4a04226b65d29499201d1961cb2-233"",""source"":""sim"",""config"":{""route"":""beam_http"",""tip_lamports"":""100000"",""cu_price_micro_lamports"":""5000"",""cu_limit"":300000,""fee_bucket"":""local_p90"",""tip_tier"":""x1"",""size_class"":""large""},""policy_id"":""stratified-v0-splitmix64:full"",""assignment_prob"":0.009550377662140615,""uniform_arm"":false,""regime_id"":""sim-r0"",""sent_slot"":""1000233"",""clock_id"":""sim-clock-v1"",""send_mono_ns"":""58250000000"",""send_wall_utc"":""2026-10-05T00:00:58.250Z"",""signature"":null,""blockhash"":""synthetic-blockhash-233"",""last_valid_block_height"":""1000249"",""leader_class_next"":[{""leader"":""synthetic-leader-0"",""skip_rate_tercile"":""unknown"",""stake_tercile"":""middle""}],""outcome"":""LANDED_OK"",""landed_slot"":""1000235"",""landed_block_id"":""synthetic-block-1000235"",""landed_index"":0,""landed_index_scope"":""unknown"",""observer_first_seen"":{""grpc"":{""clock_id"":""sim-clock-v1"",""mono_ns"":""58750000000"",""wall_utc"":""2026-10-05T00:00:58.750Z""}},""resolved_at_utc"":""2026-10-05T00:00:58.750Z""}"
sim,sim-7dfe63d05c29c767e448370cc4a55b1e4ca0a4a04226b65d29499201d1961cb2-234,2026-10-05T00:00:58.500Z,beam_http,small,1000000,0,stratified-v0-splitmix64:full,0.018340764342954927,False,sim-r0,LANDED_OK,True,"{""id"":""sim-7dfe63d05c29c767e448370cc4a55b1e4ca0a4a04226b65d29499201d1961cb2-234"",""source"":""sim"",""config"":{""route"":""beam_http"",""tip_lamports"":""1000000"",""cu_price_micro_lamports"":""0"",""cu_limit"":25000,""fee_bucket"":""zero"",""tip_tier"":""x10"",""size_class"":""small""},""policy_id"":""stratified-v0-splitmix64:full"",""assignment_prob"":0.018340764342954927,""uniform_arm"":false,""regime_id"":""sim-r0"",""sent_slot"":""1000234"",""clock_id"":""sim-clock-v1"",""send_mono_ns"":""58500000000"",""send_wall_utc"":""2026-10-05T00:00:58.500Z"",""signature"":null,""blockhash"":""synthetic-blockhash-234"",""last_valid_block_height"":""1000250"",""leader_class_next"":[{""leader"":""synthetic-leader-1"",""skip_rate_tercile"":""unknown"",""stake_tercile"":""high""}],""outcome"":""LANDED_OK"",""landed_slot"":""1000235"",""landed_block_id"":""synthetic-block-1000235"",""landed_index"":0,""landed_index_scope"":""unknown"",""observer_first_seen"":{""grpc"":{""clock_id"":""sim-clock-v1"",""mono_ns"":""58750000000"",""wall_utc"":""2026-10-05T00:00:58.750Z""}},""resolved_at_utc"":""2026-10-05T00:00:58.750Z""}"
sim,sim-7dfe63d05c29c767e448370cc4a55b1e4ca0a4a04226b65d29499201d1961cb2-235,2026-10-05T00:00:58.750Z,beam_http,large,1000000,1000,stratified-v0-splitmix64:full,0.011073602430265424,True,sim-r0,EXPIRED,True,"{""id"":""sim-7dfe63d05c29c767e448370cc4a55b1e4ca0a4a04226b65d29499201d1961cb2-235"",""source"":""sim"",""config"":{""route"":""beam_http"",""tip_lamports"":""1000000"",""cu_price_micro_lamports"":""1000"",""cu_limit"":300000,""fee_bucket"":""local_median"",""tip_tier"":""x10"",""size_class"":""large""},""policy_id"":""stratified-v0-splitmix64:full"",""assignment_prob"":0.011073602430265424,""uniform_arm"":true,""regime_id"":""sim-r0"",""sent_slot"":""1000235"",""clock_id"":""sim-clock-v1"",""send_mono_ns"":""58750000000"",""send_wall_utc"":""2026-10-05T00:00:58.750Z"",""signature"":null,""blockhash"":""synthetic-blockhash-235"",""last_valid_block_height"":""1000251"",""leader_class_next"":[{""leader"":""synthetic-leader--1"",""skip_rate_tercile"":""unknown"",""stake_tercile"":""low""}],""outcome"":""EXPIRED"",""landed_slot"":null,""landed_block_id"":null,""landed_index"":null,""landed_index_scope"":null,""observer_first_seen"":{},""resolved_at_utc"":""2026-10-05T00:01:03.000Z""}"
sim,sim-7dfe63d05c29c767e448370cc4a55b1e4ca0a4a04226b65d29499201d1961cb2-236,2026-10-05T00:00:59.000Z,beam_http,small,200000,1000,stratified-v0-splitmix64:full,0.008627337144218174,True,sim-r0,LANDED_OK,True,"{""id"":""sim-7dfe63d05c29c767e448370cc4a55b1e4ca0a4a04226b65d29499201d1961cb2-236"",""source"":""sim"",""config"":{""route"":""beam_http"",""tip_lamports"":""200000"",""cu_price_micro_lamports"":""1000"",""cu_limit"":25000,""fee_bucket"":""local_median"",""tip_tier"":""x2"",""size_class"":""small""},""policy_id"":""stratified-v0-splitmix64:full"",""assignment_prob"":0.008627337144218174,""uniform_arm"":true,""regime_id"":""sim-r0"",""sent_slot"":""1000236"",""clock_id"":""sim-clock-v1"",""send_mono_ns"":""59000000000"",""send_wall_utc"":""2026-10-05T00:00:59.000Z"",""signature"":null,""blockhash"":""synthetic-blockhash-236"",""last_valid_block_height"":""1000252"",""leader_class_next"":[{""leader"":""synthetic-leader-0"",""skip_rate_tercile"":""unknown"",""stake_tercile"":""middle""}],""outcome"":""LANDED_OK"",""landed_slot"":""1000237"",""landed_block_id"":""synthetic-block-1000237"",""landed_index"":0,""landed_index_scope"":""unknown"",""observer_first_seen"":{""grpc"":{""clock_id"":""sim-clock-v1"",""mono_ns"":""59250000000"",""wall_utc"":""2026-10-05T00:00:59.250Z""}},""resolved_at_utc"":""2026-10-05T00:00:59.250Z""}"
sim,sim-7dfe63d05c29c767e448370cc4a55b1e4ca0a4a04226b65d29499201d1961cb2-237,2026-10-05T00:00:59.250Z,rpc,small,0,5000,stratified-v0-splitmix64:full,0.013560875298956172,False,sim-r0,LANDED_OK,True,"{""id"":""sim-7dfe63d05c29c767e448370cc4a55b1e4ca0a4a04226b65d29499201d1961cb2-237"",""source"":""sim"",""config"":{""route"":""rpc"",""tip_lamports"":""0"",""cu_price_micro_lamports"":""5000"",""cu_limit"":25000,""fee_bucket"":""local_p90"",""tip_tier"":""none"",""size_class"":""small""},""policy_id"":""stratified-v0-splitmix64:full"",""assignment_prob"":0.013560875298956172,""uniform_arm"":false,""regime_id"":""sim-r0"",""sent_slot"":""1000237"",""clock_id"":""sim-clock-v1"",""send_mono_ns"":""59250000000"",""send_wall_utc"":""2026-10-05T00:00:59.250Z"",""signature"":null,""blockhash"":""synthetic-blockhash-237"",""last_valid_block_height"":""1000253"",""leader_class_next"":[{""leader"":""synthetic-leader-0"",""skip_rate_tercile"":""unknown"",""stake_tercile"":""middle""}],""outcome"":""LANDED_OK"",""landed_slot"":""1000238"",""landed_block_id"":""synthetic-block-1000238"",""landed_index"":0,""landed_index_scope"":""unknown"",""observer_first_seen"":{""grpc"":{""clock_id"":""sim-clock-v1"",""mono_ns"":""59500000000"",""wall_utc"":""2026-10-05T00:00:59.500Z""}},""resolved_at_utc"":""2026-10-05T00:00:59.500Z""}"
sim,sim-7dfe63d05c29c767e448370cc4a55b1e4ca0a4a04226b65d29499201d1961cb2-238,2026-10-05T00:00:59.500Z,beam_http,large,500000,5000,stratified-v0-splitmix64:full,0.01112270037272561,False,sim-r0,LANDED_OK,True,"{""id"":""sim-7dfe63d05c29c767e448370cc4a55b1e4ca0a4a04226b65d29499201d1961cb2-238"",""source"":""sim"",""config"":{""route"":""beam_http"",""tip_lamports"":""500000"",""cu_price_micro_lamports"":""5000"",""cu_limit"":300000,""fee_bucket"":""local_p90"",""tip_tier"":""x5"",""size_class"":""large""},""policy_id"":""stratified-v0-splitmix64:full"",""assignment_prob"":0.01112270037272561,""uniform_arm"":false,""regime_id"":""sim-r0"",""sent_slot"":""1000238"",""clock_id"":""sim-clock-v1"",""send_mono_ns"":""59500000000"",""send_wall_utc"":""2026-10-05T00:00:59.500Z"",""signature"":null,""blockhash"":""synthetic-blockhash-238"",""last_valid_block_height"":""1000254"",""leader_class_next"":[{""leader"":""synthetic-leader-0"",""skip_rate_tercile"":""unknown"",""stake_tercile"":""middle""}],""outcome"":""LANDED_OK"",""landed_slot"":""1000239"",""landed_block_id"":""synthetic-block-1000239"",""landed_index"":0,""landed_index_scope"":""unknown"",""observer_first_seen"":{""grpc"":{""clock_id"":""sim-clock-v1"",""mono_ns"":""59750000000"",""wall_utc"":""2026-10-05T00:00:59.750Z""}},""resolved_at_utc"":""2026-10-05T00:00:59.750Z""}"
sim,sim-7dfe63d05c29c767e448370cc4a55b1e4ca0a4a04226b65d29499201d1961cb2-239,2026-10-05T00:00:59.750Z,beam_quic,large,1000000,5000,stratified-v0-splitmix64:full,0.013616711998261668,False,sim-r0,LANDED_OK,True,"{""id"":""sim-7dfe63d05c29c767e448370cc4a55b1e4ca0a4a04226b65d29499201d1961cb2-239"",""source"":""sim"",""config"":{""route"":""beam_quic"",""tip_lamports"":""1000000"",""cu_price_micro_lamports"":""5000"",""cu_limit"":300000,""fee_bucket"":""local_p90"",""tip_tier"":""x10"",""size_class"":""large""},""policy_id"":""stratified-v0-splitmix64:full"",""assignment_prob"":0.013616711998261668,""uniform_arm"":false,""regime_id"":""sim-r0"",""sent_slot"":""1000239"",""clock_id"":""sim-clock-v1"",""send_mono_ns"":""59750000000"",""send_wall_utc"":""2026-10-05T00:00:59.750Z"",""signature"":null,""blockhash"":""synthetic-blockhash-239"",""last_valid_block_height"":""1000255"",""leader_class_next"":[{""leader"":""synthetic-leader-0"",""skip_rate_tercile"":""unknown"",""stake_tercile"":""middle""}],""outcome"":""LANDED_OK"",""landed_slot"":""1000240"",""landed_block_id"":""synthetic-block-1000240"",""landed_index"":0,""landed_index_scope"":""unknown"",""observer_first_seen"":{""grpc"":{""clock_id"":""sim-clock-v1"",""mono_ns"":""60000000000"",""wall_utc"":""2026-10-05T00:01:00.000Z""}},""resolved_at_utc"":""2026-10-05T00:01:00.000Z""}"
sim,sim-7dfe63d05c29c767e448370cc4a55b1e4ca0a4a04226b65d29499201d1961cb2-240,2026-10-05T00:01:00.000Z,beam_quic,small,500000,0,stratified-v0-splitmix64:full,0.013651932309936577,False,sim-r0,LANDED_OK,True,"{""id"":""sim-7dfe63d05c29c767e448370cc4a55b1e4ca0a4a04226b65d29499201d1961cb2-240"",""source"":""sim"",""config"":{""route"":""beam_quic"",""tip_lamports"":""500000"",""cu_price_micro_lamports"":""0"",""cu_limit"":25000,""fee_bucket"":""zero"",""tip_tier"":""x5"",""size_class"":""small""},""policy_id"":""stratified-v0-splitmix64:full"",""assignment_prob"":0.013651932309936577,""uniform_arm"":false,""regime_id"":""sim-r0"",""sent_slot"":""1000240"",""clock_id"":""sim-clock-v1"",""send_mono_ns"":""60000000000"",""send_wall_utc"":""2026-10-05T00:01:00.000Z"",""signature"":null,""blockhash"":""synthetic-blockhash-240"",""last_valid_block_height"":""1000256"",""leader_class_next"":[{""leader"":""synthetic-leader-0"",""skip_rate_tercile"":""unknown"",""stake_tercile"":""middle""}],""outcome"":""LANDED_OK"",""landed_slot"":""1000241"",""landed_block_id"":""synthetic-block-1000241"",""landed_index"":0,""landed_index_scope"":""unknown"",""observer_first_seen"":{""grpc"":{""clock_id"":""sim-clock-v1"",""mono_ns"":""60250000000"",""wall_utc"":""2026-10-05T00:01:00.250Z""}},""resolved_at_utc"":""2026-10-05T00:01:00.250Z""}"
sim,sim-7dfe63d05c29c767e448370cc4a55b1e4ca0a4a04226b65d29499201d1961cb2-241,2026-10-05T00:01:00.250Z,beam_quic,small,500000,5000,stratified-v0-splitmix64:full,0.0086955537444535,False,sim-r0,LANDED_OK,True,"{""id"":""sim-7dfe63d05c29c767e448370cc4a55b1e4ca0a4a04226b65d29499201d1961cb2-241"",""source"":""sim"",""config"":{""route"":""beam_quic"",""tip_lamports"":""500000"",""cu_price_micro_lamports"":""5000"",""cu_limit"":25000,""fee_bucket"":""local_p90"",""tip_tier"":""x5"",""size_class"":""small""},""policy_id"":""stratified-v0-splitmix64:full"",""assignment_prob"":0.0086955537444535,""uniform_arm"":false,""regime_id"":""sim-r0"",""sent_slot"":""1000241"",""clock_id"":""sim-clock-v1"",""send_mono_ns"":""60250000000"",""send_wall_utc"":""2026-10-05T00:01:00.250Z"",""signature"":null,""blockhash"":""synthetic-blockhash-241"",""last_valid_block_height"":""1000257"",""leader_class_next"":[{""leader"":""synthetic-leader-0"",""skip_rate_tercile"":""unknown"",""stake_tercile"":""middle""}],""outcome"":""LANDED_OK"",""landed_slot"":""1000242"",""landed_block_id"":""synthetic-block-1000242"",""landed_index"":0,""landed_index_scope"":""unknown"",""observer_first_seen"":{""grpc"":{""clock_id"":""sim-clock-v1"",""mono_ns"":""60500000000"",""wall_utc"":""2026-10-05T00:01:00.500Z""}},""resolved_at_utc"":""2026-10-05T00:01:00.500Z""}"
sim,sim-7dfe63d05c29c767e448370cc4a55b1e4ca0a4a04226b65d29499201d1961cb2-242,2026-10-05T00:01:00.500Z,beam_quic,medium,1000000,0,stratified-v0-splitmix64:full,0.009700032482002706,False,sim-r0,LANDED_OK,True,"{""id"":""sim-7dfe63d05c29c767e448370cc4a55b1e4ca0a4a04226b65d29499201d1961cb2-242"",""source"":""sim"",""config"":{""route"":""beam_quic"",""tip_lamports"":""1000000"",""cu_price_micro_lamports"":""0"",""cu_limit"":100000,""fee_bucket"":""zero"",""tip_tier"":""x10"",""size_class"":""medium""},""policy_id"":""stratified-v0-splitmix64:full"",""assignment_prob"":0.009700032482002706,""uniform_arm"":false,""regime_id"":""sim-r0"",""sent_slot"":""1000242"",""clock_id"":""sim-clock-v1"",""send_mono_ns"":""60500000000"",""send_wall_utc"":""2026-10-05T00:01:00.500Z"",""signature"":null,""blockhash"":""synthetic-blockhash-242"",""last_valid_block_height"":""1000258"",""leader_class_next"":[{""leader"":""synthetic-leader-1"",""skip_rate_tercile"":""unknown"",""stake_tercile"":""high""}],""outcome"":""LANDED_OK"",""landed_slot"":""1000243"",""landed_block_id"":""synthetic-block-1000243"",""landed_index"":0,""landed_index_scope"":""unknown"",""observer_first_seen"":{""grpc"":{""clock_id"":""sim-clock-v1"",""mono_ns"":""60750000000"",""wall_utc"":""2026-10-05T00:01:00.750Z""}},""resolved_at_utc"":""2026-10-05T00:01:00.750Z""}"
