source,snapshot_id,as_of_utc,region,regime_id,route,size_class,horizon_slots,n_effective,evidence,payload_json
sim,sha256:00450ff02d63c5941872bf8372b49e5b382242b56d2e1dadcc9425889c77e25c,2026-10-05T00:00:20.250Z,synthetic-local,sim-r0,beam_http,medium,2,0.9966841792757704,INSUFFICIENT,"{""contract_version"":1,""estimator"":""m0-decayed-beta-v1"",""methodology_hash"":""sha256:0da0241b9ce652df77f7b9ee40a713f7bfa93e3c62207c28e290da3d1c9a3f86"",""context"":{""source"":""sim"",""regime_id"":""sim-r0"",""region"":""synthetic-local"",""as_of_utc"":""2026-10-05T00:00:20.250Z""},""config"":{""route"":""beam_http"",""tip_lamports"":""500000"",""cu_price_micro_lamports"":""5000"",""cu_limit"":100000,""fee_bucket"":""local_p90"",""tip_tier"":""x5"",""size_class"":""medium""},""horizon_slots"":2,""half_life_s"":3600.0,""alpha"":1.9966841792757706,""beta"":1.0,""p_hat"":0.6662978344812843,""p_interval_95"":[0.15763032209857053,0.9874001253842428],""n_effective"":0.9966841792757704,""assignments"":1,""resolved"":1,""unresolved"":0,""unresolved_share"":0.0,""data_age_s"":17.25,""observation_window"":[""2026-10-05T00:00:03+00:00"",""2026-10-05T00:00:03+00:00""],""evidence"":""INSUFFICIENT"",""samples_needed"":30,""insufficient_reasons"":[""discounted_sample_mass_below_30""]}"
sim,sha256:034261f59c665e511c626e853a23e32b43729330ce4231d7d3ee6c3ca1269f54,2026-10-05T00:00:20.250Z,synthetic-local,sim-r0,beam_http,small,2,3.9947575228374976,INSUFFICIENT,"{""contract_version"":1,""estimator"":""m0-decayed-beta-v1"",""methodology_hash"":""sha256:0da0241b9ce652df77f7b9ee40a713f7bfa93e3c62207c28e290da3d1c9a3f86"",""context"":{""source"":""sim"",""regime_id"":""sim-r0"",""region"":""synthetic-local"",""as_of_utc"":""2026-10-05T00:00:20.250Z""},""config"":{""route"":""beam_http"",""tip_lamports"":""200000"",""cu_price_micro_lamports"":""1000"",""cu_limit"":25000,""fee_bucket"":""local_median"",""tip_tier"":""x2"",""size_class"":""small""},""horizon_slots"":2,""half_life_s"":3600.0,""alpha"":4.994757522837498,""beta"":1.0,""p_hat"":0.8331875816177015,""p_interval_95"":[0.47780610952245206,0.9949439487842051],""n_effective"":3.9947575228374976,""assignments"":4,""resolved"":4,""unresolved"":0,""unresolved_share"":0.0,""data_age_s"":2.0,""observation_window"":[""2026-10-05T00:00:09.750+00:00"",""2026-10-05T00:00:18.250+00:00""],""evidence"":""INSUFFICIENT"",""samples_needed"":27,""insufficient_reasons"":[""discounted_sample_mass_below_30""]}"
sim,sha256:03c2c61ab7ab341897c17b6a2ae2a897b180fbd6a21a27117cae2e2d1f437fbb,2026-10-05T00:00:20.250Z,synthetic-local,sim-r0,beam_http,medium,2,0.996300448259547,INSUFFICIENT,"{""contract_version"":1,""estimator"":""m0-decayed-beta-v1"",""methodology_hash"":""sha256:0da0241b9ce652df77f7b9ee40a713f7bfa93e3c62207c28e290da3d1c9a3f86"",""context"":{""source"":""sim"",""regime_id"":""sim-r0"",""region"":""synthetic-local"",""as_of_utc"":""2026-10-05T00:00:20.250Z""},""config"":{""route"":""beam_http"",""tip_lamports"":""1000000"",""cu_price_micro_lamports"":""0"",""cu_limit"":100000,""fee_bucket"":""zero"",""tip_tier"":""x10"",""size_class"":""medium""},""horizon_slots"":2,""half_life_s"":3600.0,""alpha"":1.996300448259547,""beta"":1.0,""p_hat"":0.6662550978220935,""p_interval_95"":[0.1575743529453711,0.9873977187484404],""n_effective"":0.996300448259547,""assignments"":1,""resolved"":1,""unresolved"":0,""unresolved_share"":0.0,""data_age_s"":19.25,""observation_window"":[""2026-10-05T00:00:01+00:00"",""2026-10-05T00:00:01+00:00""],""evidence"":""INSUFFICIENT"",""samples_needed"":30,""insufficient_reasons"":[""discounted_sample_mass_below_30""]}"
sim,sha256:03ddb620aeea27eabf864ab43150ebd6867a65eafc43f448de50ccf4529ebbd2,2026-10-05T00:00:20.250Z,synthetic-local,sim-r0,beam_quic,large,2,1.994376268004391,INSUFFICIENT,"{""contract_version"":1,""estimator"":""m0-decayed-beta-v1"",""methodology_hash"":""sha256:0da0241b9ce652df77f7b9ee40a713f7bfa93e3c62207c28e290da3d1c9a3f86"",""context"":{""source"":""sim"",""regime_id"":""sim-r0"",""region"":""synthetic-local"",""as_of_utc"":""2026-10-05T00:00:20.250Z""},""config"":{""route"":""beam_quic"",""tip_lamports"":""500000"",""cu_price_micro_lamports"":""1000"",""cu_limit"":300000,""fee_bucket"":""local_median"",""tip_tier"":""x5"",""size_class"":""large""},""horizon_slots"":2,""half_life_s"":3600.0,""alpha"":2.994376268004391,""beta"":1.0,""p_hat"":0.7496480218926385,""p_interval_95"":[0.2917272922610591,0.9915805248880112],""n_effective"":1.994376268004391,""assignments"":2,""resolved"":2,""unresolved"":0,""unresolved_share"":0.0,""data_age_s"":12.5,""observation_window"":[""2026-10-05T00:00:03.500+00:00"",""2026-10-05T00:00:07.750+00:00""],""evidence"":""INSUFFICIENT"",""samples_needed"":29,""insufficient_reasons"":[""discounted_sample_mass_below_30""]}"
sim,sha256:04d94e3e7dbfe28de98117788f484c3787d83c53c4969ebe12d06cf7d13244dc,2026-10-05T00:00:20.250Z,synthetic-local,sim-r0,beam_quic,small,2,0.9969240862100923,INSUFFICIENT,"{""contract_version"":1,""estimator"":""m0-decayed-beta-v1"",""methodology_hash"":""sha256:0da0241b9ce652df77f7b9ee40a713f7bfa93e3c62207c28e290da3d1c9a3f86"",""context"":{""source"":""sim"",""regime_id"":""sim-r0"",""region"":""synthetic-local"",""as_of_utc"":""2026-10-05T00:00:20.250Z""},""config"":{""route"":""beam_quic"",""tip_lamports"":""500000"",""cu_price_micro_lamports"":""0"",""cu_limit"":25000,""fee_bucket"":""zero"",""tip_tier"":""x5"",""size_class"":""small""},""horizon_slots"":2,""half_life_s"":3600.0,""alpha"":1.996924086210092,""beta"":1.0,""p_hat"":0.6663245476916303,""p_interval_95"":[0.15766531293252772,0.9874016295353909],""n_effective"":0.9969240862100923,""assignments"":1,""resolved"":1,""unresolved"":0,""unresolved_share"":0.0,""data_age_s"":16.0,""observation_window"":[""2026-10-05T00:00:04.250+00:00"",""2026-10-05T00:00:04.250+00:00""],""evidence"":""INSUFFICIENT"",""samples_needed"":30,""insufficient_reasons"":[""discounted_sample_mass_below_30""]}"
sim,sha256:0ac602fd0099a27d7d89e80d733750efe8dbf22b5b01ee03f4adebb93d1bf1db,2026-10-05T00:00:20.250Z,synthetic-local,sim-r0,rpc,large,1,1.997258479535922,INSUFFICIENT,"{""contract_version"":1,""estimator"":""m0-decayed-beta-v1"",""methodology_hash"":""sha256:0da0241b9ce652df77f7b9ee40a713f7bfa93e3c62207c28e290da3d1c9a3f86"",""context"":{""source"":""sim"",""regime_id"":""sim-r0"",""region"":""synthetic-local"",""as_of_utc"":""2026-10-05T00:00:20.250Z""},""config"":{""route"":""rpc"",""tip_lamports"":""0"",""cu_price_micro_lamports"":""5000"",""cu_limit"":300000,""fee_bucket"":""local_p90"",""tip_tier"":""none"",""size_class"":""large""},""horizon_slots"":1,""half_life_s"":3600.0,""alpha"":1.0,""beta"":2.997258479535922,""p_hat"":0.25017146254602457,""p_interval_95"":[0.008411412957099657,0.7079269084666522],""n_effective"":1.997258479535922,""assignments"":2,""resolved"":2,""unresolved"":0,""unresolved_share"":0.0,""data_age_s"":4.25,""observation_window"":[""2026-10-05T00:00:10.250+00:00"",""2026-10-05T00:00:16+00:00""],""evidence"":""INSUFFICIENT"",""samples_needed"":29,""insufficient_reasons"":[""discounted_sample_mass_below_30""]}"
sim,sha256:0cc9f363956e2961e6853c21ff95d0c44771aa8b9ade5fc6a722412e6e0d28d5,2026-10-05T00:00:20.250Z,synthetic-local,sim-r0,beam_http,small,1,0.9973080574241644,INSUFFICIENT,"{""contract_version"":1,""estimator"":""m0-decayed-beta-v1"",""methodology_hash"":""sha256:0da0241b9ce652df77f7b9ee40a713f7bfa93e3c62207c28e290da3d1c9a3f86"",""context"":{""source"":""sim"",""regime_id"":""sim-r0"",""region"":""synthetic-local"",""as_of_utc"":""2026-10-05T00:00:20.250Z""},""config"":{""route"":""beam_http"",""tip_lamports"":""500000"",""cu_price_micro_lamports"":""5000"",""cu_limit"":25000,""fee_bucket"":""local_p90"",""tip_tier"":""x5"",""size_class"":""small""},""horizon_slots"":1,""half_life_s"":3600.0,""alpha"":1.9973080574241644,""beta"":1.0,""p_hat"":0.6663672933040513,""p_interval_95"":[0.1577213144500857,0.9874040361831355],""n_effective"":0.9973080574241644,""assignments"":1,""resolved"":1,""unresolved"":0,""unresolved_share"":0.0,""data_age_s"":14.0,""observation_window"":[""2026-10-05T00:00:06.250+00:00"",""2026-10-05T00:00:06.250+00:00""],""evidence"":""INSUFFICIENT"",""samples_needed"":30,""insufficient_reasons"":[""discounted_sample_mass_below_30""]}"
sim,sha256:0d59cc47e1e3b252e9d951bd42ca3ae0e8774007e1efe5b94a3e70c013c287b9,2026-10-05T00:00:20.250Z,synthetic-local,sim-r0,beam_http,large,1,0.9972120507582973,INSUFFICIENT,"{""contract_version"":1,""estimator"":""m0-decayed-beta-v1"",""methodology_hash"":""sha256:0da0241b9ce652df77f7b9ee40a713f7bfa93e3c62207c28e290da3d1c9a3f86"",""context"":{""source"":""sim"",""regime_id"":""sim-r0"",""region"":""synthetic-local"",""as_of_utc"":""2026-10-05T00:00:20.250Z""},""config"":{""route"":""beam_http"",""tip_lamports"":""500000"",""cu_price_micro_lamports"":""1000"",""cu_limit"":300000,""fee_bucket"":""local_median"",""tip_tier"":""x5"",""size_class"":""large""},""horizon_slots"":1,""half_life_s"":3600.0,""alpha"":1.0,""beta"":1.9972120507582973,""p_hat"":0.33364339361540973,""p_interval_95"":[0.012596565479474485,0.8422926877967256],""n_effective"":0.9972120507582973,""assignments"":1,""resolved"":1,""unresolved"":0,""unresolved_share"":0.0,""data_age_s"":14.5,""observation_window"":[""2026-10-05T00:00:05.750+00:00"",""2026-10-05T00:00:05.750+00:00""],""evidence"":""INSUFFICIENT"",""samples_needed"":30,""insufficient_reasons"":[""discounted_sample_mass_below_30""]}"
sim,sha256:0fe7b14f494bab3078fa06aa9f006a26b6370916693fa798544e3422adc1feff,2026-10-05T00:00:20.250Z,synthetic-local,sim-r0,beam_http,small,4,1.9952413543395036,INSUFFICIENT,"{""contract_version"":1,""estimator"":""m0-decayed-beta-v1"",""methodology_hash"":""sha256:0da0241b9ce652df77f7b9ee40a713f7bfa93e3c62207c28e290da3d1c9a3f86"",""context"":{""source"":""sim"",""regime_id"":""sim-r0"",""region"":""synthetic-local"",""as_of_utc"":""2026-10-05T00:00:20.250Z""},""config"":{""route"":""beam_http"",""tip_lamports"":""100000"",""cu_price_micro_lamports"":""5000"",""cu_limit"":25000,""fee_bucket"":""local_p90"",""tip_tier"":""x1"",""size_class"":""small""},""horizon_slots"":4,""half_life_s"":3600.0,""alpha"":2.9952413543395036,""beta"":1.0,""p_hat"":0.7497022304012168,""p_interval_95"":[0.29183110963665415,0.9915829463400812],""n_effective"":1.9952413543395036,""assignments"":2,""resolved"":2,""unresolved"":0,""unresolved_share"":0.0,""data_age_s"":7.0,""observation_window"":[""2026-10-05T00:00:02.500+00:00"",""2026-10-05T00:00:13.250+00:00""],""evidence"":""INSUFFICIENT"",""samples_needed"":29,""insufficient_reasons"":[""discounted_sample_mass_below_30""]}"
sim,sha256:112538c3359ffe1ecff934c431996f9c86d007d7ca8c7d09e8ef93a889611caa,2026-10-05T00:00:20.250Z,synthetic-local,sim-r0,beam_quic,large,4,0.9991339412698341,INSUFFICIENT,"{""contract_version"":1,""estimator"":""m0-decayed-beta-v1"",""methodology_hash"":""sha256:0da0241b9ce652df77f7b9ee40a713f7bfa93e3c62207c28e290da3d1c9a3f86"",""context"":{""source"":""sim"",""regime_id"":""sim-r0"",""region"":""synthetic-local"",""as_of_utc"":""2026-10-05T00:00:20.250Z""},""config"":{""route"":""beam_quic"",""tip_lamports"":""500000"",""cu_price_micro_lamports"":""5000"",""cu_limit"":300000,""fee_bucket"":""local_p90"",""tip_tier"":""x5"",""size_class"":""large""},""horizon_slots"":4,""half_life_s"":3600.0,""alpha"":1.9991339412698341,""beta"":1.0,""p_hat"":0.6665704101309328,""p_interval_95"":[0.15798759374650606,0.9874154678540403],""n_effective"":0.9991339412698341,""assignments"":1,""resolved"":1,""unresolved"":0,""unresolved_share"":0.0,""data_age_s"":4.5,""observation_window"":[""2026-10-05T00:00:15.750+00:00"",""2026-10-05T00:00:15.750+00:00""],""evidence"":""INSUFFICIENT"",""samples_needed"":30,""insufficient_reasons"":[""discounted_sample_mass_below_30""]}"
sim,sha256:11b7cb3df5c83a27060933fda4177a7394af68f554b5ac1bb3536a0e88a08c89,2026-10-05T00:00:20.250Z,synthetic-local,sim-r0,beam_http,large,4,0.9968761002039273,INSUFFICIENT,"{""contract_version"":1,""estimator"":""m0-decayed-beta-v1"",""methodology_hash"":""sha256:0da0241b9ce652df77f7b9ee40a713f7bfa93e3c62207c28e290da3d1c9a3f86"",""context"":{""source"":""sim"",""regime_id"":""sim-r0"",""region"":""synthetic-local"",""as_of_utc"":""2026-10-05T00:00:20.250Z""},""config"":{""route"":""beam_http"",""tip_lamports"":""100000"",""cu_price_micro_lamports"":""1000"",""cu_limit"":300000,""fee_bucket"":""local_median"",""tip_tier"":""x1"",""size_class"":""large""},""horizon_slots"":4,""half_life_s"":3600.0,""alpha"":1.9968761002039273,""beta"":1.0,""p_hat"":0.6663192048773877,""p_interval_95"":[0.1576583141433388,0.9874013287049321],""n_effective"":0.9968761002039273,""assignments"":1,""resolved"":1,""unresolved"":0,""unresolved_share"":0.0,""data_age_s"":16.25,""observation_window"":[""2026-10-05T00:00:04+00:00"",""2026-10-05T00:00:04+00:00""],""evidence"":""INSUFFICIENT"",""samples_needed"":30,""insufficient_reasons"":[""discounted_sample_mass_below_30""]}"
sim,sha256:1513c01a9509dc6214b804f23a2a8400d3cfc2cae1731ce1a7252cc4c63052ee,2026-10-05T00:00:20.250Z,synthetic-local,sim-r0,beam_quic,large,1,1.9954819663846504,INSUFFICIENT,"{""contract_version"":1,""estimator"":""m0-decayed-beta-v1"",""methodology_hash"":""sha256:0da0241b9ce652df77f7b9ee40a713f7bfa93e3c62207c28e290da3d1c9a3f86"",""context"":{""source"":""sim"",""regime_id"":""sim-r0"",""region"":""synthetic-local"",""as_of_utc"":""2026-10-05T00:00:20.250Z""},""config"":{""route"":""beam_quic"",""tip_lamports"":""200000"",""cu_price_micro_lamports"":""0"",""cu_limit"":300000,""fee_bucket"":""zero"",""tip_tier"":""x2"",""size_class"":""large""},""horizon_slots"":1,""half_life_s"":3600.0,""alpha"":1.0,""beta"":2.9954819663846504,""p_hat"":0.250282696408929,""p_interval_95"":[0.008416380413379016,0.7081400190617353],""n_effective"":1.9954819663846504,""assignments"":2,""resolved"":2,""unresolved"":0,""unresolved_share"":0.0,""data_age_s"":5.25,""observation_window"":[""2026-10-05T00:00:02+00:00"",""2026-10-05T00:00:15+00:00""],""evidence"":""INSUFFICIENT"",""samples_needed"":29,""insufficient_reasons"":[""discounted_sample_mass_below_30""]}"
sim,sha256:161bdde8708298bf28576f24135679edc4f6106af05a89c10e3626994c607408,2026-10-05T00:00:20.250Z,synthetic-local,sim-r0,beam_quic,large,2,1.9981236355060599,INSUFFICIENT,"{""contract_version"":1,""estimator"":""m0-decayed-beta-v1"",""methodology_hash"":""sha256:0da0241b9ce652df77f7b9ee40a713f7bfa93e3c62207c28e290da3d1c9a3f86"",""context"":{""source"":""sim"",""regime_id"":""sim-r0"",""region"":""synthetic-local"",""as_of_utc"":""2026-10-05T00:00:20.250Z""},""config"":{""route"":""beam_quic"",""tip_lamports"":""100000"",""cu_price_micro_lamports"":""0"",""cu_limit"":300000,""fee_bucket"":""zero"",""tip_tier"":""x1"",""size_class"":""large""},""horizon_slots"":2,""half_life_s"":3600.0,""alpha"":1.9992301329658564,""beta"":1.9988935025402035,""p_hat"":0.5000420985512634,""p_interval_95"":[0.09426422697351891,0.9057818911188276],""n_effective"":1.9981236355060599,""assignments"":3,""resolved"":2,""unresolved"":1,""unresolved_share"":0.3333333333333333,""data_age_s"":4.0,""observation_window"":[""2026-10-05T00:00:14.500+00:00"",""2026-10-05T00:00:16.250+00:00""],""evidence"":""INSUFFICIENT"",""samples_needed"":29,""insufficient_reasons"":[""discounted_sample_mass_below_30"",""unresolved_share_above_25_percent""]}"
sim,sha256:16293b9088b4d0a4bfa81a394a30a517ab6df8a62f1a0e3b99779d0292854ee8,2026-10-05T00:00:20.250Z,synthetic-local,sim-r0,beam_http,small,1,0.9974040733330809,INSUFFICIENT,"{""contract_version"":1,""estimator"":""m0-decayed-beta-v1"",""methodology_hash"":""sha256:0da0241b9ce652df77f7b9ee40a713f7bfa93e3c62207c28e290da3d1c9a3f86"",""context"":{""source"":""sim"",""regime_id"":""sim-r0"",""region"":""synthetic-local"",""as_of_utc"":""2026-10-05T00:00:20.250Z""},""config"":{""route"":""beam_http"",""tip_lamports"":""500000"",""cu_price_micro_lamports"":""0"",""cu_limit"":25000,""fee_bucket"":""zero"",""tip_tier"":""x5"",""size_class"":""small""},""horizon_slots"":1,""half_life_s"":3600.0,""alpha"":1.997404073333081,""beta"":1.0,""p_hat"":0.6663779805676947,""p_interval_95"":[0.15773531794192164,0.9874046378461905],""n_effective"":0.9974040733330809,""assignments"":1,""resolved"":1,""unresolved"":0,""unresolved_share"":0.0,""data_age_s"":13.5,""observation_window"":[""2026-10-05T00:00:06.750+00:00"",""2026-10-05T00:00:06.750+00:00""],""evidence"":""INSUFFICIENT"",""samples_needed"":30,""insufficient_reasons"":[""discounted_sample_mass_below_30""]}"
sim,sha256:1918fbcef0b2a6848c861e5a9fe6706840036388b6c41df1ec3acc498584edfa,2026-10-05T00:00:20.250Z,synthetic-local,sim-r0,beam_quic,small,1,1.995769417776311,INSUFFICIENT,"{""contract_version"":1,""estimator"":""m0-decayed-beta-v1"",""methodology_hash"":""sha256:0da0241b9ce652df77f7b9ee40a713f7bfa93e3c62207c28e290da3d1c9a3f86"",""context"":{""source"":""sim"",""regime_id"":""sim-r0"",""region"":""synthetic-local"",""as_of_utc"":""2026-10-05T00:00:20.250Z""},""config"":{""route"":""beam_quic"",""tip_lamports"":""1000000"",""cu_price_micro_lamports"":""0"",""cu_limit"":25000,""fee_bucket"":""zero"",""tip_tier"":""x10"",""size_class"":""small""},""horizon_slots"":1,""half_life_s"":3600.0,""alpha"":2.995769417776311,""beta"":1.0,""p_hat"":0.7497353086614015,""p_interval_95"":[0.29189447020774584,0.9915844237512095],""n_effective"":1.995769417776311,""assignments"":2,""resolved"":2,""unresolved"":0,""unresolved_share"":0.0,""data_age_s"":6.25,""observation_window"":[""2026-10-05T00:00:04.500+00:00"",""2026-10-05T00:00:14+00:00""],""evidence"":""INSUFFICIENT"",""samples_needed"":29,""insufficient_reasons"":[""discounted_sample_mass_below_30""]}"
sim,sha256:193f8bc4d8011e63353d7654e1c72e51eeff7e4b22fccd272acce9939cfa4984,2026-10-05T00:00:20.250Z,synthetic-local,sim-r0,beam_quic,small,1,0.9995187636226661,INSUFFICIENT,"{""contract_version"":1,""estimator"":""m0-decayed-beta-v1"",""methodology_hash"":""sha256:0da0241b9ce652df77f7b9ee40a713f7bfa93e3c62207c28e290da3d1c9a3f86"",""context"":{""source"":""sim"",""regime_id"":""sim-r0"",""region"":""synthetic-local"",""as_of_utc"":""2026-10-05T00:00:20.250Z""},""config"":{""route"":""beam_quic"",""tip_lamports"":""1000000"",""cu_price_micro_lamports"":""5000"",""cu_limit"":25000,""fee_bucket"":""local_p90"",""tip_tier"":""x10"",""size_class"":""small""},""horizon_slots"":1,""half_life_s"":3600.0,""alpha"":1.9995187636226661,""beta"":1.0,""p_hat"":0.6666131873793478,""p_interval_95"":[0.1580437098464202,0.9874178745402595],""n_effective"":0.9995187636226661,""assignments"":1,""resolved"":1,""unresolved"":0,""unresolved_share"":0.0,""data_age_s"":2.5,""observation_window"":[""2026-10-05T00:00:17.750+00:00"",""2026-10-05T00:00:17.750+00:00""],""evidence"":""INSUFFICIENT"",""samples_needed"":30,""insufficient_reasons"":[""discounted_sample_mass_below_30""]}"
sim,sha256:1bafe0c003478c374e9ceaf25383ae7cbb0b4b883f3064badad42e7eb991d363,2026-10-05T00:00:20.250Z,synthetic-local,sim-r0,beam_quic,medium,2,0.9985089209176605,INSUFFICIENT,"{""contract_version"":1,""estimator"":""m0-decayed-beta-v1"",""methodology_hash"":""sha256:0da0241b9ce652df77f7b9ee40a713f7bfa93e3c62207c28e290da3d1c9a3f86"",""context"":{""source"":""sim"",""regime_id"":""sim-r0"",""region"":""synthetic-local"",""as_of_utc"":""2026-10-05T00:00:20.250Z""},""config"":{""route"":""beam_quic"",""tip_lamports"":""200000"",""cu_price_micro_lamports"":""1000"",""cu_limit"":100000,""fee_bucket"":""local_median"",""tip_tier"":""x2"",""size_class"":""medium""},""horizon_slots"":2,""half_life_s"":3600.0,""alpha"":1.9985089209176605,""beta"":1.0,""p_hat"":0.6665009088270576,""p_interval_95"":[0.1578964475990317,0.9874115570023811],""n_effective"":0.9985089209176605,""assignments"":1,""resolved"":1,""unresolved"":0,""unresolved_share"":0.0,""data_age_s"":7.75,""observation_window"":[""2026-10-05T00:00:12.500+00:00"",""2026-10-05T00:00:12.500+00:00""],""evidence"":""INSUFFICIENT"",""samples_needed"":30,""insufficient_reasons"":[""discounted_sample_mass_below_30""]}"
sim,sha256:1f967d0efa6ed4bda3c4b3c1352ceda663dafde726e2e7223b2c8bba9aeb6ed6,2026-10-05T00:00:20.250Z,synthetic-local,sim-r0,beam_http,small,2,2.9956751264573143,INSUFFICIENT,"{""contract_version"":1,""estimator"":""m0-decayed-beta-v1"",""methodology_hash"":""sha256:0da0241b9ce652df77f7b9ee40a713f7bfa93e3c62207c28e290da3d1c9a3f86"",""context"":{""source"":""sim"",""regime_id"":""sim-r0"",""region"":""synthetic-local"",""as_of_utc"":""2026-10-05T00:00:20.250Z""},""config"":{""route"":""beam_http"",""tip_lamports"":""100000"",""cu_price_micro_lamports"":""0"",""cu_limit"":25000,""fee_bucket"":""zero"",""tip_tier"":""x1"",""size_class"":""small""},""horizon_slots"":2,""half_life_s"":3600.0,""alpha"":3.9956751264573143,""beta"":1.0,""p_hat"":0.7998268552924996,""p_interval_95"":[0.3972386426625758,0.993683729112065],""n_effective"":2.9956751264573143,""assignments"":3,""resolved"":3,""unresolved"":0,""unresolved_share"":0.0,""data_age_s"":1.0,""observation_window"":[""2026-10-05T00:00:00.500+00:00"",""2026-10-05T00:00:19.250+00:00""],""evidence"":""INSUFFICIENT"",""samples_needed"":28,""insufficient_reasons"":[""discounted_sample_mass_below_30""]}"
sim,sha256:20807b62442a57345b8ab34ca7a1d03126328cea7391a5af32b470f8b6785405,2026-10-05T00:00:20.250Z,synthetic-local,sim-r0,beam_http,large,2,0.9993744378742861,INSUFFICIENT,"{""contract_version"":1,""estimator"":""m0-decayed-beta-v1"",""methodology_hash"":""sha256:0da0241b9ce652df77f7b9ee40a713f7bfa93e3c62207c28e290da3d1c9a3f86"",""context"":{""source"":""sim"",""regime_id"":""sim-r0"",""region"":""synthetic-local"",""as_of_utc"":""2026-10-05T00:00:20.250Z""},""config"":{""route"":""beam_http"",""tip_lamports"":""100000"",""cu_price_micro_lamports"":""5000"",""cu_limit"":300000,""fee_bucket"":""local_p90"",""tip_tier"":""x1"",""size_class"":""large""},""horizon_slots"":2,""half_life_s"":3600.0,""alpha"":1.9993744378742861,""beta"":1.0,""p_hat"":0.6665971452671581,""p_interval_95"":[0.15802266397271242,0.9874169720322041],""n_effective"":0.9993744378742861,""assignments"":1,""resolved"":1,""unresolved"":0,""unresolved_share"":0.0,""data_age_s"":3.25,""observation_window"":[""2026-10-05T00:00:17+00:00"",""2026-10-05T00:00:17+00:00""],""evidence"":""INSUFFICIENT"",""samples_needed"":30,""insufficient_reasons"":[""discounted_sample_mass_below_30""]}"
sim,sha256:25bf43d4bfab07fbb36358ad102ece73276246e3192ac4b9081d8ef2f9a0e242,2026-10-05T00:00:20.250Z,synthetic-local,sim-r0,beam_quic,small,4,0.9975000984859363,INSUFFICIENT,"{""contract_version"":1,""estimator"":""m0-decayed-beta-v1"",""methodology_hash"":""sha256:0da0241b9ce652df77f7b9ee40a713f7bfa93e3c62207c28e290da3d1c9a3f86"",""context"":{""source"":""sim"",""regime_id"":""sim-r0"",""region"":""synthetic-local"",""as_of_utc"":""2026-10-05T00:00:20.250Z""},""config"":{""route"":""beam_quic"",""tip_lamports"":""100000"",""cu_price_micro_lamports"":""0"",""cu_limit"":25000,""fee_bucket"":""zero"",""tip_tier"":""x1"",""size_class"":""small""},""horizon_slots"":4,""half_life_s"":3600.0,""alpha"":1.9975000984859361,""beta"":1.0,""p_hat"":0.6663886681754876,""p_interval_95"":[0.15774932267882813,0.9874052395096873],""n_effective"":0.9975000984859363,""assignments"":1,""resolved"":1,""unresolved"":0,""unresolved_share"":0.0,""data_age_s"":13.0,""observation_window"":[""2026-10-05T00:00:07.250+00:00"",""2026-10-05T00:00:07.250+00:00""],""evidence"":""INSUFFICIENT"",""samples_needed"":30,""insufficient_reasons"":[""discounted_sample_mass_below_30""]}"
sim,sha256:2692dfda6fb0d89e5de8d5dda1183bc7ad1b595cb025e6f2f78fdfdd54f1f994,2026-10-05T00:00:20.250Z,synthetic-local,sim-r0,beam_http,small,1,1.9959614750726193,INSUFFICIENT,"{""contract_version"":1,""estimator"":""m0-decayed-beta-v1"",""methodology_hash"":""sha256:0da0241b9ce652df77f7b9ee40a713f7bfa93e3c62207c28e290da3d1c9a3f86"",""context"":{""source"":""sim"",""regime_id"":""sim-r0"",""region"":""synthetic-local"",""as_of_utc"":""2026-10-05T00:00:20.250Z""},""config"":{""route"":""beam_http"",""tip_lamports"":""100000"",""cu_price_micro_lamports"":""1000"",""cu_limit"":25000,""fee_bucket"":""local_median"",""tip_tier"":""x1"",""size_class"":""small""},""horizon_slots"":1,""half_life_s"":3600.0,""alpha"":2.9959614750726193,""beta"":1.0,""p_hat"":0.7497473370956794,""p_interval_95"":[0.2919175123936113,0.991584960958773],""n_effective"":1.9959614750726193,""assignments"":2,""resolved"":2,""unresolved"":0,""unresolved_share"":0.0,""data_age_s"":6.0,""observation_window"":[""2026-10-05T00:00:05.250+00:00"",""2026-10-05T00:00:14.250+00:00""],""evidence"":""INSUFFICIENT"",""samples_needed"":29,""insufficient_reasons"":[""discounted_sample_mass_below_30""]}"
sim,sha256:26dfeeb34e0afe2820ba43210843e4546c3c8db719cb988ff1c5671e09d5153e,2026-10-05T00:00:20.250Z,synthetic-local,sim-r0,beam_quic,medium,1,0.9985089209176605,INSUFFICIENT,"{""contract_version"":1,""estimator"":""m0-decayed-beta-v1"",""methodology_hash"":""sha256:0da0241b9ce652df77f7b9ee40a713f7bfa93e3c62207c28e290da3d1c9a3f86"",""context"":{""source"":""sim"",""regime_id"":""sim-r0"",""region"":""synthetic-local"",""as_of_utc"":""2026-10-05T00:00:20.250Z""},""config"":{""route"":""beam_quic"",""tip_lamports"":""200000"",""cu_price_micro_lamports"":""1000"",""cu_limit"":100000,""fee_bucket"":""local_median"",""tip_tier"":""x2"",""size_class"":""medium""},""horizon_slots"":1,""half_life_s"":3600.0,""alpha"":1.9985089209176605,""beta"":1.0,""p_hat"":0.6665009088270576,""p_interval_95"":[0.1578964475990317,0.9874115570023811],""n_effective"":0.9985089209176605,""assignments"":1,""resolved"":1,""unresolved"":0,""unresolved_share"":0.0,""data_age_s"":7.75,""observation_window"":[""2026-10-05T00:00:12.500+00:00"",""2026-10-05T00:00:12.500+00:00""],""evidence"":""INSUFFICIENT"",""samples_needed"":30,""insufficient_reasons"":[""discounted_sample_mass_below_30""]}"
sim,sha256:27149f01c24fbc2ab288ece682ca6d24dc939e3581f228034de057b41f857f49,2026-10-05T00:00:20.250Z,synthetic-local,sim-r0,beam_quic,small,2,1.9957208052089426,INSUFFICIENT,"{""contract_version"":1,""estimator"":""m0-decayed-beta-v1"",""methodology_hash"":""sha256:0da0241b9ce652df77f7b9ee40a713f7bfa93e3c62207c28e290da3d1c9a3f86"",""context"":{""source"":""sim"",""regime_id"":""sim-r0"",""region"":""synthetic-local"",""as_of_utc"":""2026-10-05T00:00:20.250Z""},""config"":{""route"":""beam_quic"",""tip_lamports"":""100000"",""cu_price_micro_lamports"":""5000"",""cu_limit"":25000,""fee_bucket"":""local_p90"",""tip_tier"":""x1"",""size_class"":""small""},""horizon_slots"":2,""half_life_s"":3600.0,""alpha"":2.9957208052089426,""beta"":1.0,""p_hat"":0.7497322639018298,""p_interval_95"":[0.29188863770661666,0.9915842877650816],""n_effective"":1.9957208052089426,""assignments"":2,""resolved"":2,""unresolved"":0,""unresolved_share"":0.0,""data_age_s"":8.5,""observation_window"":[""2026-10-05T00:00:06.500+00:00"",""2026-10-05T00:00:11.750+00:00""],""evidence"":""INSUFFICIENT"",""samples_needed"":29,""insufficient_reasons"":[""discounted_sample_mass_below_30""]}"
sim,sha256:275e75b48b43cfb45ed5446bf6dfc37c171444ab293a27610a48f4b5b6f989c0,2026-10-05T00:00:20.250Z,synthetic-local,sim-r0,beam_quic,large,2,0.997644153549551,INSUFFICIENT,"{""contract_version"":1,""estimator"":""m0-decayed-beta-v1"",""methodology_hash"":""sha256:0da0241b9ce652df77f7b9ee40a713f7bfa93e3c62207c28e290da3d1c9a3f86"",""context"":{""source"":""sim"",""regime_id"":""sim-r0"",""region"":""synthetic-local"",""as_of_utc"":""2026-10-05T00:00:20.250Z""},""config"":{""route"":""beam_quic"",""tip_lamports"":""1000000"",""cu_price_micro_lamports"":""1000"",""cu_limit"":300000,""fee_bucket"":""local_median"",""tip_tier"":""x10"",""size_class"":""large""},""horizon_slots"":2,""half_life_s"":3600.0,""alpha"":1.9976441535495513,""beta"":1.0,""p_hat"":0.6664047002323854,""p_interval_95"":[0.15777033211879588,0.9874061420057547],""n_effective"":0.997644153549551,""assignments"":1,""resolved"":1,""unresolved"":0,""unresolved_share"":0.0,""data_age_s"":12.25,""observation_window"":[""2026-10-05T00:00:08+00:00"",""2026-10-05T00:00:08+00:00""],""evidence"":""INSUFFICIENT"",""samples_needed"":30,""insufficient_reasons"":[""discounted_sample_mass_below_30""]}"
sim,sha256:28d89e2dd490d3b39e3e8afc74fa680c8f2ada98c4d562d94849b1a34417a503,2026-10-05T00:00:20.250Z,synthetic-local,sim-r0,beam_quic,small,4,0.9983166856350252,INSUFFICIENT,"{""contract_version"":1,""estimator"":""m0-decayed-beta-v1"",""methodology_hash"":""sha256:0da0241b9ce652df77f7b9ee40a713f7bfa93e3c62207c28e290da3d1c9a3f86"",""context"":{""source"":""sim"",""regime_id"":""sim-r0"",""region"":""synthetic-local"",""as_of_utc"":""2026-10-05T00:00:20.250Z""},""config"":{""route"":""beam_quic"",""tip_lamports"":""500000"",""cu_price_micro_lamports"":""5000"",""cu_limit"":25000,""fee_bucket"":""local_p90"",""tip_tier"":""x5"",""size_class"":""small""},""horizon_slots"":4,""half_life_s"":3600.0,""alpha"":1.998316685635025,""beta"":1.0,""p_hat"":0.6664795267321115,""p_interval_95"":[0.1578684132187465,0.987410353666857],""n_effective"":0.9983166856350252,""assignments"":1,""resolved"":1,""unresolved"":0,""unresolved_share"":0.0,""data_age_s"":8.75,""observation_window"":[""2026-10-05T00:00:11.500+00:00"",""2026-10-05T00:00:11.500+00:00""],""evidence"":""INSUFFICIENT"",""samples_needed"":30,""insufficient_reasons"":[""discounted_sample_mass_below_30""]}"
sim,sha256:29c64ab022ad268c7b804e6bde056d2d2aa9dfd4ed92db0009411f87726f676d,2026-10-05T00:00:20.250Z,synthetic-local,sim-r0,rpc,medium,2,0.9966362048173014,INSUFFICIENT,"{""contract_version"":1,""estimator"":""m0-decayed-beta-v1"",""methodology_hash"":""sha256:0da0241b9ce652df77f7b9ee40a713f7bfa93e3c62207c28e290da3d1c9a3f86"",""context"":{""source"":""sim"",""regime_id"":""sim-r0"",""region"":""synthetic-local"",""as_of_utc"":""2026-10-05T00:00:20.250Z""},""config"":{""route"":""rpc"",""tip_lamports"":""0"",""cu_price_micro_lamports"":""0"",""cu_limit"":100000,""fee_bucket"":""zero"",""tip_tier"":""none"",""size_class"":""medium""},""horizon_slots"":2,""half_life_s"":3600.0,""alpha"":1.9966362048173012,""beta"":1.0,""p_hat"":0.6662924920974956,""p_interval_95"":[0.15762332486534636,0.9873998245543589],""n_effective"":0.9966362048173014,""assignments"":1,""resolved"":1,""unresolved"":0,""unresolved_share"":0.0,""data_age_s"":17.5,""observation_window"":[""2026-10-05T00:00:02.750+00:00"",""2026-10-05T00:00:02.750+00:00""],""evidence"":""INSUFFICIENT"",""samples_needed"":30,""insufficient_reasons"":[""discounted_sample_mass_below_30""]}"
sim,sha256:2b6717ad723c53e6ee2e3c2f6b88206167148731e39aeb1eaad234727579ba92,2026-10-05T00:00:20.250Z,synthetic-local,sim-r0,beam_quic,small,4,1.9957205508843447,INSUFFICIENT,"{""contract_version"":1,""estimator"":""m0-decayed-beta-v1"",""methodology_hash"":""sha256:0da0241b9ce652df77f7b9ee40a713f7bfa93e3c62207c28e290da3d1c9a3f86"",""context"":{""source"":""sim"",""regime_id"":""sim-r0"",""region"":""synthetic-local"",""as_of_utc"":""2026-10-05T00:00:20.250Z""},""config"":{""route"":""beam_quic"",""tip_lamports"":""1000000"",""cu_price_micro_lamports"":""1000"",""cu_limit"":25000,""fee_bucket"":""local_median"",""tip_tier"":""x10"",""size_class"":""small""},""horizon_slots"":4,""half_life_s"":3600.0,""alpha"":2.9957205508843447,""beta"":1.0,""p_hat"":0.7497322479724772,""p_interval_95"":[0.29188860719274157,0.9915842870536364],""n_effective"":1.9957205508843447,""assignments"":2,""resolved"":2,""unresolved"":0,""unresolved_share"":0.0,""data_age_s"":11.0,""observation_window"":[""2026-10-05T00:00:09+00:00"",""2026-10-05T00:00:09.250+00:00""],""evidence"":""INSUFFICIENT"",""samples_needed"":29,""insufficient_reasons"":[""discounted_sample_mass_below_30""]}"
sim,sha256:2efa8a96b11ecf97dd4565e38178aac0214fc54455c662a69fd7b0796ae06126,2026-10-05T00:00:20.250Z,synthetic-local,sim-r0,beam_http,small,4,0.9974040733330809,INSUFFICIENT,"{""contract_version"":1,""estimator"":""m0-decayed-beta-v1"",""methodology_hash"":""sha256:0da0241b9ce652df77f7b9ee40a713f7bfa93e3c62207c28e290da3d1c9a3f86"",""context"":{""source"":""sim"",""regime_id"":""sim-r0"",""region"":""synthetic-local"",""as_of_utc"":""2026-10-05T00:00:20.250Z""},""config"":{""route"":""beam_http"",""tip_lamports"":""500000"",""cu_price_micro_lamports"":""0"",""cu_limit"":25000,""fee_bucket"":""zero"",""tip_tier"":""x5"",""size_class"":""small""},""horizon_slots"":4,""half_life_s"":3600.0,""alpha"":1.997404073333081,""beta"":1.0,""p_hat"":0.6663779805676947,""p_interval_95"":[0.15773531794192164,0.9874046378461905],""n_effective"":0.9974040733330809,""assignments"":1,""resolved"":1,""unresolved"":0,""unresolved_share"":0.0,""data_age_s"":13.5,""observation_window"":[""2026-10-05T00:00:06.750+00:00"",""2026-10-05T00:00:06.750+00:00""],""evidence"":""INSUFFICIENT"",""samples_needed"":30,""insufficient_reasons"":[""discounted_sample_mass_below_30""]}"
sim,sha256:3014a74389caeee36c41c4e48b5651b9ef456b45c4b339140b8144401eddd22b,2026-10-05T00:00:20.250Z,synthetic-local,sim-r0,beam_http,small,1,1.998412724564572,INSUFFICIENT,"{""contract_version"":1,""estimator"":""m0-decayed-beta-v1"",""methodology_hash"":""sha256:0da0241b9ce652df77f7b9ee40a713f7bfa93e3c62207c28e290da3d1c9a3f86"",""context"":{""source"":""sim"",""regime_id"":""sim-r0"",""region"":""synthetic-local"",""as_of_utc"":""2026-10-05T00:00:20.250Z""},""config"":{""route"":""beam_http"",""tip_lamports"":""500000"",""cu_price_micro_lamports"":""1000"",""cu_limit"":25000,""fee_bucket"":""local_median"",""tip_tier"":""x5"",""size_class"":""small""},""horizon_slots"":1,""half_life_s"":3600.0,""alpha"":2.998412724564572,""beta"":1.0,""p_hat"":0.7499007559033566,""p_interval_95"":[0.2922115027538186,0.9915918113821525],""n_effective"":1.998412724564572,""assignments"":2,""resolved"":2,""unresolved"":0,""unresolved_share"":0.0,""data_age_s"":0.25,""observation_window"":[""2026-10-05T00:00:12.250+00:00"",""2026-10-05T00:00:20+00:00""],""evidence"":""INSUFFICIENT"",""samples_needed"":29,""insufficient_reasons"":[""discounted_sample_mass_below_30""]}"
sim,sha256:315c5a5b2e2815db138030f3a90415110f6cb015d5ffc91d940542bcac59a436,2026-10-05T00:00:20.250Z,synthetic-local,sim-r0,beam_quic,medium,2,0.99956687683708,INSUFFICIENT,"{""contract_version"":1,""estimator"":""m0-decayed-beta-v1"",""methodology_hash"":""sha256:0da0241b9ce652df77f7b9ee40a713f7bfa93e3c62207c28e290da3d1c9a3f86"",""context"":{""source"":""sim"",""regime_id"":""sim-r0"",""region"":""synthetic-local"",""as_of_utc"":""2026-10-05T00:00:20.250Z""},""config"":{""route"":""beam_quic"",""tip_lamports"":""1000000"",""cu_price_micro_lamports"":""1000"",""cu_limit"":100000,""fee_bucket"":""local_median"",""tip_tier"":""x10"",""size_class"":""medium""},""horizon_slots"":2,""half_life_s"":3600.0,""alpha"":1.99956687683708,""beta"":1.0,""p_hat"":0.6666185349217955,""p_interval_95"":[0.1580507257606879,0.9874181753764686],""n_effective"":0.99956687683708,""assignments"":1,""resolved"":1,""unresolved"":0,""unresolved_share"":0.0,""data_age_s"":2.25,""observation_window"":[""2026-10-05T00:00:18+00:00"",""2026-10-05T00:00:18+00:00""],""evidence"":""INSUFFICIENT"",""samples_needed"":30,""insufficient_reasons"":[""discounted_sample_mass_below_30""]}"
sim,sha256:35ffd9534f7d0dc7a1acdc1494c4a3c40520b17e2fc59bc5d4673a1d8b4e92b7,2026-10-05T00:00:20.250Z,synthetic-local,sim-r0,beam_http,small,4,0.9973080574241644,INSUFFICIENT,"{""contract_version"":1,""estimator"":""m0-decayed-beta-v1"",""methodology_hash"":""sha256:0da0241b9ce652df77f7b9ee40a713f7bfa93e3c62207c28e290da3d1c9a3f86"",""context"":{""source"":""sim"",""regime_id"":""sim-r0"",""region"":""synthetic-local"",""as_of_utc"":""2026-10-05T00:00:20.250Z""},""config"":{""route"":""beam_http"",""tip_lamports"":""500000"",""cu_price_micro_lamports"":""5000"",""cu_limit"":25000,""fee_bucket"":""local_p90"",""tip_tier"":""x5"",""size_class"":""small""},""horizon_slots"":4,""half_life_s"":3600.0,""alpha"":1.9973080574241644,""beta"":1.0,""p_hat"":0.6663672933040513,""p_interval_95"":[0.1577213144500857,0.9874040361831355],""n_effective"":0.9973080574241644,""assignments"":1,""resolved"":1,""unresolved"":0,""unresolved_share"":0.0,""data_age_s"":14.0,""observation_window"":[""2026-10-05T00:00:06.250+00:00"",""2026-10-05T00:00:06.250+00:00""],""evidence"":""INSUFFICIENT"",""samples_needed"":30,""insufficient_reasons"":[""discounted_sample_mass_below_30""]}"
sim,sha256:366f3c19c34aae0820f10b834547f83635c127aa78ce54f1c88d37b7faa6ca43,2026-10-05T00:00:20.250Z,synthetic-local,sim-r0,beam_quic,medium,4,0.99956687683708,INSUFFICIENT,"{""contract_version"":1,""estimator"":""m0-decayed-beta-v1"",""methodology_hash"":""sha256:0da0241b9ce652df77f7b9ee40a713f7bfa93e3c62207c28e290da3d1c9a3f86"",""context"":{""source"":""sim"",""regime_id"":""sim-r0"",""region"":""synthetic-local"",""as_of_utc"":""2026-10-05T00:00:20.250Z""},""config"":{""route"":""beam_quic"",""tip_lamports"":""1000000"",""cu_price_micro_lamports"":""1000"",""cu_limit"":100000,""fee_bucket"":""local_median"",""tip_tier"":""x10"",""size_class"":""medium""},""horizon_slots"":4,""half_life_s"":3600.0,""alpha"":1.99956687683708,""beta"":1.0,""p_hat"":0.6666185349217955,""p_interval_95"":[0.1580507257606879,0.9874181753764686],""n_effective"":0.99956687683708,""assignments"":1,""resolved"":1,""unresolved"":0,""unresolved_share"":0.0,""data_age_s"":2.25,""observation_window"":[""2026-10-05T00:00:18+00:00"",""2026-10-05T00:00:18+00:00""],""evidence"":""INSUFFICIENT"",""samples_needed"":30,""insufficient_reasons"":[""discounted_sample_mass_below_30""]}"
sim,sha256:36fee91cc6f38d9f333ed6aaa962efda475311267d99310e4eea4f5c52bf53d0,2026-10-05T00:00:20.250Z,synthetic-local,sim-r0,rpc,medium,4,0.9981725334609801,INSUFFICIENT,"{""contract_version"":1,""estimator"":""m0-decayed-beta-v1"",""methodology_hash"":""sha256:0da0241b9ce652df77f7b9ee40a713f7bfa93e3c62207c28e290da3d1c9a3f86"",""context"":{""source"":""sim"",""regime_id"":""sim-r0"",""region"":""synthetic-local"",""as_of_utc"":""2026-10-05T00:00:20.250Z""},""config"":{""route"":""rpc"",""tip_lamports"":""0"",""cu_price_micro_lamports"":""5000"",""cu_limit"":100000,""fee_bucket"":""local_p90"",""tip_tier"":""none"",""size_class"":""medium""},""horizon_slots"":4,""half_life_s"":3600.0,""alpha"":1.9981725334609801,""beta"":1.0,""p_hat"":0.666463491063459,""p_interval_95"":[0.15784739070300713,0.9874094511663034],""n_effective"":0.9981725334609801,""assignments"":1,""resolved"":1,""unresolved"":0,""unresolved_share"":0.0,""data_age_s"":9.5,""observation_window"":[""2026-10-05T00:00:10.750+00:00"",""2026-10-05T00:00:10.750+00:00""],""evidence"":""INSUFFICIENT"",""samples_needed"":30,""insufficient_reasons"":[""discounted_sample_mass_below_30""]}"
sim,sha256:3a097b94c03093247f0b1fb8b8b9631a6241be1e14ec60902afc391ad0048ce0,2026-10-05T00:00:20.250Z,synthetic-local,sim-r0,rpc,small,2,0.9970680580882667,INSUFFICIENT,"{""contract_version"":1,""estimator"":""m0-decayed-beta-v1"",""methodology_hash"":""sha256:0da0241b9ce652df77f7b9ee40a713f7bfa93e3c62207c28e290da3d1c9a3f86"",""context"":{""source"":""sim"",""regime_id"":""sim-r0"",""region"":""synthetic-local"",""as_of_utc"":""2026-10-05T00:00:20.250Z""},""config"":{""route"":""rpc"",""tip_lamports"":""0"",""cu_price_micro_lamports"":""0"",""cu_limit"":25000,""fee_bucket"":""zero"",""tip_tier"":""none"",""size_class"":""small""},""horizon_slots"":2,""half_life_s"":3600.0,""alpha"":1.9970680580882667,""beta"":1.0,""p_hat"":0.6663405766508126,""p_interval_95"":[0.1576863111673778,0.98740253202745],""n_effective"":0.9970680580882667,""assignments"":1,""resolved"":1,""unresolved"":0,""unresolved_share"":0.0,""data_age_s"":15.25,""observation_window"":[""2026-10-05T00:00:05+00:00"",""2026-10-05T00:00:05+00:00""],""evidence"":""INSUFFICIENT"",""samples_needed"":30,""insufficient_reasons"":[""discounted_sample_mass_below_30""]}"
sim,sha256:3b0431692c536c499ff2605e81dd53e8536155a0e50c9d81912315761437aa0a,2026-10-05T00:00:20.250Z,synthetic-local,sim-r0,beam_http,small,2,1.9952413543395036,INSUFFICIENT,"{""contract_version"":1,""estimator"":""m0-decayed-beta-v1"",""methodology_hash"":""sha256:0da0241b9ce652df77f7b9ee40a713f7bfa93e3c62207c28e290da3d1c9a3f86"",""context"":{""source"":""sim"",""regime_id"":""sim-r0"",""region"":""synthetic-local"",""as_of_utc"":""2026-10-05T00:00:20.250Z""},""config"":{""route"":""beam_http"",""tip_lamports"":""100000"",""cu_price_micro_lamports"":""5000"",""cu_limit"":25000,""fee_bucket"":""local_p90"",""tip_tier"":""x1"",""size_class"":""small""},""horizon_slots"":2,""half_life_s"":3600.0,""alpha"":2.9952413543395036,""beta"":1.0,""p_hat"":0.7497022304012168,""p_interval_95"":[0.29183110963665415,0.9915829463400812],""n_effective"":1.9952413543395036,""assignments"":2,""resolved"":2,""unresolved"":0,""unresolved_share"":0.0,""data_age_s"":7.0,""observation_window"":[""2026-10-05T00:00:02.500+00:00"",""2026-10-05T00:00:13.250+00:00""],""evidence"":""INSUFFICIENT"",""samples_needed"":29,""insufficient_reasons"":[""discounted_sample_mass_below_30""]}"
sim,sha256:3c2d860b79478eca7eed80c92c50d81abe2bba41e21b18d0b43953b0184a5fcd,2026-10-05T00:00:20.250Z,synthetic-local,sim-r0,beam_quic,large,2,0.9991339412698341,INSUFFICIENT,"{""contract_version"":1,""estimator"":""m0-decayed-beta-v1"",""methodology_hash"":""sha256:0da0241b9ce652df77f7b9ee40a713f7bfa93e3c62207c28e290da3d1c9a3f86"",""context"":{""source"":""sim"",""regime_id"":""sim-r0"",""region"":""synthetic-local"",""as_of_utc"":""2026-10-05T00:00:20.250Z""},""config"":{""route"":""beam_quic"",""tip_lamports"":""500000"",""cu_price_micro_lamports"":""5000"",""cu_limit"":300000,""fee_bucket"":""local_p90"",""tip_tier"":""x5"",""size_class"":""large""},""horizon_slots"":2,""half_life_s"":3600.0,""alpha"":1.9991339412698341,""beta"":1.0,""p_hat"":0.6665704101309328,""p_interval_95"":[0.15798759374650606,0.9874154678540403],""n_effective"":0.9991339412698341,""assignments"":1,""resolved"":1,""unresolved"":0,""unresolved_share"":0.0,""data_age_s"":4.5,""observation_window"":[""2026-10-05T00:00:15.750+00:00"",""2026-10-05T00:00:15.750+00:00""],""evidence"":""INSUFFICIENT"",""samples_needed"":30,""insufficient_reasons"":[""discounted_sample_mass_below_30""]}"
sim,sha256:3dcffc845238ab541cb9bd04a3a526281792e45fdabe5db9fd620ffa0bd19459,2026-10-05T00:00:20.250Z,synthetic-local,sim-r0,beam_http,large,2,0.9990858488943681,INSUFFICIENT,"{""contract_version"":1,""estimator"":""m0-decayed-beta-v1"",""methodology_hash"":""sha256:0da0241b9ce652df77f7b9ee40a713f7bfa93e3c62207c28e290da3d1c9a3f86"",""context"":{""source"":""sim"",""regime_id"":""sim-r0"",""region"":""synthetic-local"",""as_of_utc"":""2026-10-05T00:00:20.250Z""},""config"":{""route"":""beam_http"",""tip_lamports"":""500000"",""cu_price_micro_lamports"":""0"",""cu_limit"":300000,""fee_bucket"":""zero"",""tip_tier"":""x5"",""size_class"":""large""},""horizon_slots"":2,""half_life_s"":3600.0,""alpha"":1.9990858488943681,""beta"":1.0,""p_hat"":0.6665650633613385,""p_interval_95"":[0.1579805806357092,0.9874151670187001],""n_effective"":0.9990858488943681,""assignments"":1,""resolved"":1,""unresolved"":0,""unresolved_share"":0.0,""data_age_s"":4.75,""observation_window"":[""2026-10-05T00:00:15.500+00:00"",""2026-10-05T00:00:15.500+00:00""],""evidence"":""INSUFFICIENT"",""samples_needed"":30,""insufficient_reasons"":[""discounted_sample_mass_below_30""]}"
sim,sha256:3f7fe5bee6838f074af61632a62fa1c04c1bcfbf37024c42b982b62dcbc1a14d,2026-10-05T00:00:20.250Z,synthetic-local,sim-r0,beam_quic,small,4,0.9995187636226661,INSUFFICIENT,"{""contract_version"":1,""estimator"":""m0-decayed-beta-v1"",""methodology_hash"":""sha256:0da0241b9ce652df77f7b9ee40a713f7bfa93e3c62207c28e290da3d1c9a3f86"",""context"":{""source"":""sim"",""regime_id"":""sim-r0"",""region"":""synthetic-local"",""as_of_utc"":""2026-10-05T00:00:20.250Z""},""config"":{""route"":""beam_quic"",""tip_lamports"":""1000000"",""cu_price_micro_lamports"":""5000"",""cu_limit"":25000,""fee_bucket"":""local_p90"",""tip_tier"":""x10"",""size_class"":""small""},""horizon_slots"":4,""half_life_s"":3600.0,""alpha"":1.9995187636226661,""beta"":1.0,""p_hat"":0.6666131873793478,""p_interval_95"":[0.1580437098464202,0.9874178745402595],""n_effective"":0.9995187636226661,""assignments"":1,""resolved"":1,""unresolved"":0,""unresolved_share"":0.0,""data_age_s"":2.5,""observation_window"":[""2026-10-05T00:00:17.750+00:00"",""2026-10-05T00:00:17.750+00:00""],""evidence"":""INSUFFICIENT"",""samples_needed"":30,""insufficient_reasons"":[""discounted_sample_mass_below_30""]}"
sim,sha256:40e50c169c0a228b560169ce7fd4470ebbb3fa83d3ade719e17ed5726bb2c44c,2026-10-05T00:00:20.250Z,synthetic-local,sim-r0,beam_quic,small,2,1.9957205508843447,INSUFFICIENT,"{""contract_version"":1,""estimator"":""m0-decayed-beta-v1"",""methodology_hash"":""sha256:0da0241b9ce652df77f7b9ee40a713f7bfa93e3c62207c28e290da3d1c9a3f86"",""context"":{""source"":""sim"",""regime_id"":""sim-r0"",""region"":""synthetic-local"",""as_of_utc"":""2026-10-05T00:00:20.250Z""},""config"":{""route"":""beam_quic"",""tip_lamports"":""1000000"",""cu_price_micro_lamports"":""1000"",""cu_limit"":25000,""fee_bucket"":""local_median"",""tip_tier"":""x10"",""size_class"":""small""},""horizon_slots"":2,""half_life_s"":3600.0,""alpha"":2.9957205508843447,""beta"":1.0,""p_hat"":0.7497322479724772,""p_interval_95"":[0.29188860719274157,0.9915842870536364],""n_effective"":1.9957205508843447,""assignments"":2,""resolved"":2,""unresolved"":0,""unresolved_share"":0.0,""data_age_s"":11.0,""observation_window"":[""2026-10-05T00:00:09+00:00"",""2026-10-05T00:00:09.250+00:00""],""evidence"":""INSUFFICIENT"",""samples_needed"":29,""insufficient_reasons"":[""discounted_sample_mass_below_30""]}"
sim,sha256:4167b3b5faa3e5185903010dfc91c64c30c70cf83015036607cc6187f570ac25,2026-10-05T00:00:20.250Z,synthetic-local,sim-r0,beam_quic,medium,1,0.9984127986496989,INSUFFICIENT,"{""contract_version"":1,""estimator"":""m0-decayed-beta-v1"",""methodology_hash"":""sha256:0da0241b9ce652df77f7b9ee40a713f7bfa93e3c62207c28e290da3d1c9a3f86"",""context"":{""source"":""sim"",""regime_id"":""sim-r0"",""region"":""synthetic-local"",""as_of_utc"":""2026-10-05T00:00:20.250Z""},""config"":{""route"":""beam_quic"",""tip_lamports"":""200000"",""cu_price_micro_lamports"":""5000"",""cu_limit"":100000,""fee_bucket"":""local_p90"",""tip_tier"":""x2"",""size_class"":""medium""},""horizon_slots"":1,""half_life_s"":3600.0,""alpha"":1.0,""beta"":1.998412798649699,""p_hat"":0.3335097823923172,""p_interval_95"":[0.012589044665587162,0.8421175702138868],""n_effective"":0.9984127986496989,""assignments"":1,""resolved"":1,""unresolved"":0,""unresolved_share"":0.0,""data_age_s"":8.25,""observation_window"":[""2026-10-05T00:00:12+00:00"",""2026-10-05T00:00:12+00:00""],""evidence"":""INSUFFICIENT"",""samples_needed"":30,""insufficient_reasons"":[""discounted_sample_mass_below_30""]}"
sim,sha256:41d42c7e1445182c4e66127d7cf06dc338f44113c1a23401ccce8e8e56df27d8,2026-10-05T00:00:20.250Z,synthetic-local,sim-r0,beam_http,large,1,0.9990858488943681,INSUFFICIENT,"{""contract_version"":1,""estimator"":""m0-decayed-beta-v1"",""methodology_hash"":""sha256:0da0241b9ce652df77f7b9ee40a713f7bfa93e3c62207c28e290da3d1c9a3f86"",""context"":{""source"":""sim"",""regime_id"":""sim-r0"",""region"":""synthetic-local"",""as_of_utc"":""2026-10-05T00:00:20.250Z""},""config"":{""route"":""beam_http"",""tip_lamports"":""500000"",""cu_price_micro_lamports"":""0"",""cu_limit"":300000,""fee_bucket"":""zero"",""tip_tier"":""x5"",""size_class"":""large""},""horizon_slots"":1,""half_life_s"":3600.0,""alpha"":1.0,""beta"":1.9990858488943681,""p_hat"":0.3334349366386615,""p_interval_95"":[0.012584832981299879,0.8420194193642905],""n_effective"":0.9990858488943681,""assignments"":1,""resolved"":1,""unresolved"":0,""unresolved_share"":0.0,""data_age_s"":4.75,""observation_window"":[""2026-10-05T00:00:15.500+00:00"",""2026-10-05T00:00:15.500+00:00""],""evidence"":""INSUFFICIENT"",""samples_needed"":30,""insufficient_reasons"":[""discounted_sample_mass_below_30""]}"
sim,sha256:428b786918dd55b532197c8ef3ca8e0beb63a40450d3c2fed9d8044be921c548,2026-10-05T00:00:20.250Z,synthetic-local,sim-r0,beam_quic,small,4,1.9957208052089426,INSUFFICIENT,"{""contract_version"":1,""estimator"":""m0-decayed-beta-v1"",""methodology_hash"":""sha256:0da0241b9ce652df77f7b9ee40a713f7bfa93e3c62207c28e290da3d1c9a3f86"",""context"":{""source"":""sim"",""regime_id"":""sim-r0"",""region"":""synthetic-local"",""as_of_utc"":""2026-10-05T00:00:20.250Z""},""config"":{""route"":""beam_quic"",""tip_lamports"":""100000"",""cu_price_micro_lamports"":""5000"",""cu_limit"":25000,""fee_bucket"":""local_p90"",""tip_tier"":""x1"",""size_class"":""small""},""horizon_slots"":4,""half_life_s"":3600.0,""alpha"":2.9957208052089426,""beta"":1.0,""p_hat"":0.7497322639018298,""p_interval_95"":[0.29188863770661666,0.9915842877650816],""n_effective"":1.9957208052089426,""assignments"":2,""resolved"":2,""unresolved"":0,""unresolved_share"":0.0,""data_age_s"":8.5,""observation_window"":[""2026-10-05T00:00:06.500+00:00"",""2026-10-05T00:00:11.750+00:00""],""evidence"":""INSUFFICIENT"",""samples_needed"":29,""insufficient_reasons"":[""discounted_sample_mass_below_30""]}"
sim,sha256:4295d64444dd82b78967e83c29ff967c9e6c0739a43a3032d6d967b8e11062ce,2026-10-05T00:00:20.250Z,synthetic-local,sim-r0,beam_quic,large,4,1.9981236355060599,INSUFFICIENT,"{""contract_version"":1,""estimator"":""m0-decayed-beta-v1"",""methodology_hash"":""sha256:0da0241b9ce652df77f7b9ee40a713f7bfa93e3c62207c28e290da3d1c9a3f86"",""context"":{""source"":""sim"",""regime_id"":""sim-r0"",""region"":""synthetic-local"",""as_of_utc"":""2026-10-05T00:00:20.250Z""},""config"":{""route"":""beam_quic"",""tip_lamports"":""100000"",""cu_price_micro_lamports"":""0"",""cu_limit"":300000,""fee_bucket"":""zero"",""tip_tier"":""x1"",""size_class"":""large""},""horizon_slots"":4,""half_life_s"":3600.0,""alpha"":1.9992301329658564,""beta"":1.9988935025402035,""p_hat"":0.5000420985512634,""p_interval_95"":[0.09426422697351891,0.9057818911188276],""n_effective"":1.9981236355060599,""assignments"":3,""resolved"":2,""unresolved"":1,""unresolved_share"":0.3333333333333333,""data_age_s"":4.0,""observation_window"":[""2026-10-05T00:00:14.500+00:00"",""2026-10-05T00:00:16.250+00:00""],""evidence"":""INSUFFICIENT"",""samples_needed"":29,""insufficient_reasons"":[""discounted_sample_mass_below_30"",""unresolved_share_above_25_percent""]}"
sim,sha256:42cd45005153800be7e621745e8004114b7122c9753532aa6d4d696fca09f7a5,2026-10-05T00:00:20.250Z,synthetic-local,sim-r0,beam_http,medium,2,0.9972600529359053,INSUFFICIENT,"{""contract_version"":1,""estimator"":""m0-decayed-beta-v1"",""methodology_hash"":""sha256:0da0241b9ce652df77f7b9ee40a713f7bfa93e3c62207c28e290da3d1c9a3f86"",""context"":{""source"":""sim"",""regime_id"":""sim-r0"",""region"":""synthetic-local"",""as_of_utc"":""2026-10-05T00:00:20.250Z""},""config"":{""route"":""beam_http"",""tip_lamports"":""100000"",""cu_price_micro_lamports"":""0"",""cu_limit"":100000,""fee_bucket"":""zero"",""tip_tier"":""x1"",""size_class"":""medium""},""horizon_slots"":2,""half_life_s"":3600.0,""alpha"":1.9972600529359053,""beta"":1.0,""p_hat"":0.6663619498012959,""p_interval_95"":[0.15771431317105478,0.9874037353517748],""n_effective"":0.9972600529359053,""assignments"":1,""resolved"":1,""unresolved"":0,""unresolved_share"":0.0,""data_age_s"":14.25,""observation_window"":[""2026-10-05T00:00:06+00:00"",""2026-10-05T00:00:06+00:00""],""evidence"":""INSUFFICIENT"",""samples_needed"":30,""insufficient_reasons"":[""discounted_sample_mass_below_30""]}"
sim,sha256:432811ca0cee73e198386846abd9a5cc70b1ab19531e29a906c0d58bbc3bb934,2026-10-05T00:00:20.250Z,synthetic-local,sim-r0,beam_quic,large,1,1.9950975603778254,INSUFFICIENT,"{""contract_version"":1,""estimator"":""m0-decayed-beta-v1"",""methodology_hash"":""sha256:0da0241b9ce652df77f7b9ee40a713f7bfa93e3c62207c28e290da3d1c9a3f86"",""context"":{""source"":""sim"",""regime_id"":""sim-r0"",""region"":""synthetic-local"",""as_of_utc"":""2026-10-05T00:00:20.250Z""},""config"":{""route"":""beam_quic"",""tip_lamports"":""500000"",""cu_price_micro_lamports"":""0"",""cu_limit"":300000,""fee_bucket"":""zero"",""tip_tier"":""x5"",""size_class"":""large""},""horizon_slots"":1,""half_life_s"":3600.0,""alpha"":2.9950975603778254,""beta"":1.0,""p_hat"":0.749693221532886,""p_interval_95"":[0.29181385479162636,0.9915825439447665],""n_effective"":1.9950975603778254,""assignments"":2,""resolved"":2,""unresolved"":0,""unresolved_share"":0.0,""data_age_s"":6.75,""observation_window"":[""2026-10-05T00:00:01.500+00:00"",""2026-10-05T00:00:13.500+00:00""],""evidence"":""INSUFFICIENT"",""samples_needed"":29,""insufficient_reasons"":[""discounted_sample_mass_below_30""]}"
sim,sha256:4357d1367cf7fb1239664d2ecb8699ead8af8157b9ea881c9398ad2f29ddad2d,2026-10-05T00:00:20.250Z,synthetic-local,sim-r0,beam_http,large,2,1.997883319444644,INSUFFICIENT,"{""contract_version"":1,""estimator"":""m0-decayed-beta-v1"",""methodology_hash"":""sha256:0da0241b9ce652df77f7b9ee40a713f7bfa93e3c62207c28e290da3d1c9a3f86"",""context"":{""source"":""sim"",""regime_id"":""sim-r0"",""region"":""synthetic-local"",""as_of_utc"":""2026-10-05T00:00:20.250Z""},""config"":{""route"":""beam_http"",""tip_lamports"":""1000000"",""cu_price_micro_lamports"":""0"",""cu_limit"":300000,""fee_bucket"":""zero"",""tip_tier"":""x10"",""size_class"":""large""},""horizon_slots"":2,""half_life_s"":3600.0,""alpha"":1.9993263339227414,""beta"":1.9985569855219025,""p_hat"":0.5000962194665733,""p_interval_95"":[0.09428642529670062,0.9058189764920219],""n_effective"":1.997883319444644,""assignments"":2,""resolved"":2,""unresolved"":0,""unresolved_share"":0.0,""data_age_s"":3.5,""observation_window"":[""2026-10-05T00:00:12.750+00:00"",""2026-10-05T00:00:16.750+00:00""],""evidence"":""INSUFFICIENT"",""samples_needed"":29,""insufficient_reasons"":[""discounted_sample_mass_below_30""]}"
sim,sha256:43e9e32dd11c3ebb607cbf7e403d50f3cc69ed93b4e8175a14642d4fe0cc7795,2026-10-05T00:00:20.250Z,synthetic-local,sim-r0,beam_http,small,4,3.9947575228374976,INSUFFICIENT,"{""contract_version"":1,""estimator"":""m0-decayed-beta-v1"",""methodology_hash"":""sha256:0da0241b9ce652df77f7b9ee40a713f7bfa93e3c62207c28e290da3d1c9a3f86"",""context"":{""source"":""sim"",""regime_id"":""sim-r0"",""region"":""synthetic-local"",""as_of_utc"":""2026-10-05T00:00:20.250Z""},""config"":{""route"":""beam_http"",""tip_lamports"":""200000"",""cu_price_micro_lamports"":""1000"",""cu_limit"":25000,""fee_bucket"":""local_median"",""tip_tier"":""x2"",""size_class"":""small""},""horizon_slots"":4,""half_life_s"":3600.0,""alpha"":4.994757522837498,""beta"":1.0,""p_hat"":0.8331875816177015,""p_interval_95"":[0.47780610952245206,0.9949439487842051],""n_effective"":3.9947575228374976,""assignments"":4,""resolved"":4,""unresolved"":0,""unresolved_share"":0.0,""data_age_s"":2.0,""observation_window"":[""2026-10-05T00:00:09.750+00:00"",""2026-10-05T00:00:18.250+00:00""],""evidence"":""INSUFFICIENT"",""samples_needed"":27,""insufficient_reasons"":[""discounted_sample_mass_below_30""]}"
sim,sha256:4695038d3b1d8205a04424b7ba2e936576007b330b40b3e11f9a593a45cd09b8,2026-10-05T00:00:20.250Z,synthetic-local,sim-r0,beam_http,medium,4,0.9964443300743677,INSUFFICIENT,"{""contract_version"":1,""estimator"":""m0-decayed-beta-v1"",""methodology_hash"":""sha256:0da0241b9ce652df77f7b9ee40a713f7bfa93e3c62207c28e290da3d1c9a3f86"",""context"":{""source"":""sim"",""regime_id"":""sim-r0"",""region"":""synthetic-local"",""as_of_utc"":""2026-10-05T00:00:20.250Z""},""config"":{""route"":""beam_http"",""tip_lamports"":""100000"",""cu_price_micro_lamports"":""1000"",""cu_limit"":100000,""fee_bucket"":""local_median"",""tip_tier"":""x1"",""size_class"":""medium""},""horizon_slots"":4,""half_life_s"":3600.0,""alpha"":1.0,""beta"":1.9964443300743677,""p_hat"":0.3337288765765861,""p_interval_95"":[0.012601378764012676,0.842404660955852],""n_effective"":0.9964443300743677,""assignments"":1,""resolved"":1,""unresolved"":0,""unresolved_share"":0.0,""data_age_s"":18.5,""observation_window"":[""2026-10-05T00:00:01.750+00:00"",""2026-10-05T00:00:01.750+00:00""],""evidence"":""INSUFFICIENT"",""samples_needed"":30,""insufficient_reasons"":[""discounted_sample_mass_below_30""]}"
sim,sha256:4886719ff49189f1a87ff73618af749204ea3b0c06dd5a76ae610edebd2d7ed4,2026-10-05T00:00:20.250Z,synthetic-local,sim-r0,beam_http,large,4,0.9998556047633791,INSUFFICIENT,"{""contract_version"":1,""estimator"":""m0-decayed-beta-v1"",""methodology_hash"":""sha256:0da0241b9ce652df77f7b9ee40a713f7bfa93e3c62207c28e290da3d1c9a3f86"",""context"":{""source"":""sim"",""regime_id"":""sim-r0"",""region"":""synthetic-local"",""as_of_utc"":""2026-10-05T00:00:20.250Z""},""config"":{""route"":""beam_http"",""tip_lamports"":""1000000"",""cu_price_micro_lamports"":""1000"",""cu_limit"":300000,""fee_bucket"":""local_median"",""tip_tier"":""x10"",""size_class"":""large""},""horizon_slots"":4,""half_life_s"":3600.0,""alpha"":1.999855604763379,""beta"":1.0,""p_hat"":0.6666506219792278,""p_interval_95"":[0.15809282778852407,0.987419980395702],""n_effective"":0.9998556047633791,""assignments"":1,""resolved"":1,""unresolved"":0,""unresolved_share"":0.0,""data_age_s"":0.75,""observation_window"":[""2026-10-05T00:00:19.500+00:00"",""2026-10-05T00:00:19.500+00:00""],""evidence"":""INSUFFICIENT"",""samples_needed"":30,""insufficient_reasons"":[""discounted_sample_mass_below_30""]}"
sim,sha256:4c1404827dd70da3cb0418ae6be0976813b56fa90766a77a6ca70473974aafed,2026-10-05T00:00:20.250Z,synthetic-local,sim-r0,beam_http,large,1,0.9968761002039273,INSUFFICIENT,"{""contract_version"":1,""estimator"":""m0-decayed-beta-v1"",""methodology_hash"":""sha256:0da0241b9ce652df77f7b9ee40a713f7bfa93e3c62207c28e290da3d1c9a3f86"",""context"":{""source"":""sim"",""regime_id"":""sim-r0"",""region"":""synthetic-local"",""as_of_utc"":""2026-10-05T00:00:20.250Z""},""config"":{""route"":""beam_http"",""tip_lamports"":""100000"",""cu_price_micro_lamports"":""1000"",""cu_limit"":300000,""fee_bucket"":""local_median"",""tip_tier"":""x1"",""size_class"":""large""},""horizon_slots"":1,""half_life_s"":3600.0,""alpha"":1.9968761002039273,""beta"":1.0,""p_hat"":0.6663192048773877,""p_interval_95"":[0.1576583141433388,0.9874013287049321],""n_effective"":0.9968761002039273,""assignments"":1,""resolved"":1,""unresolved"":0,""unresolved_share"":0.0,""data_age_s"":16.25,""observation_window"":[""2026-10-05T00:00:04+00:00"",""2026-10-05T00:00:04+00:00""],""evidence"":""INSUFFICIENT"",""samples_needed"":30,""insufficient_reasons"":[""discounted_sample_mass_below_30""]}"
sim,sha256:4c5f7e09382bbaf6f67b5566fefa600bf3233d0cc989f9b070cd8f4fcc357dd7,2026-10-05T00:00:20.250Z,synthetic-local,sim-r0,beam_http,small,1,2.9927899800294906,INSUFFICIENT,"{""contract_version"":1,""estimator"":""m0-decayed-beta-v1"",""methodology_hash"":""sha256:0da0241b9ce652df77f7b9ee40a713f7bfa93e3c62207c28e290da3d1c9a3f86"",""context"":{""source"":""sim"",""regime_id"":""sim-r0"",""region"":""synthetic-local"",""as_of_utc"":""2026-10-05T00:00:20.250Z""},""config"":{""route"":""beam_http"",""tip_lamports"":""200000"",""cu_price_micro_lamports"":""0"",""cu_limit"":25000,""fee_bucket"":""zero"",""tip_tier"":""x2"",""size_class"":""small""},""horizon_slots"":1,""half_life_s"":3600.0,""alpha"":2.996057823985934,""beta"":1.996732156043557,""p_hat"":0.6000768780521062,""p_interval_95"":[0.19394857209424027,0.9325853533290636],""n_effective"":2.9927899800294906,""assignments"":3,""resolved"":3,""unresolved"":0,""unresolved_share"":0.0,""data_age_s"":5.0,""observation_window"":[""2026-10-05T00:00:03.250+00:00"",""2026-10-05T00:00:15.250+00:00""],""evidence"":""INSUFFICIENT"",""samples_needed"":28,""insufficient_reasons"":[""discounted_sample_mass_below_30""]}"
sim,sha256:4c6d4b98f8c03ab43a8efd517b4fbc7888f79d6ffdb415efc5b44cf4e34d3cf1,2026-10-05T00:00:20.250Z,synthetic-local,sim-r0,beam_http,medium,1,0.997932326091393,INSUFFICIENT,"{""contract_version"":1,""estimator"":""m0-decayed-beta-v1"",""methodology_hash"":""sha256:0da0241b9ce652df77f7b9ee40a713f7bfa93e3c62207c28e290da3d1c9a3f86"",""context"":{""source"":""sim"",""regime_id"":""sim-r0"",""region"":""synthetic-local"",""as_of_utc"":""2026-10-05T00:00:20.250Z""},""config"":{""route"":""beam_http"",""tip_lamports"":""200000"",""cu_price_micro_lamports"":""1000"",""cu_limit"":100000,""fee_bucket"":""local_median"",""tip_tier"":""x2"",""size_class"":""medium""},""horizon_slots"":1,""half_life_s"":3600.0,""alpha"":1.997932326091393,""beta"":1.0,""p_hat"":0.6664367666685234,""p_interval_95"":[0.15781235940388716,0.9874079470008164],""n_effective"":0.997932326091393,""assignments"":1,""resolved"":1,""unresolved"":0,""unresolved_share"":0.0,""data_age_s"":10.75,""observation_window"":[""2026-10-05T00:00:09.500+00:00"",""2026-10-05T00:00:09.500+00:00""],""evidence"":""INSUFFICIENT"",""samples_needed"":30,""insufficient_reasons"":[""discounted_sample_mass_below_30""]}"
sim,sha256:4d62f9abb4014827caedf293eb4c2af3299749317721efb3149bc150f9dfa9c1,2026-10-05T00:00:20.250Z,synthetic-local,sim-r0,beam_http,large,2,0.9972120507582973,INSUFFICIENT,"{""contract_version"":1,""estimator"":""m0-decayed-beta-v1"",""methodology_hash"":""sha256:0da0241b9ce652df77f7b9ee40a713f7bfa93e3c62207c28e290da3d1c9a3f86"",""context"":{""source"":""sim"",""regime_id"":""sim-r0"",""region"":""synthetic-local"",""as_of_utc"":""2026-10-05T00:00:20.250Z""},""config"":{""route"":""beam_http"",""tip_lamports"":""500000"",""cu_price_micro_lamports"":""1000"",""cu_limit"":300000,""fee_bucket"":""local_median"",""tip_tier"":""x5"",""size_class"":""large""},""horizon_slots"":2,""half_life_s"":3600.0,""alpha"":1.0,""beta"":1.9972120507582973,""p_hat"":0.33364339361540973,""p_interval_95"":[0.012596565479474485,0.8422926877967256],""n_effective"":0.9972120507582973,""assignments"":1,""resolved"":1,""unresolved"":0,""unresolved_share"":0.0,""data_age_s"":14.5,""observation_window"":[""2026-10-05T00:00:05.750+00:00"",""2026-10-05T00:00:05.750+00:00""],""evidence"":""INSUFFICIENT"",""samples_needed"":30,""insufficient_reasons"":[""discounted_sample_mass_below_30""]}"
sim,sha256:4d7c158c9af05408dfceb2bed8d52d14cb74c1a3e4c9f01f00c5b888ca1fbf3a,2026-10-05T00:00:20.250Z,synthetic-local,sim-r0,beam_http,medium,4,0.9966841792757704,INSUFFICIENT,"{""contract_version"":1,""estimator"":""m0-decayed-beta-v1"",""methodology_hash"":""sha256:0da0241b9ce652df77f7b9ee40a713f7bfa93e3c62207c28e290da3d1c9a3f86"",""context"":{""source"":""sim"",""regime_id"":""sim-r0"",""region"":""synthetic-local"",""as_of_utc"":""2026-10-05T00:00:20.250Z""},""config"":{""route"":""beam_http"",""tip_lamports"":""500000"",""cu_price_micro_lamports"":""5000"",""cu_limit"":100000,""fee_bucket"":""local_p90"",""tip_tier"":""x5"",""size_class"":""medium""},""horizon_slots"":4,""half_life_s"":3600.0,""alpha"":1.9966841792757706,""beta"":1.0,""p_hat"":0.6662978344812843,""p_interval_95"":[0.15763032209857053,0.9874001253842428],""n_effective"":0.9966841792757704,""assignments"":1,""resolved"":1,""unresolved"":0,""unresolved_share"":0.0,""data_age_s"":17.25,""observation_window"":[""2026-10-05T00:00:03+00:00"",""2026-10-05T00:00:03+00:00""],""evidence"":""INSUFFICIENT"",""samples_needed"":30,""insufficient_reasons"":[""discounted_sample_mass_below_30""]}"
sim,sha256:52bded81dc9d0c67997167ab715f7ec66c31a132b6c03f7eba3792f2ab15e10e,2026-10-05T00:00:20.250Z,synthetic-local,sim-r0,beam_quic,small,2,1.995769417776311,INSUFFICIENT,"{""contract_version"":1,""estimator"":""m0-decayed-beta-v1"",""methodology_hash"":""sha256:0da0241b9ce652df77f7b9ee40a713f7bfa93e3c62207c28e290da3d1c9a3f86"",""context"":{""source"":""sim"",""regime_id"":""sim-r0"",""region"":""synthetic-local"",""as_of_utc"":""2026-10-05T00:00:20.250Z""},""config"":{""route"":""beam_quic"",""tip_lamports"":""1000000"",""cu_price_micro_lamports"":""0"",""cu_limit"":25000,""fee_bucket"":""zero"",""tip_tier"":""x10"",""size_class"":""small""},""horizon_slots"":2,""half_life_s"":3600.0,""alpha"":2.995769417776311,""beta"":1.0,""p_hat"":0.7497353086614015,""p_interval_95"":[0.29189447020774584,0.9915844237512095],""n_effective"":1.995769417776311,""assignments"":2,""resolved"":2,""unresolved"":0,""unresolved_share"":0.0,""data_age_s"":6.25,""observation_window"":[""2026-10-05T00:00:04.500+00:00"",""2026-10-05T00:00:14+00:00""],""evidence"":""INSUFFICIENT"",""samples_needed"":29,""insufficient_reasons"":[""discounted_sample_mass_below_30""]}"
sim,sha256:5428e137aeb9cfe4c6996f26997042d04088655e36e3bd25bd620f4724c28ee3,2026-10-05T00:00:20.250Z,synthetic-local,sim-r0,beam_quic,small,2,0.9983166856350252,INSUFFICIENT,"{""contract_version"":1,""estimator"":""m0-decayed-beta-v1"",""methodology_hash"":""sha256:0da0241b9ce652df77f7b9ee40a713f7bfa93e3c62207c28e290da3d1c9a3f86"",""context"":{""source"":""sim"",""regime_id"":""sim-r0"",""region"":""synthetic-local"",""as_of_utc"":""2026-10-05T00:00:20.250Z""},""config"":{""route"":""beam_quic"",""tip_lamports"":""500000"",""cu_price_micro_lamports"":""5000"",""cu_limit"":25000,""fee_bucket"":""local_p90"",""tip_tier"":""x5"",""size_class"":""small""},""horizon_slots"":2,""half_life_s"":3600.0,""alpha"":1.998316685635025,""beta"":1.0,""p_hat"":0.6664795267321115,""p_interval_95"":[0.1578684132187465,0.987410353666857],""n_effective"":0.9983166856350252,""assignments"":1,""resolved"":1,""unresolved"":0,""unresolved_share"":0.0,""data_age_s"":8.75,""observation_window"":[""2026-10-05T00:00:11.500+00:00"",""2026-10-05T00:00:11.500+00:00""],""evidence"":""INSUFFICIENT"",""samples_needed"":30,""insufficient_reasons"":[""discounted_sample_mass_below_30""]}"
sim,sha256:555271aab71fc95e1df59b23138c54faf21b8df8b0a6a236096ddfb88eb88bd9,2026-10-05T00:00:20.250Z,synthetic-local,sim-r0,beam_quic,large,4,1.9950975603778254,INSUFFICIENT,"{""contract_version"":1,""estimator"":""m0-decayed-beta-v1"",""methodology_hash"":""sha256:0da0241b9ce652df77f7b9ee40a713f7bfa93e3c62207c28e290da3d1c9a3f86"",""context"":{""source"":""sim"",""regime_id"":""sim-r0"",""region"":""synthetic-local"",""as_of_utc"":""2026-10-05T00:00:20.250Z""},""config"":{""route"":""beam_quic"",""tip_lamports"":""500000"",""cu_price_micro_lamports"":""0"",""cu_limit"":300000,""fee_bucket"":""zero"",""tip_tier"":""x5"",""size_class"":""large""},""horizon_slots"":4,""half_life_s"":3600.0,""alpha"":2.9950975603778254,""beta"":1.0,""p_hat"":0.749693221532886,""p_interval_95"":[0.29181385479162636,0.9915825439447665],""n_effective"":1.9950975603778254,""assignments"":2,""resolved"":2,""unresolved"":0,""unresolved_share"":0.0,""data_age_s"":6.75,""observation_window"":[""2026-10-05T00:00:01.500+00:00"",""2026-10-05T00:00:13.500+00:00""],""evidence"":""INSUFFICIENT"",""samples_needed"":29,""insufficient_reasons"":[""discounted_sample_mass_below_30""]}"
sim,sha256:559033903ff4632ead0488e12d0b789293229c3f7b0e0c0ed5ac018601f37186,2026-10-05T00:00:20.250Z,synthetic-local,sim-r0,beam_quic,medium,4,0.9985089209176605,INSUFFICIENT,"{""contract_version"":1,""estimator"":""m0-decayed-beta-v1"",""methodology_hash"":""sha256:0da0241b9ce652df77f7b9ee40a713f7bfa93e3c62207c28e290da3d1c9a3f86"",""context"":{""source"":""sim"",""regime_id"":""sim-r0"",""region"":""synthetic-local"",""as_of_utc"":""2026-10-05T00:00:20.250Z""},""config"":{""route"":""beam_quic"",""tip_lamports"":""200000"",""cu_price_micro_lamports"":""1000"",""cu_limit"":100000,""fee_bucket"":""local_median"",""tip_tier"":""x2"",""size_class"":""medium""},""horizon_slots"":4,""half_life_s"":3600.0,""alpha"":1.9985089209176605,""beta"":1.0,""p_hat"":0.6665009088270576,""p_interval_95"":[0.1578964475990317,0.9874115570023811],""n_effective"":0.9985089209176605,""assignments"":1,""resolved"":1,""unresolved"":0,""unresolved_share"":0.0,""data_age_s"":7.75,""observation_window"":[""2026-10-05T00:00:12.500+00:00"",""2026-10-05T00:00:12.500+00:00""],""evidence"":""INSUFFICIENT"",""samples_needed"":30,""insufficient_reasons"":[""discounted_sample_mass_below_30""]}"
sim,sha256:568c2f0518e8d7dd1743ed2cc6718791a7729d27070e12914fd071035e8b52d0,2026-10-05T00:00:20.250Z,synthetic-local,sim-r0,beam_http,large,1,1.997883319444644,INSUFFICIENT,"{""contract_version"":1,""estimator"":""m0-decayed-beta-v1"",""methodology_hash"":""sha256:0da0241b9ce652df77f7b9ee40a713f7bfa93e3c62207c28e290da3d1c9a3f86"",""context"":{""source"":""sim"",""regime_id"":""sim-r0"",""region"":""synthetic-local"",""as_of_utc"":""2026-10-05T00:00:20.250Z""},""config"":{""route"":""beam_http"",""tip_lamports"":""1000000"",""cu_price_micro_lamports"":""0"",""cu_limit"":300000,""fee_bucket"":""zero"",""tip_tier"":""x10"",""size_class"":""large""},""horizon_slots"":1,""half_life_s"":3600.0,""alpha"":1.9993263339227414,""beta"":1.9985569855219025,""p_hat"":0.5000962194665733,""p_interval_95"":[0.09428642529670062,0.9058189764920219],""n_effective"":1.997883319444644,""assignments"":2,""resolved"":2,""unresolved"":0,""unresolved_share"":0.0,""data_age_s"":3.5,""observation_window"":[""2026-10-05T00:00:12.750+00:00"",""2026-10-05T00:00:16.750+00:00""],""evidence"":""INSUFFICIENT"",""samples_needed"":29,""insufficient_reasons"":[""discounted_sample_mass_below_30""]}"
sim,sha256:571fc08a173a7d8fdc1a9312b99071cdd0ff0d7d8a7a86825f6d2f2057b0d86d,2026-10-05T00:00:20.250Z,synthetic-local,sim-r0,rpc,large,4,0.9981244873619772,INSUFFICIENT,"{""contract_version"":1,""estimator"":""m0-decayed-beta-v1"",""methodology_hash"":""sha256:0da0241b9ce652df77f7b9ee40a713f7bfa93e3c62207c28e290da3d1c9a3f86"",""context"":{""source"":""sim"",""regime_id"":""sim-r0"",""region"":""synthetic-local"",""as_of_utc"":""2026-10-05T00:00:20.250Z""},""config"":{""route"":""rpc"",""tip_lamports"":""0"",""cu_price_micro_lamports"":""0"",""cu_limit"":300000,""fee_bucket"":""zero"",""tip_tier"":""none"",""size_class"":""large""},""horizon_slots"":4,""half_life_s"":3600.0,""alpha"":1.9981244873619775,""beta"":1.0,""p_hat"":0.6664581460125124,""p_interval_95"":[0.1578403838204872,0.9874091503329947],""n_effective"":0.9981244873619772,""assignments"":1,""resolved"":1,""unresolved"":0,""unresolved_share"":0.0,""data_age_s"":9.75,""observation_window"":[""2026-10-05T00:00:10.500+00:00"",""2026-10-05T00:00:10.500+00:00""],""evidence"":""INSUFFICIENT"",""samples_needed"":30,""insufficient_reasons"":[""discounted_sample_mass_below_30""]}"
sim,sha256:58389e7c8e5317fd76c1eb4ad0f2c36d57a40221d03949ae6279a4926fe4825d,2026-10-05T00:00:20.250Z,synthetic-local,sim-r0,beam_quic,small,2,1.998508786631907,INSUFFICIENT,"{""contract_version"":1,""estimator"":""m0-decayed-beta-v1"",""methodology_hash"":""sha256:0da0241b9ce652df77f7b9ee40a713f7bfa93e3c62207c28e290da3d1c9a3f86"",""context"":{""source"":""sim"",""regime_id"":""sim-r0"",""region"":""synthetic-local"",""as_of_utc"":""2026-10-05T00:00:20.250Z""},""config"":{""route"":""beam_quic"",""tip_lamports"":""500000"",""cu_price_micro_lamports"":""1000"",""cu_limit"":25000,""fee_bucket"":""local_median"",""tip_tier"":""x5"",""size_class"":""small""},""horizon_slots"":2,""half_life_s"":3600.0,""alpha"":2.998508786631907,""beta"":1.0,""p_hat"":0.7499067644059532,""p_interval_95"":[0.2922230201822056,0.9915920796164346],""n_effective"":1.998508786631907,""assignments"":2,""resolved"":2,""unresolved"":0,""unresolved_share"":0.0,""data_age_s"":0.5,""observation_window"":[""2026-10-05T00:00:13+00:00"",""2026-10-05T00:00:19.750+00:00""],""evidence"":""INSUFFICIENT"",""samples_needed"":29,""insufficient_reasons"":[""discounted_sample_mass_below_30""]}"
sim,sha256:585b08abd38862ad2006df814c9e2e0d71fadbc8957ebf23924ca16f84bccd79,2026-10-05T00:00:20.250Z,synthetic-local,sim-r0,beam_http,small,4,2.9956751264573143,INSUFFICIENT,"{""contract_version"":1,""estimator"":""m0-decayed-beta-v1"",""methodology_hash"":""sha256:0da0241b9ce652df77f7b9ee40a713f7bfa93e3c62207c28e290da3d1c9a3f86"",""context"":{""source"":""sim"",""regime_id"":""sim-r0"",""region"":""synthetic-local"",""as_of_utc"":""2026-10-05T00:00:20.250Z""},""config"":{""route"":""beam_http"",""tip_lamports"":""100000"",""cu_price_micro_lamports"":""0"",""cu_limit"":25000,""fee_bucket"":""zero"",""tip_tier"":""x1"",""size_class"":""small""},""horizon_slots"":4,""half_life_s"":3600.0,""alpha"":3.9956751264573143,""beta"":1.0,""p_hat"":0.7998268552924996,""p_interval_95"":[0.3972386426625758,0.993683729112065],""n_effective"":2.9956751264573143,""assignments"":3,""resolved"":3,""unresolved"":0,""unresolved_share"":0.0,""data_age_s"":1.0,""observation_window"":[""2026-10-05T00:00:00.500+00:00"",""2026-10-05T00:00:19.250+00:00""],""evidence"":""INSUFFICIENT"",""samples_needed"":28,""insufficient_reasons"":[""discounted_sample_mass_below_30""]}"
sim,sha256:594f5e52c082243ccfe4024d1da8742c56e0c3931591f8a85c1ef767f3fcdaee,2026-10-05T00:00:20.250Z,synthetic-local,sim-r0,beam_http,medium,2,1.997499459793778,INSUFFICIENT,"{""contract_version"":1,""estimator"":""m0-decayed-beta-v1"",""methodology_hash"":""sha256:0da0241b9ce652df77f7b9ee40a713f7bfa93e3c62207c28e290da3d1c9a3f86"",""context"":{""source"":""sim"",""regime_id"":""sim-r0"",""region"":""synthetic-local"",""as_of_utc"":""2026-10-05T00:00:20.250Z""},""config"":{""route"":""beam_http"",""tip_lamports"":""500000"",""cu_price_micro_lamports"":""1000"",""cu_limit"":100000,""fee_bucket"":""local_median"",""tip_tier"":""x5"",""size_class"":""medium""},""horizon_slots"":2,""half_life_s"":3600.0,""alpha"":2.997499459793778,""beta"":1.0,""p_hat"":0.74984361847754,""p_interval_95"":[0.2921019920529212,0.9915892604162473],""n_effective"":1.997499459793778,""assignments"":2,""resolved"":2,""unresolved"":0,""unresolved_share"":0.0,""data_age_s"":1.5,""observation_window"":[""2026-10-05T00:00:08.750+00:00"",""2026-10-05T00:00:18.750+00:00""],""evidence"":""INSUFFICIENT"",""samples_needed"":29,""insufficient_reasons"":[""discounted_sample_mass_below_30""]}"
sim,sha256:59589b36d9e3d27582ff92ba85e76c1be2564e97cffdf8b317b4c0bb2bb40d4b,2026-10-05T00:00:20.250Z,synthetic-local,sim-r0,beam_http,large,4,0.9993744378742861,INSUFFICIENT,"{""contract_version"":1,""estimator"":""m0-decayed-beta-v1"",""methodology_hash"":""sha256:0da0241b9ce652df77f7b9ee40a713f7bfa93e3c62207c28e290da3d1c9a3f86"",""context"":{""source"":""sim"",""regime_id"":""sim-r0"",""region"":""synthetic-local"",""as_of_utc"":""2026-10-05T00:00:20.250Z""},""config"":{""route"":""beam_http"",""tip_lamports"":""100000"",""cu_price_micro_lamports"":""5000"",""cu_limit"":300000,""fee_bucket"":""local_p90"",""tip_tier"":""x1"",""size_class"":""large""},""horizon_slots"":4,""half_life_s"":3600.0,""alpha"":1.9993744378742861,""beta"":1.0,""p_hat"":0.6665971452671581,""p_interval_95"":[0.15802266397271242,0.9874169720322041],""n_effective"":0.9993744378742861,""assignments"":1,""resolved"":1,""unresolved"":0,""unresolved_share"":0.0,""data_age_s"":3.25,""observation_window"":[""2026-10-05T00:00:17+00:00"",""2026-10-05T00:00:17+00:00""],""evidence"":""INSUFFICIENT"",""samples_needed"":30,""insufficient_reasons"":[""discounted_sample_mass_below_30""]}"
sim,sha256:5ba938d5985f1302e6b09a4bc6efa52477372a4a24fad17bc17cff16177cd317,2026-10-05T00:00:20.250Z,synthetic-local,sim-r0,rpc,large,2,0.9981244873619772,INSUFFICIENT,"{""contract_version"":1,""estimator"":""m0-decayed-beta-v1"",""methodology_hash"":""sha256:0da0241b9ce652df77f7b9ee40a713f7bfa93e3c62207c28e290da3d1c9a3f86"",""context"":{""source"":""sim"",""regime_id"":""sim-r0"",""region"":""synthetic-local"",""as_of_utc"":""2026-10-05T00:00:20.250Z""},""config"":{""route"":""rpc"",""tip_lamports"":""0"",""cu_price_micro_lamports"":""0"",""cu_limit"":300000,""fee_bucket"":""zero"",""tip_tier"":""none"",""size_class"":""large""},""horizon_slots"":2,""half_life_s"":3600.0,""alpha"":1.9981244873619775,""beta"":1.0,""p_hat"":0.6664581460125124,""p_interval_95"":[0.1578403838204872,0.9874091503329947],""n_effective"":0.9981244873619772,""assignments"":1,""resolved"":1,""unresolved"":0,""unresolved_share"":0.0,""data_age_s"":9.75,""observation_window"":[""2026-10-05T00:00:10.500+00:00"",""2026-10-05T00:00:10.500+00:00""],""evidence"":""INSUFFICIENT"",""samples_needed"":30,""insufficient_reasons"":[""discounted_sample_mass_below_30""]}"
sim,sha256:5c200f5d87fdbe0000c8c5229911bf8353e38d264e954d04d8ca2e80554acb38,2026-10-05T00:00:20.250Z,synthetic-local,sim-r0,beam_http,small,2,1.998412724564572,INSUFFICIENT,"{""contract_version"":1,""estimator"":""m0-decayed-beta-v1"",""methodology_hash"":""sha256:0da0241b9ce652df77f7b9ee40a713f7bfa93e3c62207c28e290da3d1c9a3f86"",""context"":{""source"":""sim"",""regime_id"":""sim-r0"",""region"":""synthetic-local"",""as_of_utc"":""2026-10-05T00:00:20.250Z""},""config"":{""route"":""beam_http"",""tip_lamports"":""500000"",""cu_price_micro_lamports"":""1000"",""cu_limit"":25000,""fee_bucket"":""local_median"",""tip_tier"":""x5"",""size_class"":""small""},""horizon_slots"":2,""half_life_s"":3600.0,""alpha"":2.998412724564572,""beta"":1.0,""p_hat"":0.7499007559033566,""p_interval_95"":[0.2922115027538186,0.9915918113821525],""n_effective"":1.998412724564572,""assignments"":2,""resolved"":2,""unresolved"":0,""unresolved_share"":0.0,""data_age_s"":0.25,""observation_window"":[""2026-10-05T00:00:12.250+00:00"",""2026-10-05T00:00:20+00:00""],""evidence"":""INSUFFICIENT"",""samples_needed"":29,""insufficient_reasons"":[""discounted_sample_mass_below_30""]}"
sim,sha256:5d4e6c99a9070b2778d4280b0868df2a2eb7503bd585cdffc466aeb26012f6e3,2026-10-05T00:00:20.250Z,synthetic-local,sim-r0,beam_quic,small,1,1.998508786631907,INSUFFICIENT,"{""contract_version"":1,""estimator"":""m0-decayed-beta-v1"",""methodology_hash"":""sha256:0da0241b9ce652df77f7b9ee40a713f7bfa93e3c62207c28e290da3d1c9a3f86"",""context"":{""source"":""sim"",""regime_id"":""sim-r0"",""region"":""synthetic-local"",""as_of_utc"":""2026-10-05T00:00:20.250Z""},""config"":{""route"":""beam_quic"",""tip_lamports"":""500000"",""cu_price_micro_lamports"":""1000"",""cu_limit"":25000,""fee_bucket"":""local_median"",""tip_tier"":""x5"",""size_class"":""small""},""horizon_slots"":1,""half_life_s"":3600.0,""alpha"":2.998508786631907,""beta"":1.0,""p_hat"":0.7499067644059532,""p_interval_95"":[0.2922230201822056,0.9915920796164346],""n_effective"":1.998508786631907,""assignments"":2,""resolved"":2,""unresolved"":0,""unresolved_share"":0.0,""data_age_s"":0.5,""observation_window"":[""2026-10-05T00:00:13+00:00"",""2026-10-05T00:00:19.750+00:00""],""evidence"":""INSUFFICIENT"",""samples_needed"":29,""insufficient_reasons"":[""discounted_sample_mass_below_30""]}"
sim,sha256:5ef42e13c539848a86f642b2b9726e952e84879633104648838a7338cbb87003,2026-10-05T00:00:20.250Z,synthetic-local,sim-r0,rpc,medium,1,0.9981725334609801,INSUFFICIENT,"{""contract_version"":1,""estimator"":""m0-decayed-beta-v1"",""methodology_hash"":""sha256:0da0241b9ce652df77f7b9ee40a713f7bfa93e3c62207c28e290da3d1c9a3f86"",""context"":{""source"":""sim"",""regime_id"":""sim-r0"",""region"":""synthetic-local"",""as_of_utc"":""2026-10-05T00:00:20.250Z""},""config"":{""route"":""rpc"",""tip_lamports"":""0"",""cu_price_micro_lamports"":""5000"",""cu_limit"":100000,""fee_bucket"":""local_p90"",""tip_tier"":""none"",""size_class"":""medium""},""horizon_slots"":1,""half_life_s"":3600.0,""alpha"":1.9981725334609801,""beta"":1.0,""p_hat"":0.666463491063459,""p_interval_95"":[0.15784739070300713,0.9874094511663034],""n_effective"":0.9981725334609801,""assignments"":1,""resolved"":1,""unresolved"":0,""unresolved_share"":0.0,""data_age_s"":9.5,""observation_window"":[""2026-10-05T00:00:10.750+00:00"",""2026-10-05T00:00:10.750+00:00""],""evidence"":""INSUFFICIENT"",""samples_needed"":30,""insufficient_reasons"":[""discounted_sample_mass_below_30""]}"
sim,sha256:69039278d698b33e65b33ab4e76eadccb1be6ceeca6d4ff53915e98a746dcd30,2026-10-05T00:00:20.250Z,synthetic-local,sim-r0,beam_http,small,4,2.9927899800294906,INSUFFICIENT,"{""contract_version"":1,""estimator"":""m0-decayed-beta-v1"",""methodology_hash"":""sha256:0da0241b9ce652df77f7b9ee40a713f7bfa93e3c62207c28e290da3d1c9a3f86"",""context"":{""source"":""sim"",""regime_id"":""sim-r0"",""region"":""synthetic-local"",""as_of_utc"":""2026-10-05T00:00:20.250Z""},""config"":{""route"":""beam_http"",""tip_lamports"":""200000"",""cu_price_micro_lamports"":""0"",""cu_limit"":25000,""fee_bucket"":""zero"",""tip_tier"":""x2"",""size_class"":""small""},""horizon_slots"":4,""half_life_s"":3600.0,""alpha"":3.992789980029491,""beta"":1.0,""p_hat"":0.7997111827255163,""p_interval_95"":[0.3969737302409151,0.9936791794985167],""n_effective"":2.9927899800294906,""assignments"":3,""resolved"":3,""unresolved"":0,""unresolved_share"":0.0,""data_age_s"":5.0,""observation_window"":[""2026-10-05T00:00:03.250+00:00"",""2026-10-05T00:00:15.250+00:00""],""evidence"":""INSUFFICIENT"",""samples_needed"":28,""insufficient_reasons"":[""discounted_sample_mass_below_30""]}"
sim,sha256:6c104b1eaf76c7b2d19db60e71f3eead1d2e81a9755fdc3d5a28ba3f8dd177c2,2026-10-05T00:00:20.250Z,synthetic-local,sim-r0,beam_http,small,1,1.9952413543395036,INSUFFICIENT,"{""contract_version"":1,""estimator"":""m0-decayed-beta-v1"",""methodology_hash"":""sha256:0da0241b9ce652df77f7b9ee40a713f7bfa93e3c62207c28e290da3d1c9a3f86"",""context"":{""source"":""sim"",""regime_id"":""sim-r0"",""region"":""synthetic-local"",""as_of_utc"":""2026-10-05T00:00:20.250Z""},""config"":{""route"":""beam_http"",""tip_lamports"":""100000"",""cu_price_micro_lamports"":""5000"",""cu_limit"":25000,""fee_bucket"":""local_p90"",""tip_tier"":""x1"",""size_class"":""small""},""horizon_slots"":1,""half_life_s"":3600.0,""alpha"":2.9952413543395036,""beta"":1.0,""p_hat"":0.7497022304012168,""p_interval_95"":[0.29183110963665415,0.9915829463400812],""n_effective"":1.9952413543395036,""assignments"":2,""resolved"":2,""unresolved"":0,""unresolved_share"":0.0,""data_age_s"":7.0,""observation_window"":[""2026-10-05T00:00:02.500+00:00"",""2026-10-05T00:00:13.250+00:00""],""evidence"":""INSUFFICIENT"",""samples_needed"":29,""insufficient_reasons"":[""discounted_sample_mass_below_30""]}"
sim,sha256:6c77095625d3a744866fc5f7690b8d37879a7c49508a7e16da6b3321a672d958,2026-10-05T00:00:20.250Z,synthetic-local,sim-r0,beam_quic,small,1,1.9957208052089426,INSUFFICIENT,"{""contract_version"":1,""estimator"":""m0-decayed-beta-v1"",""methodology_hash"":""sha256:0da0241b9ce652df77f7b9ee40a713f7bfa93e3c62207c28e290da3d1c9a3f86"",""context"":{""source"":""sim"",""regime_id"":""sim-r0"",""region"":""synthetic-local"",""as_of_utc"":""2026-10-05T00:00:20.250Z""},""config"":{""route"":""beam_quic"",""tip_lamports"":""100000"",""cu_price_micro_lamports"":""5000"",""cu_limit"":25000,""fee_bucket"":""local_p90"",""tip_tier"":""x1"",""size_class"":""small""},""horizon_slots"":1,""half_life_s"":3600.0,""alpha"":1.9983647409857566,""beta"":1.997356064223186,""p_hat"":0.5001262196249117,""p_interval_95"":[0.09423578287358511,0.9059024271322922],""n_effective"":1.9957208052089426,""assignments"":2,""resolved"":2,""unresolved"":0,""unresolved_share"":0.0,""data_age_s"":8.5,""observation_window"":[""2026-10-05T00:00:06.500+00:00"",""2026-10-05T00:00:11.750+00:00""],""evidence"":""INSUFFICIENT"",""samples_needed"":29,""insufficient_reasons"":[""discounted_sample_mass_below_30""]}"
sim,sha256:70a02453ff8a9bcf67ccf4270cdb8959429791d2273af1dc6b7ed46dacdeb6bd,2026-10-05T00:00:20.250Z,synthetic-local,sim-r0,beam_http,medium,4,1.997499459793778,INSUFFICIENT,"{""contract_version"":1,""estimator"":""m0-decayed-beta-v1"",""methodology_hash"":""sha256:0da0241b9ce652df77f7b9ee40a713f7bfa93e3c62207c28e290da3d1c9a3f86"",""context"":{""source"":""sim"",""regime_id"":""sim-r0"",""region"":""synthetic-local"",""as_of_utc"":""2026-10-05T00:00:20.250Z""},""config"":{""route"":""beam_http"",""tip_lamports"":""500000"",""cu_price_micro_lamports"":""1000"",""cu_limit"":100000,""fee_bucket"":""local_median"",""tip_tier"":""x5"",""size_class"":""medium""},""horizon_slots"":4,""half_life_s"":3600.0,""alpha"":2.997499459793778,""beta"":1.0,""p_hat"":0.74984361847754,""p_interval_95"":[0.2921019920529212,0.9915892604162473],""n_effective"":1.997499459793778,""assignments"":2,""resolved"":2,""unresolved"":0,""unresolved_share"":0.0,""data_age_s"":1.5,""observation_window"":[""2026-10-05T00:00:08.750+00:00"",""2026-10-05T00:00:18.750+00:00""],""evidence"":""INSUFFICIENT"",""samples_needed"":29,""insufficient_reasons"":[""discounted_sample_mass_below_30""]}"
sim,sha256:718480780534bc543996d405c48681a9c72426c505f4b3a7644d17fb47a365c7,2026-10-05T00:00:20.250Z,synthetic-local,sim-r0,beam_quic,large,4,2.993270926374393,INSUFFICIENT,"{""contract_version"":1,""estimator"":""m0-decayed-beta-v1"",""methodology_hash"":""sha256:0da0241b9ce652df77f7b9ee40a713f7bfa93e3c62207c28e290da3d1c9a3f86"",""context"":{""source"":""sim"",""regime_id"":""sim-r0"",""region"":""synthetic-local"",""as_of_utc"":""2026-10-05T00:00:20.250Z""},""config"":{""route"":""beam_quic"",""tip_lamports"":""200000"",""cu_price_micro_lamports"":""5000"",""cu_limit"":300000,""fee_bucket"":""local_p90"",""tip_tier"":""x2"",""size_class"":""large""},""horizon_slots"":4,""half_life_s"":3600.0,""alpha"":3.993270926374393,""beta"":1.0,""p_hat"":0.7997304743233513,""p_interval_95"":[0.3970179047548672,0.9936799383623287],""n_effective"":2.993270926374393,""assignments"":3,""resolved"":3,""unresolved"":0,""unresolved_share"":0.0,""data_age_s"":3.75,""observation_window"":[""2026-10-05T00:00:00.750+00:00"",""2026-10-05T00:00:16.500+00:00""],""evidence"":""INSUFFICIENT"",""samples_needed"":28,""insufficient_reasons"":[""discounted_sample_mass_below_30""]}"
sim,sha256:728c874f491d189e99e6b012e6de89a4f4d276d997116514d9667984923674b2,2026-10-05T00:00:20.250Z,synthetic-local,sim-r0,beam_quic,medium,2,0.9984127986496989,INSUFFICIENT,"{""contract_version"":1,""estimator"":""m0-decayed-beta-v1"",""methodology_hash"":""sha256:0da0241b9ce652df77f7b9ee40a713f7bfa93e3c62207c28e290da3d1c9a3f86"",""context"":{""source"":""sim"",""regime_id"":""sim-r0"",""region"":""synthetic-local"",""as_of_utc"":""2026-10-05T00:00:20.250Z""},""config"":{""route"":""beam_quic"",""tip_lamports"":""200000"",""cu_price_micro_lamports"":""5000"",""cu_limit"":100000,""fee_bucket"":""local_p90"",""tip_tier"":""x2"",""size_class"":""medium""},""horizon_slots"":2,""half_life_s"":3600.0,""alpha"":1.998412798649699,""beta"":1.0,""p_hat"":0.6664902176076828,""p_interval_95"":[0.157882429786113,0.9874109553344128],""n_effective"":0.9984127986496989,""assignments"":1,""resolved"":1,""unresolved"":0,""unresolved_share"":0.0,""data_age_s"":8.25,""observation_window"":[""2026-10-05T00:00:12+00:00"",""2026-10-05T00:00:12+00:00""],""evidence"":""INSUFFICIENT"",""samples_needed"":30,""insufficient_reasons"":[""discounted_sample_mass_below_30""]}"
sim,sha256:7368e5de679a81bdbc8fbc039f8286eab727035dbe13525d3442f3f89f3eff6b,2026-10-05T00:00:20.250Z,synthetic-local,sim-r0,beam_quic,large,2,1.9950975603778254,INSUFFICIENT,"{""contract_version"":1,""estimator"":""m0-decayed-beta-v1"",""methodology_hash"":""sha256:0da0241b9ce652df77f7b9ee40a713f7bfa93e3c62207c28e290da3d1c9a3f86"",""context"":{""source"":""sim"",""regime_id"":""sim-r0"",""region"":""synthetic-local"",""as_of_utc"":""2026-10-05T00:00:20.250Z""},""config"":{""route"":""beam_quic"",""tip_lamports"":""500000"",""cu_price_micro_lamports"":""0"",""cu_limit"":300000,""fee_bucket"":""zero"",""tip_tier"":""x5"",""size_class"":""large""},""horizon_slots"":2,""half_life_s"":3600.0,""alpha"":2.9950975603778254,""beta"":1.0,""p_hat"":0.749693221532886,""p_interval_95"":[0.29181385479162636,0.9915825439447665],""n_effective"":1.9950975603778254,""assignments"":2,""resolved"":2,""unresolved"":0,""unresolved_share"":0.0,""data_age_s"":6.75,""observation_window"":[""2026-10-05T00:00:01.500+00:00"",""2026-10-05T00:00:13.500+00:00""],""evidence"":""INSUFFICIENT"",""samples_needed"":29,""insufficient_reasons"":[""discounted_sample_mass_below_30""]}"
sim,sha256:7595ee7b2fd65d9ac5845e5730fe4a98991233b716ebbe1094ae87ecdec009ed,2026-10-05T00:00:20.250Z,synthetic-local,sim-r0,beam_http,small,2,1.9959614750726193,INSUFFICIENT,"{""contract_version"":1,""estimator"":""m0-decayed-beta-v1"",""methodology_hash"":""sha256:0da0241b9ce652df77f7b9ee40a713f7bfa93e3c62207c28e290da3d1c9a3f86"",""context"":{""source"":""sim"",""regime_id"":""sim-r0"",""region"":""synthetic-local"",""as_of_utc"":""2026-10-05T00:00:20.250Z""},""config"":{""route"":""beam_http"",""tip_lamports"":""100000"",""cu_price_micro_lamports"":""1000"",""cu_limit"":25000,""fee_bucket"":""local_median"",""tip_tier"":""x1"",""size_class"":""small""},""horizon_slots"":2,""half_life_s"":3600.0,""alpha"":2.9959614750726193,""beta"":1.0,""p_hat"":0.7497473370956794,""p_interval_95"":[0.2919175123936113,0.991584960958773],""n_effective"":1.9959614750726193,""assignments"":2,""resolved"":2,""unresolved"":0,""unresolved_share"":0.0,""data_age_s"":6.0,""observation_window"":[""2026-10-05T00:00:05.250+00:00"",""2026-10-05T00:00:14.250+00:00""],""evidence"":""INSUFFICIENT"",""samples_needed"":29,""insufficient_reasons"":[""discounted_sample_mass_below_30""]}"
sim,sha256:778a83accc85b24b3deb3a8554d907799e4add33b4f85a08920b1d7cf4dced36,2026-10-05T00:00:20.250Z,synthetic-local,sim-r0,rpc,medium,4,0.9966362048173014,INSUFFICIENT,"{""contract_version"":1,""estimator"":""m0-decayed-beta-v1"",""methodology_hash"":""sha256:0da0241b9ce652df77f7b9ee40a713f7bfa93e3c62207c28e290da3d1c9a3f86"",""context"":{""source"":""sim"",""regime_id"":""sim-r0"",""region"":""synthetic-local"",""as_of_utc"":""2026-10-05T00:00:20.250Z""},""config"":{""route"":""rpc"",""tip_lamports"":""0"",""cu_price_micro_lamports"":""0"",""cu_limit"":100000,""fee_bucket"":""zero"",""tip_tier"":""none"",""size_class"":""medium""},""horizon_slots"":4,""half_life_s"":3600.0,""alpha"":1.9966362048173012,""beta"":1.0,""p_hat"":0.6662924920974956,""p_interval_95"":[0.15762332486534636,0.9873998245543589],""n_effective"":0.9966362048173014,""assignments"":1,""resolved"":1,""unresolved"":0,""unresolved_share"":0.0,""data_age_s"":17.5,""observation_window"":[""2026-10-05T00:00:02.750+00:00"",""2026-10-05T00:00:02.750+00:00""],""evidence"":""INSUFFICIENT"",""samples_needed"":30,""insufficient_reasons"":[""discounted_sample_mass_below_30""]}"
sim,sha256:79b807ce9cd89385b195e4424d2e28c04b3e526ba1704fef50c98168c0e09bce,2026-10-05T00:00:20.250Z,synthetic-local,sim-r0,beam_quic,small,4,1.998508786631907,INSUFFICIENT,"{""contract_version"":1,""estimator"":""m0-decayed-beta-v1"",""methodology_hash"":""sha256:0da0241b9ce652df77f7b9ee40a713f7bfa93e3c62207c28e290da3d1c9a3f86"",""context"":{""source"":""sim"",""regime_id"":""sim-r0"",""region"":""synthetic-local"",""as_of_utc"":""2026-10-05T00:00:20.250Z""},""config"":{""route"":""beam_quic"",""tip_lamports"":""500000"",""cu_price_micro_lamports"":""1000"",""cu_limit"":25000,""fee_bucket"":""local_median"",""tip_tier"":""x5"",""size_class"":""small""},""horizon_slots"":4,""half_life_s"":3600.0,""alpha"":2.998508786631907,""beta"":1.0,""p_hat"":0.7499067644059532,""p_interval_95"":[0.2922230201822056,0.9915920796164346],""n_effective"":1.998508786631907,""assignments"":2,""resolved"":2,""unresolved"":0,""unresolved_share"":0.0,""data_age_s"":0.5,""observation_window"":[""2026-10-05T00:00:13+00:00"",""2026-10-05T00:00:19.750+00:00""],""evidence"":""INSUFFICIENT"",""samples_needed"":29,""insufficient_reasons"":[""discounted_sample_mass_below_30""]}"
sim,sha256:7b4671536f4feb72643562a15696904f8053f4cd4da894b377350c0908b6649d,2026-10-05T00:00:20.250Z,synthetic-local,sim-r0,beam_quic,large,1,1.9981236355060599,INSUFFICIENT,"{""contract_version"":1,""estimator"":""m0-decayed-beta-v1"",""methodology_hash"":""sha256:0da0241b9ce652df77f7b9ee40a713f7bfa93e3c62207c28e290da3d1c9a3f86"",""context"":{""source"":""sim"",""regime_id"":""sim-r0"",""region"":""synthetic-local"",""as_of_utc"":""2026-10-05T00:00:20.250Z""},""config"":{""route"":""beam_quic"",""tip_lamports"":""100000"",""cu_price_micro_lamports"":""0"",""cu_limit"":300000,""fee_bucket"":""zero"",""tip_tier"":""x1"",""size_class"":""large""},""horizon_slots"":1,""half_life_s"":3600.0,""alpha"":1.9992301329658564,""beta"":1.9988935025402035,""p_hat"":0.5000420985512634,""p_interval_95"":[0.09426422697351891,0.9057818911188276],""n_effective"":1.9981236355060599,""assignments"":3,""resolved"":2,""unresolved"":1,""unresolved_share"":0.3333333333333333,""data_age_s"":4.0,""observation_window"":[""2026-10-05T00:00:14.500+00:00"",""2026-10-05T00:00:16.250+00:00""],""evidence"":""INSUFFICIENT"",""samples_needed"":29,""insufficient_reasons"":[""discounted_sample_mass_below_30"",""unresolved_share_above_25_percent""]}"
sim,sha256:7bb0fd7be44abd9508338284964178d4eae10a3353b56beff75c7c7e949be7d0,2026-10-05T00:00:20.250Z,synthetic-local,sim-r0,beam_quic,large,1,0.9968281165075239,INSUFFICIENT,"{""contract_version"":1,""estimator"":""m0-decayed-beta-v1"",""methodology_hash"":""sha256:0da0241b9ce652df77f7b9ee40a713f7bfa93e3c62207c28e290da3d1c9a3f86"",""context"":{""source"":""sim"",""regime_id"":""sim-r0"",""region"":""synthetic-local"",""as_of_utc"":""2026-10-05T00:00:20.250Z""},""config"":{""route"":""beam_quic"",""tip_lamports"":""1000000"",""cu_price_micro_lamports"":""5000"",""cu_limit"":300000,""fee_bucket"":""local_p90"",""tip_tier"":""x10"",""size_class"":""large""},""horizon_slots"":1,""half_life_s"":3600.0,""alpha"":1.996828116507524,""beta"":1.0,""p_hat"":0.6663138621492277,""p_interval_95"":[0.15765131566535479,0.9874010278745873],""n_effective"":0.9968281165075239,""assignments"":1,""resolved"":1,""unresolved"":0,""unresolved_share"":0.0,""data_age_s"":16.5,""observation_window"":[""2026-10-05T00:00:03.750+00:00"",""2026-10-05T00:00:03.750+00:00""],""evidence"":""INSUFFICIENT"",""samples_needed"":30,""insufficient_reasons"":[""discounted_sample_mass_below_30""]}"
sim,sha256:7d12717c83094fb29a1c18b7a665749a677387c329820bdbe6b95e7d68ee3cd4,2026-10-05T00:00:20.250Z,synthetic-local,sim-r0,beam_quic,small,2,0.9971640508912287,INSUFFICIENT,"{""contract_version"":1,""estimator"":""m0-decayed-beta-v1"",""methodology_hash"":""sha256:0da0241b9ce652df77f7b9ee40a713f7bfa93e3c62207c28e290da3d1c9a3f86"",""context"":{""source"":""sim"",""regime_id"":""sim-r0"",""region"":""synthetic-local"",""as_of_utc"":""2026-10-05T00:00:20.250Z""},""config"":{""route"":""beam_quic"",""tip_lamports"":""200000"",""cu_price_micro_lamports"":""1000"",""cu_limit"":25000,""fee_bucket"":""local_median"",""tip_tier"":""x2"",""size_class"":""small""},""horizon_slots"":2,""half_life_s"":3600.0,""alpha"":1.997164050891229,""beta"":1.0,""p_hat"":0.6663512630539384,""p_interval_95"":[0.15770031154673841,0.987403133689388],""n_effective"":0.9971640508912287,""assignments"":1,""resolved"":1,""unresolved"":0,""unresolved_share"":0.0,""data_age_s"":14.75,""observation_window"":[""2026-10-05T00:00:05.500+00:00"",""2026-10-05T00:00:05.500+00:00""],""evidence"":""INSUFFICIENT"",""samples_needed"":30,""insufficient_reasons"":[""discounted_sample_mass_below_30""]}"
sim,sha256:7d32693799a644bc0de3955fbeb9ba604ade3ae5c66b27b264b545980e744545,2026-10-05T00:00:20.250Z,synthetic-local,sim-r0,beam_quic,medium,1,0.9974520847539603,INSUFFICIENT,"{""contract_version"":1,""estimator"":""m0-decayed-beta-v1"",""methodology_hash"":""sha256:0da0241b9ce652df77f7b9ee40a713f7bfa93e3c62207c28e290da3d1c9a3f86"",""context"":{""source"":""sim"",""regime_id"":""sim-r0"",""region"":""synthetic-local"",""as_of_utc"":""2026-10-05T00:00:20.250Z""},""config"":{""route"":""beam_quic"",""tip_lamports"":""1000000"",""cu_price_micro_lamports"":""5000"",""cu_limit"":100000,""fee_bucket"":""local_p90"",""tip_tier"":""x10"",""size_class"":""medium""},""horizon_slots"":1,""half_life_s"":3600.0,""alpha"":1.9974520847539605,""beta"":1.0,""p_hat"":0.6663833243285746,""p_interval_95"":[0.1577423201547381,0.9874049386778838],""n_effective"":0.9974520847539603,""assignments"":1,""resolved"":1,""unresolved"":0,""unresolved_share"":0.0,""data_age_s"":13.25,""observation_window"":[""2026-10-05T00:00:07+00:00"",""2026-10-05T00:00:07+00:00""],""evidence"":""INSUFFICIENT"",""samples_needed"":30,""insufficient_reasons"":[""discounted_sample_mass_below_30""]}"
sim,sha256:80596a1cc50c01321b882ce2ad1989fa4a07f54a26b85ae5b71f750f3dc0d4f4,2026-10-05T00:00:20.250Z,synthetic-local,sim-r0,beam_quic,medium,1,0.99956687683708,INSUFFICIENT,"{""contract_version"":1,""estimator"":""m0-decayed-beta-v1"",""methodology_hash"":""sha256:0da0241b9ce652df77f7b9ee40a713f7bfa93e3c62207c28e290da3d1c9a3f86"",""context"":{""source"":""sim"",""regime_id"":""sim-r0"",""region"":""synthetic-local"",""as_of_utc"":""2026-10-05T00:00:20.250Z""},""config"":{""route"":""beam_quic"",""tip_lamports"":""1000000"",""cu_price_micro_lamports"":""1000"",""cu_limit"":100000,""fee_bucket"":""local_median"",""tip_tier"":""x10"",""size_class"":""medium""},""horizon_slots"":1,""half_life_s"":3600.0,""alpha"":1.99956687683708,""beta"":1.0,""p_hat"":0.6666185349217955,""p_interval_95"":[0.1580507257606879,0.9874181753764686],""n_effective"":0.99956687683708,""assignments"":1,""resolved"":1,""unresolved"":0,""unresolved_share"":0.0,""data_age_s"":2.25,""observation_window"":[""2026-10-05T00:00:18+00:00"",""2026-10-05T00:00:18+00:00""],""evidence"":""INSUFFICIENT"",""samples_needed"":30,""insufficient_reasons"":[""discounted_sample_mass_below_30""]}"
sim,sha256:8425941660a1b223be55a15f9dd346408f6c8cf1a683bdc817af6a0b75e9cad3,2026-10-05T00:00:20.250Z,synthetic-local,sim-r0,beam_quic,medium,1,1.9957709506972923,INSUFFICIENT,"{""contract_version"":1,""estimator"":""m0-decayed-beta-v1"",""methodology_hash"":""sha256:0da0241b9ce652df77f7b9ee40a713f7bfa93e3c62207c28e290da3d1c9a3f86"",""context"":{""source"":""sim"",""regime_id"":""sim-r0"",""region"":""synthetic-local"",""as_of_utc"":""2026-10-05T00:00:20.250Z""},""config"":{""route"":""beam_quic"",""tip_lamports"":""1000000"",""cu_price_micro_lamports"":""0"",""cu_limit"":100000,""fee_bucket"":""zero"",""tip_tier"":""x10"",""size_class"":""medium""},""horizon_slots"":1,""half_life_s"":3600.0,""alpha"":2.9957709506972923,""beta"":1.0,""p_hat"":0.7497354046719088,""p_interval_95"":[0.2918946541253278,0.991584428039247],""n_effective"":1.9957709506972923,""assignments"":2,""resolved"":2,""unresolved"":0,""unresolved_share"":0.0,""data_age_s"":3.0,""observation_window"":[""2026-10-05T00:00:01.250+00:00"",""2026-10-05T00:00:17.250+00:00""],""evidence"":""INSUFFICIENT"",""samples_needed"":29,""insufficient_reasons"":[""discounted_sample_mass_below_30""]}"
sim,sha256:855c06ef9c6474391330366ba361a3716bd6723567530a2ebb82046401bb235c,2026-10-05T00:00:20.250Z,synthetic-local,sim-r0,beam_quic,medium,2,0.9975481145291187,INSUFFICIENT,"{""contract_version"":1,""estimator"":""m0-decayed-beta-v1"",""methodology_hash"":""sha256:0da0241b9ce652df77f7b9ee40a713f7bfa93e3c62207c28e290da3d1c9a3f86"",""context"":{""source"":""sim"",""regime_id"":""sim-r0"",""region"":""synthetic-local"",""as_of_utc"":""2026-10-05T00:00:20.250Z""},""config"":{""route"":""beam_quic"",""tip_lamports"":""500000"",""cu_price_micro_lamports"":""5000"",""cu_limit"":100000,""fee_bucket"":""local_p90"",""tip_tier"":""x5"",""size_class"":""medium""},""horizon_slots"":2,""half_life_s"":3600.0,""alpha"":1.997548114529119,""beta"":1.0,""p_hat"":0.66639401210843,""p_interval_95"":[0.15775632551419733,0.9874055403416004],""n_effective"":0.9975481145291187,""assignments"":1,""resolved"":1,""unresolved"":0,""unresolved_share"":0.0,""data_age_s"":12.75,""observation_window"":[""2026-10-05T00:00:07.500+00:00"",""2026-10-05T00:00:07.500+00:00""],""evidence"":""INSUFFICIENT"",""samples_needed"":30,""insufficient_reasons"":[""discounted_sample_mass_below_30""]}"
sim,sha256:859eda3d313f190284753cbf2b01dc0524fd3c79feaea635d2fcdd950cae9bc4,2026-10-05T00:00:20.250Z,synthetic-local,sim-r0,beam_quic,small,2,1.995960809124416,INSUFFICIENT,"{""contract_version"":1,""estimator"":""m0-decayed-beta-v1"",""methodology_hash"":""sha256:0da0241b9ce652df77f7b9ee40a713f7bfa93e3c62207c28e290da3d1c9a3f86"",""context"":{""source"":""sim"",""regime_id"":""sim-r0"",""region"":""synthetic-local"",""as_of_utc"":""2026-10-05T00:00:20.250Z""},""config"":{""route"":""beam_quic"",""tip_lamports"":""200000"",""cu_price_micro_lamports"":""5000"",""cu_limit"":25000,""fee_bucket"":""local_p90"",""tip_tier"":""x2"",""size_class"":""small""},""horizon_slots"":2,""half_life_s"":3600.0,""alpha"":2.995960809124416,""beta"":1.0,""p_hat"":0.7497472953897371,""p_interval_95"":[0.2919174324980499,0.9915849590961536],""n_effective"":1.995960809124416,""assignments"":2,""resolved"":2,""unresolved"":0,""unresolved_share"":0.0,""data_age_s"":9.0,""observation_window"":[""2026-10-05T00:00:08.250+00:00"",""2026-10-05T00:00:11.250+00:00""],""evidence"":""INSUFFICIENT"",""samples_needed"":29,""insufficient_reasons"":[""discounted_sample_mass_below_30""]}"
sim,sha256:89478e21256b45abc1ca3a7809ef59f58c834d25a9293351380e836ec4f28a18,2026-10-05T00:00:20.250Z,synthetic-local,sim-r0,beam_http,large,4,1.997883319444644,INSUFFICIENT,"{""contract_version"":1,""estimator"":""m0-decayed-beta-v1"",""methodology_hash"":""sha256:0da0241b9ce652df77f7b9ee40a713f7bfa93e3c62207c28e290da3d1c9a3f86"",""context"":{""source"":""sim"",""regime_id"":""sim-r0"",""region"":""synthetic-local"",""as_of_utc"":""2026-10-05T00:00:20.250Z""},""config"":{""route"":""beam_http"",""tip_lamports"":""1000000"",""cu_price_micro_lamports"":""0"",""cu_limit"":300000,""fee_bucket"":""zero"",""tip_tier"":""x10"",""size_class"":""large""},""horizon_slots"":4,""half_life_s"":3600.0,""alpha"":2.997883319444644,""beta"":1.0,""p_hat"":0.749867637422967,""p_interval_95"":[0.29214802426282616,0.9915903328161744],""n_effective"":1.997883319444644,""assignments"":2,""resolved"":2,""unresolved"":0,""unresolved_share"":0.0,""data_age_s"":3.5,""observation_window"":[""2026-10-05T00:00:12.750+00:00"",""2026-10-05T00:00:16.750+00:00""],""evidence"":""INSUFFICIENT"",""samples_needed"":29,""insufficient_reasons"":[""discounted_sample_mass_below_30""]}"
sim,sha256:8949c4f1a41e53a826550995b2fff911bcb527429d1bf07ac1385023464e3f28,2026-10-05T00:00:20.250Z,synthetic-local,sim-r0,beam_http,small,2,2.9927899800294906,INSUFFICIENT,"{""contract_version"":1,""estimator"":""m0-decayed-beta-v1"",""methodology_hash"":""sha256:0da0241b9ce652df77f7b9ee40a713f7bfa93e3c62207c28e290da3d1c9a3f86"",""context"":{""source"":""sim"",""regime_id"":""sim-r0"",""region"":""synthetic-local"",""as_of_utc"":""2026-10-05T00:00:20.250Z""},""config"":{""route"":""beam_http"",""tip_lamports"":""200000"",""cu_price_micro_lamports"":""0"",""cu_limit"":25000,""fee_bucket"":""zero"",""tip_tier"":""x2"",""size_class"":""small""},""horizon_slots"":2,""half_life_s"":3600.0,""alpha"":3.992789980029491,""beta"":1.0,""p_hat"":0.7997111827255163,""p_interval_95"":[0.3969737302409151,0.9936791794985167],""n_effective"":2.9927899800294906,""assignments"":3,""resolved"":3,""unresolved"":0,""unresolved_share"":0.0,""data_age_s"":5.0,""observation_window"":[""2026-10-05T00:00:03.250+00:00"",""2026-10-05T00:00:15.250+00:00""],""evidence"":""INSUFFICIENT"",""samples_needed"":28,""insufficient_reasons"":[""discounted_sample_mass_below_30""]}"
sim,sha256:8a00f09e59dbeb00306bba97c6d305e0f8e46b5114605707befba1037e14120d,2026-10-05T00:00:20.250Z,synthetic-local,sim-r0,beam_quic,small,1,1.9957205508843447,INSUFFICIENT,"{""contract_version"":1,""estimator"":""m0-decayed-beta-v1"",""methodology_hash"":""sha256:0da0241b9ce652df77f7b9ee40a713f7bfa93e3c62207c28e290da3d1c9a3f86"",""context"":{""source"":""sim"",""regime_id"":""sim-r0"",""region"":""synthetic-local"",""as_of_utc"":""2026-10-05T00:00:20.250Z""},""config"":{""route"":""beam_quic"",""tip_lamports"":""1000000"",""cu_price_micro_lamports"":""1000"",""cu_limit"":25000,""fee_bucket"":""local_median"",""tip_tier"":""x10"",""size_class"":""small""},""horizon_slots"":1,""half_life_s"":3600.0,""alpha"":2.9957205508843447,""beta"":1.0,""p_hat"":0.7497322479724772,""p_interval_95"":[0.29188860719274157,0.9915842870536364],""n_effective"":1.9957205508843447,""assignments"":2,""resolved"":2,""unresolved"":0,""unresolved_share"":0.0,""data_age_s"":11.0,""observation_window"":[""2026-10-05T00:00:09+00:00"",""2026-10-05T00:00:09.250+00:00""],""evidence"":""INSUFFICIENT"",""samples_needed"":29,""insufficient_reasons"":[""discounted_sample_mass_below_30""]}"
sim,sha256:8a21fdba1811ffa818cc5f7834127ebaa404b3b0e39d1e916e69ed094504bba4,2026-10-05T00:00:20.250Z,synthetic-local,sim-r0,beam_quic,small,4,2.9917358781019665,INSUFFICIENT,"{""contract_version"":1,""estimator"":""m0-decayed-beta-v1"",""methodology_hash"":""sha256:0da0241b9ce652df77f7b9ee40a713f7bfa93e3c62207c28e290da3d1c9a3f86"",""context"":{""source"":""sim"",""regime_id"":""sim-r0"",""region"":""synthetic-local"",""as_of_utc"":""2026-10-05T00:00:20.250Z""},""config"":{""route"":""beam_quic"",""tip_lamports"":""100000"",""cu_price_micro_lamports"":""1000"",""cu_limit"":25000,""fee_bucket"":""local_median"",""tip_tier"":""x1"",""size_class"":""small""},""horizon_slots"":4,""half_life_s"":3600.0,""alpha"":3.991735878101967,""beta"":1.0,""p_hat"":0.7996688878538513,""p_interval_95"":[0.39687689184251174,0.9936775156404702],""n_effective"":2.9917358781019665,""assignments"":3,""resolved"":3,""unresolved"":0,""unresolved_share"":0.0,""data_age_s"":2.75,""observation_window"":[""2026-10-05T00:00:00+00:00"",""2026-10-05T00:00:17.500+00:00""],""evidence"":""INSUFFICIENT"",""samples_needed"":28,""insufficient_reasons"":[""discounted_sample_mass_below_30""]}"
sim,sha256:8acef24364f7592d1fa06a173568abbbd8716cefbf25c21bd4eee669f9057b6a,2026-10-05T00:00:20.250Z,synthetic-local,sim-r0,rpc,large,2,1.997258479535922,INSUFFICIENT,"{""contract_version"":1,""estimator"":""m0-decayed-beta-v1"",""methodology_hash"":""sha256:0da0241b9ce652df77f7b9ee40a713f7bfa93e3c62207c28e290da3d1c9a3f86"",""context"":{""source"":""sim"",""regime_id"":""sim-r0"",""region"":""synthetic-local"",""as_of_utc"":""2026-10-05T00:00:20.250Z""},""config"":{""route"":""rpc"",""tip_lamports"":""0"",""cu_price_micro_lamports"":""5000"",""cu_limit"":300000,""fee_bucket"":""local_p90"",""tip_tier"":""none"",""size_class"":""large""},""horizon_slots"":2,""half_life_s"":3600.0,""alpha"":1.9991820359602932,""beta"":1.9980764435756289,""p_hat"":0.5001382938319257,""p_interval_95"":[0.0942900981133358,0.9058613758702034],""n_effective"":1.997258479535922,""assignments"":2,""resolved"":2,""unresolved"":0,""unresolved_share"":0.0,""data_age_s"":4.25,""observation_window"":[""2026-10-05T00:00:10.250+00:00"",""2026-10-05T00:00:16+00:00""],""evidence"":""INSUFFICIENT"",""samples_needed"":29,""insufficient_reasons"":[""discounted_sample_mass_below_30""]}"
sim,sha256:8ae3dfab8ae331c4879a80a18c490c4501b066715f4c94a80899d53abb811e69,2026-10-05T00:00:20.250Z,synthetic-local,sim-r0,beam_quic,medium,4,0.9974520847539603,INSUFFICIENT,"{""contract_version"":1,""estimator"":""m0-decayed-beta-v1"",""methodology_hash"":""sha256:0da0241b9ce652df77f7b9ee40a713f7bfa93e3c62207c28e290da3d1c9a3f86"",""context"":{""source"":""sim"",""regime_id"":""sim-r0"",""region"":""synthetic-local"",""as_of_utc"":""2026-10-05T00:00:20.250Z""},""config"":{""route"":""beam_quic"",""tip_lamports"":""1000000"",""cu_price_micro_lamports"":""5000"",""cu_limit"":100000,""fee_bucket"":""local_p90"",""tip_tier"":""x10"",""size_class"":""medium""},""horizon_slots"":4,""half_life_s"":3600.0,""alpha"":1.9974520847539605,""beta"":1.0,""p_hat"":0.6663833243285746,""p_interval_95"":[0.1577423201547381,0.9874049386778838],""n_effective"":0.9974520847539603,""assignments"":1,""resolved"":1,""unresolved"":0,""unresolved_share"":0.0,""data_age_s"":13.25,""observation_window"":[""2026-10-05T00:00:07+00:00"",""2026-10-05T00:00:07+00:00""],""evidence"":""INSUFFICIENT"",""samples_needed"":30,""insufficient_reasons"":[""discounted_sample_mass_below_30""]}"
sim,sha256:8b8425ec35e4295b63a993fb21dd428ea3b13cbf1922dd2cee2e3a25a5bf40cb,2026-10-05T00:00:20.250Z,synthetic-local,sim-r0,beam_quic,large,4,0.9968281165075239,INSUFFICIENT,"{""contract_version"":1,""estimator"":""m0-decayed-beta-v1"",""methodology_hash"":""sha256:0da0241b9ce652df77f7b9ee40a713f7bfa93e3c62207c28e290da3d1c9a3f86"",""context"":{""source"":""sim"",""regime_id"":""sim-r0"",""region"":""synthetic-local"",""as_of_utc"":""2026-10-05T00:00:20.250Z""},""config"":{""route"":""beam_quic"",""tip_lamports"":""1000000"",""cu_price_micro_lamports"":""5000"",""cu_limit"":300000,""fee_bucket"":""local_p90"",""tip_tier"":""x10"",""size_class"":""large""},""horizon_slots"":4,""half_life_s"":3600.0,""alpha"":1.996828116507524,""beta"":1.0,""p_hat"":0.6663138621492277,""p_interval_95"":[0.15765131566535479,0.9874010278745873],""n_effective"":0.9968281165075239,""assignments"":1,""resolved"":1,""unresolved"":0,""unresolved_share"":0.0,""data_age_s"":16.5,""observation_window"":[""2026-10-05T00:00:03.750+00:00"",""2026-10-05T00:00:03.750+00:00""],""evidence"":""INSUFFICIENT"",""samples_needed"":30,""insufficient_reasons"":[""discounted_sample_mass_below_30""]}"
sim,sha256:8cace9a8a511515b7a754caba37e82f937287c6b5dba3feea43629b132f0ce13,2026-10-05T00:00:20.250Z,synthetic-local,sim-r0,beam_quic,large,1,2.993270926374393,INSUFFICIENT,"{""contract_version"":1,""estimator"":""m0-decayed-beta-v1"",""methodology_hash"":""sha256:0da0241b9ce652df77f7b9ee40a713f7bfa93e3c62207c28e290da3d1c9a3f86"",""context"":{""source"":""sim"",""regime_id"":""sim-r0"",""region"":""synthetic-local"",""as_of_utc"":""2026-10-05T00:00:20.250Z""},""config"":{""route"":""beam_quic"",""tip_lamports"":""200000"",""cu_price_micro_lamports"":""5000"",""cu_limit"":300000,""fee_bucket"":""local_p90"",""tip_tier"":""x2"",""size_class"":""large""},""horizon_slots"":1,""half_life_s"":3600.0,""alpha"":2.9955307245582454,""beta"":1.9977402018161476,""p_hat"":0.5999135173571076,""p_interval_95"":[0.19383362562322465,0.93249926059942],""n_effective"":2.993270926374393,""assignments"":3,""resolved"":3,""unresolved"":0,""unresolved_share"":0.0,""data_age_s"":3.75,""observation_window"":[""2026-10-05T00:00:00.750+00:00"",""2026-10-05T00:00:16.500+00:00""],""evidence"":""INSUFFICIENT"",""samples_needed"":28,""insufficient_reasons"":[""discounted_sample_mass_below_30""]}"
sim,sha256:8efdd63a0fd19b52f1b10060a1fcb22446bdce463222a3521d69aae43ab7d609,2026-10-05T00:00:20.250Z,synthetic-local,sim-r0,beam_quic,large,1,0.997644153549551,INSUFFICIENT,"{""contract_version"":1,""estimator"":""m0-decayed-beta-v1"",""methodology_hash"":""sha256:0da0241b9ce652df77f7b9ee40a713f7bfa93e3c62207c28e290da3d1c9a3f86"",""context"":{""source"":""sim"",""regime_id"":""sim-r0"",""region"":""synthetic-local"",""as_of_utc"":""2026-10-05T00:00:20.250Z""},""config"":{""route"":""beam_quic"",""tip_lamports"":""1000000"",""cu_price_micro_lamports"":""1000"",""cu_limit"":300000,""fee_bucket"":""local_median"",""tip_tier"":""x10"",""size_class"":""large""},""horizon_slots"":1,""half_life_s"":3600.0,""alpha"":1.9976441535495513,""beta"":1.0,""p_hat"":0.6664047002323854,""p_interval_95"":[0.15777033211879588,0.9874061420057547],""n_effective"":0.997644153549551,""assignments"":1,""resolved"":1,""unresolved"":0,""unresolved_share"":0.0,""data_age_s"":12.25,""observation_window"":[""2026-10-05T00:00:08+00:00"",""2026-10-05T00:00:08+00:00""],""evidence"":""INSUFFICIENT"",""samples_needed"":30,""insufficient_reasons"":[""discounted_sample_mass_below_30""]}"
sim,sha256:93ad507f5f0ed29c88481c9453fa31adfc9c3c71add4ca674ec335e97e3f1c48,2026-10-05T00:00:20.250Z,synthetic-local,sim-r0,beam_http,small,1,0.9965402628278679,INSUFFICIENT,"{""contract_version"":1,""estimator"":""m0-decayed-beta-v1"",""methodology_hash"":""sha256:0da0241b9ce652df77f7b9ee40a713f7bfa93e3c62207c28e290da3d1c9a3f86"",""context"":{""source"":""sim"",""regime_id"":""sim-r0"",""region"":""synthetic-local"",""as_of_utc"":""2026-10-05T00:00:20.250Z""},""config"":{""route"":""beam_http"",""tip_lamports"":""1000000"",""cu_price_micro_lamports"":""5000"",""cu_limit"":25000,""fee_bucket"":""local_p90"",""tip_tier"":""x10"",""size_class"":""small""},""horizon_slots"":1,""half_life_s"":3600.0,""alpha"":1.996540262827868,""beta"":1.0,""p_hat"":0.6662818075882321,""p_interval_95"":[0.15760933133241872,0.9873992228949395],""n_effective"":0.9965402628278679,""assignments"":1,""resolved"":1,""unresolved"":0,""unresolved_share"":0.0,""data_age_s"":18.0,""observation_window"":[""2026-10-05T00:00:02.250+00:00"",""2026-10-05T00:00:02.250+00:00""],""evidence"":""INSUFFICIENT"",""samples_needed"":30,""insufficient_reasons"":[""discounted_sample_mass_below_30""]}"
sim,sha256:93d346c539104ad37dfa5f32575dd3e3f94a075763f16c2d60e2d31d0bbd63f2,2026-10-05T00:00:20.250Z,synthetic-local,sim-r0,rpc,medium,2,0.9981725334609801,INSUFFICIENT,"{""contract_version"":1,""estimator"":""m0-decayed-beta-v1"",""methodology_hash"":""sha256:0da0241b9ce652df77f7b9ee40a713f7bfa93e3c62207c28e290da3d1c9a3f86"",""context"":{""source"":""sim"",""regime_id"":""sim-r0"",""region"":""synthetic-local"",""as_of_utc"":""2026-10-05T00:00:20.250Z""},""config"":{""route"":""rpc"",""tip_lamports"":""0"",""cu_price_micro_lamports"":""5000"",""cu_limit"":100000,""fee_bucket"":""local_p90"",""tip_tier"":""none"",""size_class"":""medium""},""horizon_slots"":2,""half_life_s"":3600.0,""alpha"":1.9981725334609801,""beta"":1.0,""p_hat"":0.666463491063459,""p_interval_95"":[0.15784739070300713,0.9874094511663034],""n_effective"":0.9981725334609801,""assignments"":1,""resolved"":1,""unresolved"":0,""unresolved_share"":0.0,""data_age_s"":9.5,""observation_window"":[""2026-10-05T00:00:10.750+00:00"",""2026-10-05T00:00:10.750+00:00""],""evidence"":""INSUFFICIENT"",""samples_needed"":30,""insufficient_reasons"":[""discounted_sample_mass_below_30""]}"
sim,sha256:94082f98e799ca2840e31989dc8ab314d8b39f4e46723def17d9fbcbece33b20,2026-10-05T00:00:20.250Z,synthetic-local,sim-r0,beam_http,medium,2,0.9964443300743677,INSUFFICIENT,"{""contract_version"":1,""estimator"":""m0-decayed-beta-v1"",""methodology_hash"":""sha256:0da0241b9ce652df77f7b9ee40a713f7bfa93e3c62207c28e290da3d1c9a3f86"",""context"":{""source"":""sim"",""regime_id"":""sim-r0"",""region"":""synthetic-local"",""as_of_utc"":""2026-10-05T00:00:20.250Z""},""config"":{""route"":""beam_http"",""tip_lamports"":""100000"",""cu_price_micro_lamports"":""1000"",""cu_limit"":100000,""fee_bucket"":""local_median"",""tip_tier"":""x1"",""size_class"":""medium""},""horizon_slots"":2,""half_life_s"":3600.0,""alpha"":1.0,""beta"":1.9964443300743677,""p_hat"":0.3337288765765861,""p_interval_95"":[0.012601378764012676,0.842404660955852],""n_effective"":0.9964443300743677,""assignments"":1,""resolved"":1,""unresolved"":0,""unresolved_share"":0.0,""data_age_s"":18.5,""observation_window"":[""2026-10-05T00:00:01.750+00:00"",""2026-10-05T00:00:01.750+00:00""],""evidence"":""INSUFFICIENT"",""samples_needed"":30,""insufficient_reasons"":[""discounted_sample_mass_below_30""]}"
sim,sha256:9457ffd093e38c92005030cb3c99119cfc82e0b34c9cb705e2c16e5b6a5184fd,2026-10-05T00:00:20.250Z,synthetic-local,sim-r0,beam_quic,small,4,0.9969240862100923,INSUFFICIENT,"{""contract_version"":1,""estimator"":""m0-decayed-beta-v1"",""methodology_hash"":""sha256:0da0241b9ce652df77f7b9ee40a713f7bfa93e3c62207c28e290da3d1c9a3f86"",""context"":{""source"":""sim"",""regime_id"":""sim-r0"",""region"":""synthetic-local"",""as_of_utc"":""2026-10-05T00:00:20.250Z""},""config"":{""route"":""beam_quic"",""tip_lamports"":""500000"",""cu_price_micro_lamports"":""0"",""cu_limit"":25000,""fee_bucket"":""zero"",""tip_tier"":""x5"",""size_class"":""small""},""horizon_slots"":4,""half_life_s"":3600.0,""alpha"":1.996924086210092,""beta"":1.0,""p_hat"":0.6663245476916303,""p_interval_95"":[0.15766531293252772,0.9874016295353909],""n_effective"":0.9969240862100923,""assignments"":1,""resolved"":1,""unresolved"":0,""unresolved_share"":0.0,""data_age_s"":16.0,""observation_window"":[""2026-10-05T00:00:04.250+00:00"",""2026-10-05T00:00:04.250+00:00""],""evidence"":""INSUFFICIENT"",""samples_needed"":30,""insufficient_reasons"":[""discounted_sample_mass_below_30""]}"
sim,sha256:94f592dcd1acd3320d1c476d98f243f1aaaae18b50e5111610d0d689049b2213,2026-10-05T00:00:20.250Z,synthetic-local,sim-r0,beam_quic,small,1,0.9975000984859363,INSUFFICIENT,"{""contract_version"":1,""estimator"":""m0-decayed-beta-v1"",""methodology_hash"":""sha256:0da0241b9ce652df77f7b9ee40a713f7bfa93e3c62207c28e290da3d1c9a3f86"",""context"":{""source"":""sim"",""regime_id"":""sim-r0"",""region"":""synthetic-local"",""as_of_utc"":""2026-10-05T00:00:20.250Z""},""config"":{""route"":""beam_quic"",""tip_lamports"":""100000"",""cu_price_micro_lamports"":""0"",""cu_limit"":25000,""fee_bucket"":""zero"",""tip_tier"":""x1"",""size_class"":""small""},""horizon_slots"":1,""half_life_s"":3600.0,""alpha"":1.9975000984859361,""beta"":1.0,""p_hat"":0.6663886681754876,""p_interval_95"":[0.15774932267882813,0.9874052395096873],""n_effective"":0.9975000984859363,""assignments"":1,""resolved"":1,""unresolved"":0,""unresolved_share"":0.0,""data_age_s"":13.0,""observation_window"":[""2026-10-05T00:00:07.250+00:00"",""2026-10-05T00:00:07.250+00:00""],""evidence"":""INSUFFICIENT"",""samples_needed"":30,""insufficient_reasons"":[""discounted_sample_mass_below_30""]}"
sim,sha256:96127ac477be5e46121c1ad2b3b3d846c28e4dbc0cfaa95acf17b16d9c2d5b54,2026-10-05T00:00:20.250Z,synthetic-local,sim-r0,beam_http,large,4,0.9990858488943681,INSUFFICIENT,"{""contract_version"":1,""estimator"":""m0-decayed-beta-v1"",""methodology_hash"":""sha256:0da0241b9ce652df77f7b9ee40a713f7bfa93e3c62207c28e290da3d1c9a3f86"",""context"":{""source"":""sim"",""regime_id"":""sim-r0"",""region"":""synthetic-local"",""as_of_utc"":""2026-10-05T00:00:20.250Z""},""config"":{""route"":""beam_http"",""tip_lamports"":""500000"",""cu_price_micro_lamports"":""0"",""cu_limit"":300000,""fee_bucket"":""zero"",""tip_tier"":""x5"",""size_class"":""large""},""horizon_slots"":4,""half_life_s"":3600.0,""alpha"":1.9990858488943681,""beta"":1.0,""p_hat"":0.6665650633613385,""p_interval_95"":[0.1579805806357092,0.9874151670187001],""n_effective"":0.9990858488943681,""assignments"":1,""resolved"":1,""unresolved"":0,""unresolved_share"":0.0,""data_age_s"":4.75,""observation_window"":[""2026-10-05T00:00:15.500+00:00"",""2026-10-05T00:00:15.500+00:00""],""evidence"":""INSUFFICIENT"",""samples_needed"":30,""insufficient_reasons"":[""discounted_sample_mass_below_30""]}"
sim,sha256:9b1ba5620a270488228d831aef4a1ca21d05b2d411251a4a97a6f80b2e134c79,2026-10-05T00:00:20.250Z,synthetic-local,sim-r0,beam_quic,small,4,0.9971640508912287,INSUFFICIENT,"{""contract_version"":1,""estimator"":""m0-decayed-beta-v1"",""methodology_hash"":""sha256:0da0241b9ce652df77f7b9ee40a713f7bfa93e3c62207c28e290da3d1c9a3f86"",""context"":{""source"":""sim"",""regime_id"":""sim-r0"",""region"":""synthetic-local"",""as_of_utc"":""2026-10-05T00:00:20.250Z""},""config"":{""route"":""beam_quic"",""tip_lamports"":""200000"",""cu_price_micro_lamports"":""1000"",""cu_limit"":25000,""fee_bucket"":""local_median"",""tip_tier"":""x2"",""size_class"":""small""},""horizon_slots"":4,""half_life_s"":3600.0,""alpha"":1.997164050891229,""beta"":1.0,""p_hat"":0.6663512630539384,""p_interval_95"":[0.15770031154673841,0.987403133689388],""n_effective"":0.9971640508912287,""assignments"":1,""resolved"":1,""unresolved"":0,""unresolved_share"":0.0,""data_age_s"":14.75,""observation_window"":[""2026-10-05T00:00:05.500+00:00"",""2026-10-05T00:00:05.500+00:00""],""evidence"":""INSUFFICIENT"",""samples_needed"":30,""insufficient_reasons"":[""discounted_sample_mass_below_30""]}"
sim,sha256:9b5bd08df68261bb07afb27c9aed48ced8ae0331f44fd558a47e18ca7b0dadce,2026-10-05T00:00:20.250Z,synthetic-local,sim-r0,beam_quic,large,2,2.993270926374393,INSUFFICIENT,"{""contract_version"":1,""estimator"":""m0-decayed-beta-v1"",""methodology_hash"":""sha256:0da0241b9ce652df77f7b9ee40a713f7bfa93e3c62207c28e290da3d1c9a3f86"",""context"":{""source"":""sim"",""regime_id"":""sim-r0"",""region"":""synthetic-local"",""as_of_utc"":""2026-10-05T00:00:20.250Z""},""config"":{""route"":""beam_quic"",""tip_lamports"":""200000"",""cu_price_micro_lamports"":""5000"",""cu_limit"":300000,""fee_bucket"":""local_p90"",""tip_tier"":""x2"",""size_class"":""large""},""horizon_slots"":2,""half_life_s"":3600.0,""alpha"":3.993270926374393,""beta"":1.0,""p_hat"":0.7997304743233513,""p_interval_95"":[0.3970179047548672,0.9936799383623287],""n_effective"":2.993270926374393,""assignments"":3,""resolved"":3,""unresolved"":0,""unresolved_share"":0.0,""data_age_s"":3.75,""observation_window"":[""2026-10-05T00:00:00.750+00:00"",""2026-10-05T00:00:16.500+00:00""],""evidence"":""INSUFFICIENT"",""samples_needed"":28,""insufficient_reasons"":[""discounted_sample_mass_below_30""]}"
sim,sha256:9bd05d65c8ea6c8f5f5cde05f4ba4bb0f064ddd4889f510dea0ae079033452e6,2026-10-05T00:00:20.250Z,synthetic-local,sim-r0,beam_quic,large,4,1.9954819663846504,INSUFFICIENT,"{""contract_version"":1,""estimator"":""m0-decayed-beta-v1"",""methodology_hash"":""sha256:0da0241b9ce652df77f7b9ee40a713f7bfa93e3c62207c28e290da3d1c9a3f86"",""context"":{""source"":""sim"",""regime_id"":""sim-r0"",""region"":""synthetic-local"",""as_of_utc"":""2026-10-05T00:00:20.250Z""},""config"":{""route"":""beam_quic"",""tip_lamports"":""200000"",""cu_price_micro_lamports"":""0"",""cu_limit"":300000,""fee_bucket"":""zero"",""tip_tier"":""x2"",""size_class"":""large""},""horizon_slots"":4,""half_life_s"":3600.0,""alpha"":2.9954819663846504,""beta"":1.0,""p_hat"":0.749717303591071,""p_interval_95"":[0.29185998093826426,0.991583619586621],""n_effective"":1.9954819663846504,""assignments"":2,""resolved"":2,""unresolved"":0,""unresolved_share"":0.0,""data_age_s"":5.25,""observation_window"":[""2026-10-05T00:00:02+00:00"",""2026-10-05T00:00:15+00:00""],""evidence"":""INSUFFICIENT"",""samples_needed"":29,""insufficient_reasons"":[""discounted_sample_mass_below_30""]}"
sim,sha256:a146765088310a644e9701e0f31400626d7df220114599b5926172e2cc5ae562,2026-10-05T00:00:20.250Z,synthetic-local,sim-r0,beam_quic,large,1,0.9991339412698341,INSUFFICIENT,"{""contract_version"":1,""estimator"":""m0-decayed-beta-v1"",""methodology_hash"":""sha256:0da0241b9ce652df77f7b9ee40a713f7bfa93e3c62207c28e290da3d1c9a3f86"",""context"":{""source"":""sim"",""regime_id"":""sim-r0"",""region"":""synthetic-local"",""as_of_utc"":""2026-10-05T00:00:20.250Z""},""config"":{""route"":""beam_quic"",""tip_lamports"":""500000"",""cu_price_micro_lamports"":""5000"",""cu_limit"":300000,""fee_bucket"":""local_p90"",""tip_tier"":""x5"",""size_class"":""large""},""horizon_slots"":1,""half_life_s"":3600.0,""alpha"":1.9991339412698341,""beta"":1.0,""p_hat"":0.6665704101309328,""p_interval_95"":[0.15798759374650606,0.9874154678540403],""n_effective"":0.9991339412698341,""assignments"":1,""resolved"":1,""unresolved"":0,""unresolved_share"":0.0,""data_age_s"":4.5,""observation_window"":[""2026-10-05T00:00:15.750+00:00"",""2026-10-05T00:00:15.750+00:00""],""evidence"":""INSUFFICIENT"",""samples_needed"":30,""insufficient_reasons"":[""discounted_sample_mass_below_30""]}"
sim,sha256:a51085cc1c383abcdd2148f914ffce548bcf3fc0b5ccb1065c2aeb51f605a1c1,2026-10-05T00:00:20.250Z,synthetic-local,sim-r0,beam_http,small,4,1.998412724564572,INSUFFICIENT,"{""contract_version"":1,""estimator"":""m0-decayed-beta-v1"",""methodology_hash"":""sha256:0da0241b9ce652df77f7b9ee40a713f7bfa93e3c62207c28e290da3d1c9a3f86"",""context"":{""source"":""sim"",""regime_id"":""sim-r0"",""region"":""synthetic-local"",""as_of_utc"":""2026-10-05T00:00:20.250Z""},""config"":{""route"":""beam_http"",""tip_lamports"":""500000"",""cu_price_micro_lamports"":""1000"",""cu_limit"":25000,""fee_bucket"":""local_median"",""tip_tier"":""x5"",""size_class"":""small""},""horizon_slots"":4,""half_life_s"":3600.0,""alpha"":2.998412724564572,""beta"":1.0,""p_hat"":0.7499007559033566,""p_interval_95"":[0.2922115027538186,0.9915918113821525],""n_effective"":1.998412724564572,""assignments"":2,""resolved"":2,""unresolved"":0,""unresolved_share"":0.0,""data_age_s"":0.25,""observation_window"":[""2026-10-05T00:00:12.250+00:00"",""2026-10-05T00:00:20+00:00""],""evidence"":""INSUFFICIENT"",""samples_needed"":29,""insufficient_reasons"":[""discounted_sample_mass_below_30""]}"
sim,sha256:ae614a3d5a22da9801b5c3c041fbbb90e521e61be0bbaa240baec5806c37132d,2026-10-05T00:00:20.250Z,synthetic-local,sim-r0,beam_http,small,1,2.9956751264573143,INSUFFICIENT,"{""contract_version"":1,""estimator"":""m0-decayed-beta-v1"",""methodology_hash"":""sha256:0da0241b9ce652df77f7b9ee40a713f7bfa93e3c62207c28e290da3d1c9a3f86"",""context"":{""source"":""sim"",""regime_id"":""sim-r0"",""region"":""synthetic-local"",""as_of_utc"":""2026-10-05T00:00:20.250Z""},""config"":{""route"":""beam_http"",""tip_lamports"":""100000"",""cu_price_micro_lamports"":""0"",""cu_limit"":25000,""fee_bucket"":""zero"",""tip_tier"":""x1"",""size_class"":""small""},""horizon_slots"":1,""half_life_s"":3600.0,""alpha"":2.9960120162433075,""beta"":1.9996631102140068,""p_hat"":0.5997211468728815,""p_interval_95"":[0.19375777684782874,0.9323633337773212],""n_effective"":2.9956751264573143,""assignments"":3,""resolved"":3,""unresolved"":0,""unresolved_share"":0.0,""data_age_s"":1.0,""observation_window"":[""2026-10-05T00:00:00.500+00:00"",""2026-10-05T00:00:19.250+00:00""],""evidence"":""INSUFFICIENT"",""samples_needed"":28,""insufficient_reasons"":[""discounted_sample_mass_below_30""]}"
sim,sha256:af2ce367429201f376656ae69f532cd8e10a935750194c977aa9017cd1831b63,2026-10-05T00:00:20.250Z,synthetic-local,sim-r0,beam_quic,medium,4,0.9984127986496989,INSUFFICIENT,"{""contract_version"":1,""estimator"":""m0-decayed-beta-v1"",""methodology_hash"":""sha256:0da0241b9ce652df77f7b9ee40a713f7bfa93e3c62207c28e290da3d1c9a3f86"",""context"":{""source"":""sim"",""regime_id"":""sim-r0"",""region"":""synthetic-local"",""as_of_utc"":""2026-10-05T00:00:20.250Z""},""config"":{""route"":""beam_quic"",""tip_lamports"":""200000"",""cu_price_micro_lamports"":""5000"",""cu_limit"":100000,""fee_bucket"":""local_p90"",""tip_tier"":""x2"",""size_class"":""medium""},""horizon_slots"":4,""half_life_s"":3600.0,""alpha"":1.998412798649699,""beta"":1.0,""p_hat"":0.6664902176076828,""p_interval_95"":[0.157882429786113,0.9874109553344128],""n_effective"":0.9984127986496989,""assignments"":1,""resolved"":1,""unresolved"":0,""unresolved_share"":0.0,""data_age_s"":8.25,""observation_window"":[""2026-10-05T00:00:12+00:00"",""2026-10-05T00:00:12+00:00""],""evidence"":""INSUFFICIENT"",""samples_needed"":30,""insufficient_reasons"":[""discounted_sample_mass_below_30""]}"
sim,sha256:baf592f28572d701c8148cac5adc6e19c52e5da7ff5326a8a22aa4373fac15bc,2026-10-05T00:00:20.250Z,synthetic-local,sim-r0,beam_quic,large,4,1.994376268004391,INSUFFICIENT,"{""contract_version"":1,""estimator"":""m0-decayed-beta-v1"",""methodology_hash"":""sha256:0da0241b9ce652df77f7b9ee40a713f7bfa93e3c62207c28e290da3d1c9a3f86"",""context"":{""source"":""sim"",""regime_id"":""sim-r0"",""region"":""synthetic-local"",""as_of_utc"":""2026-10-05T00:00:20.250Z""},""config"":{""route"":""beam_quic"",""tip_lamports"":""500000"",""cu_price_micro_lamports"":""1000"",""cu_limit"":300000,""fee_bucket"":""local_median"",""tip_tier"":""x5"",""size_class"":""large""},""horizon_slots"":4,""half_life_s"":3600.0,""alpha"":2.994376268004391,""beta"":1.0,""p_hat"":0.7496480218926385,""p_interval_95"":[0.2917272922610591,0.9915805248880112],""n_effective"":1.994376268004391,""assignments"":2,""resolved"":2,""unresolved"":0,""unresolved_share"":0.0,""data_age_s"":12.5,""observation_window"":[""2026-10-05T00:00:03.500+00:00"",""2026-10-05T00:00:07.750+00:00""],""evidence"":""INSUFFICIENT"",""samples_needed"":29,""insufficient_reasons"":[""discounted_sample_mass_below_30""]}"
sim,sha256:bb4c20458a6f1fd671c8690b02d21dddd9eebc1ed9dfb7310a68ac5bf9854047,2026-10-05T00:00:20.250Z,synthetic-local,sim-r0,beam_http,small,2,0.9965402628278679,INSUFFICIENT,"{""contract_version"":1,""estimator"":""m0-decayed-beta-v1"",""methodology_hash"":""sha256:0da0241b9ce652df77f7b9ee40a713f7bfa93e3c62207c28e290da3d1c9a3f86"",""context"":{""source"":""sim"",""regime_id"":""sim-r0"",""region"":""synthetic-local"",""as_of_utc"":""2026-10-05T00:00:20.250Z""},""config"":{""route"":""beam_http"",""tip_lamports"":""1000000"",""cu_price_micro_lamports"":""5000"",""cu_limit"":25000,""fee_bucket"":""local_p90"",""tip_tier"":""x10"",""size_class"":""small""},""horizon_slots"":2,""half_life_s"":3600.0,""alpha"":1.996540262827868,""beta"":1.0,""p_hat"":0.6662818075882321,""p_interval_95"":[0.15760933133241872,0.9873992228949395],""n_effective"":0.9965402628278679,""assignments"":1,""resolved"":1,""unresolved"":0,""unresolved_share"":0.0,""data_age_s"":18.0,""observation_window"":[""2026-10-05T00:00:02.250+00:00"",""2026-10-05T00:00:02.250+00:00""],""evidence"":""INSUFFICIENT"",""samples_needed"":30,""insufficient_reasons"":[""discounted_sample_mass_below_30""]}"
sim,sha256:bb5ae68e0ae00d9ce74e49b5ceaa388fdec6056864363b676b63f0c65ee069fc,2026-10-05T00:00:20.250Z,synthetic-local,sim-r0,beam_http,medium,1,0.9964443300743677,INSUFFICIENT,"{""contract_version"":1,""estimator"":""m0-decayed-beta-v1"",""methodology_hash"":""sha256:0da0241b9ce652df77f7b9ee40a713f7bfa93e3c62207c28e290da3d1c9a3f86"",""context"":{""source"":""sim"",""regime_id"":""sim-r0"",""region"":""synthetic-local"",""as_of_utc"":""2026-10-05T00:00:20.250Z""},""config"":{""route"":""beam_http"",""tip_lamports"":""100000"",""cu_price_micro_lamports"":""1000"",""cu_limit"":100000,""fee_bucket"":""local_median"",""tip_tier"":""x1"",""size_class"":""medium""},""horizon_slots"":1,""half_life_s"":3600.0,""alpha"":1.0,""beta"":1.9964443300743677,""p_hat"":0.3337288765765861,""p_interval_95"":[0.012601378764012676,0.842404660955852],""n_effective"":0.9964443300743677,""assignments"":1,""resolved"":1,""unresolved"":0,""unresolved_share"":0.0,""data_age_s"":18.5,""observation_window"":[""2026-10-05T00:00:01.750+00:00"",""2026-10-05T00:00:01.750+00:00""],""evidence"":""INSUFFICIENT"",""samples_needed"":30,""insufficient_reasons"":[""discounted_sample_mass_below_30""]}"
sim,sha256:bf750aa5e683b9c8d61788d2481ade3c6f24f0be01ca8eb5c9729dda32c47cc7,2026-10-05T00:00:20.250Z,synthetic-local,sim-r0,beam_quic,small,1,0.9971640508912287,INSUFFICIENT,"{""contract_version"":1,""estimator"":""m0-decayed-beta-v1"",""methodology_hash"":""sha256:0da0241b9ce652df77f7b9ee40a713f7bfa93e3c62207c28e290da3d1c9a3f86"",""context"":{""source"":""sim"",""regime_id"":""sim-r0"",""region"":""synthetic-local"",""as_of_utc"":""2026-10-05T00:00:20.250Z""},""config"":{""route"":""beam_quic"",""tip_lamports"":""200000"",""cu_price_micro_lamports"":""1000"",""cu_limit"":25000,""fee_bucket"":""local_median"",""tip_tier"":""x2"",""size_class"":""small""},""horizon_slots"":1,""half_life_s"":3600.0,""alpha"":1.997164050891229,""beta"":1.0,""p_hat"":0.6663512630539384,""p_interval_95"":[0.15770031154673841,0.987403133689388],""n_effective"":0.9971640508912287,""assignments"":1,""resolved"":1,""unresolved"":0,""unresolved_share"":0.0,""data_age_s"":14.75,""observation_window"":[""2026-10-05T00:00:05.500+00:00"",""2026-10-05T00:00:05.500+00:00""],""evidence"":""INSUFFICIENT"",""samples_needed"":30,""insufficient_reasons"":[""discounted_sample_mass_below_30""]}"
sim,sha256:c0794d3f4edbcb46ad469077bcfcb701def4e2e0d555e1caccd528391f75b0be,2026-10-05T00:00:20.250Z,synthetic-local,sim-r0,beam_http,small,1,3.9947575228374976,INSUFFICIENT,"{""contract_version"":1,""estimator"":""m0-decayed-beta-v1"",""methodology_hash"":""sha256:0da0241b9ce652df77f7b9ee40a713f7bfa93e3c62207c28e290da3d1c9a3f86"",""context"":{""source"":""sim"",""regime_id"":""sim-r0"",""region"":""synthetic-local"",""as_of_utc"":""2026-10-05T00:00:20.250Z""},""config"":{""route"":""beam_http"",""tip_lamports"":""200000"",""cu_price_micro_lamports"":""1000"",""cu_limit"":25000,""fee_bucket"":""local_median"",""tip_tier"":""x2"",""size_class"":""small""},""horizon_slots"":1,""half_life_s"":3600.0,""alpha"":2.998556578024302,""beta"":2.9962009448131957,""p_hat"":0.5001964744363832,""p_interval_95"":[0.14665345988515827,0.8536173644694545],""n_effective"":3.9947575228374976,""assignments"":4,""resolved"":4,""unresolved"":0,""unresolved_share"":0.0,""data_age_s"":2.0,""observation_window"":[""2026-10-05T00:00:09.750+00:00"",""2026-10-05T00:00:18.250+00:00""],""evidence"":""INSUFFICIENT"",""samples_needed"":27,""insufficient_reasons"":[""discounted_sample_mass_below_30""]}"
sim,sha256:c3627e5ffe9ee15abeb41ce27955b20370f508c380a0bfc1efdf24e221312b6f,2026-10-05T00:00:20.250Z,synthetic-local,sim-r0,beam_quic,small,2,0.9975000984859363,INSUFFICIENT,"{""contract_version"":1,""estimator"":""m0-decayed-beta-v1"",""methodology_hash"":""sha256:0da0241b9ce652df77f7b9ee40a713f7bfa93e3c62207c28e290da3d1c9a3f86"",""context"":{""source"":""sim"",""regime_id"":""sim-r0"",""region"":""synthetic-local"",""as_of_utc"":""2026-10-05T00:00:20.250Z""},""config"":{""route"":""beam_quic"",""tip_lamports"":""100000"",""cu_price_micro_lamports"":""0"",""cu_limit"":25000,""fee_bucket"":""zero"",""tip_tier"":""x1"",""size_class"":""small""},""horizon_slots"":2,""half_life_s"":3600.0,""alpha"":1.9975000984859361,""beta"":1.0,""p_hat"":0.6663886681754876,""p_interval_95"":[0.15774932267882813,0.9874052395096873],""n_effective"":0.9975000984859363,""assignments"":1,""resolved"":1,""unresolved"":0,""unresolved_share"":0.0,""data_age_s"":13.0,""observation_window"":[""2026-10-05T00:00:07.250+00:00"",""2026-10-05T00:00:07.250+00:00""],""evidence"":""INSUFFICIENT"",""samples_needed"":30,""insufficient_reasons"":[""discounted_sample_mass_below_30""]}"
sim,sha256:c88d27fccbe791333a4b800612b062dee2fd75d7f8c857d66402c66583fccc30,2026-10-05T00:00:20.250Z,synthetic-local,sim-r0,beam_quic,small,1,0.9983166856350252,INSUFFICIENT,"{""contract_version"":1,""estimator"":""m0-decayed-beta-v1"",""methodology_hash"":""sha256:0da0241b9ce652df77f7b9ee40a713f7bfa93e3c62207c28e290da3d1c9a3f86"",""context"":{""source"":""sim"",""regime_id"":""sim-r0"",""region"":""synthetic-local"",""as_of_utc"":""2026-10-05T00:00:20.250Z""},""config"":{""route"":""beam_quic"",""tip_lamports"":""500000"",""cu_price_micro_lamports"":""5000"",""cu_limit"":25000,""fee_bucket"":""local_p90"",""tip_tier"":""x5"",""size_class"":""small""},""horizon_slots"":1,""half_life_s"":3600.0,""alpha"":1.998316685635025,""beta"":1.0,""p_hat"":0.6664795267321115,""p_interval_95"":[0.1578684132187465,0.987410353666857],""n_effective"":0.9983166856350252,""assignments"":1,""resolved"":1,""unresolved"":0,""unresolved_share"":0.0,""data_age_s"":8.75,""observation_window"":[""2026-10-05T00:00:11.500+00:00"",""2026-10-05T00:00:11.500+00:00""],""evidence"":""INSUFFICIENT"",""samples_needed"":30,""insufficient_reasons"":[""discounted_sample_mass_below_30""]}"
sim,sha256:c8ac7d6581abf24192f0e437b610ae3f4eb07dae31f91a1780d231ffc820aae8,2026-10-05T00:00:20.250Z,synthetic-local,sim-r0,beam_http,small,4,1.9959614750726193,INSUFFICIENT,"{""contract_version"":1,""estimator"":""m0-decayed-beta-v1"",""methodology_hash"":""sha256:0da0241b9ce652df77f7b9ee40a713f7bfa93e3c62207c28e290da3d1c9a3f86"",""context"":{""source"":""sim"",""regime_id"":""sim-r0"",""region"":""synthetic-local"",""as_of_utc"":""2026-10-05T00:00:20.250Z""},""config"":{""route"":""beam_http"",""tip_lamports"":""100000"",""cu_price_micro_lamports"":""1000"",""cu_limit"":25000,""fee_bucket"":""local_median"",""tip_tier"":""x1"",""size_class"":""small""},""horizon_slots"":4,""half_life_s"":3600.0,""alpha"":2.9959614750726193,""beta"":1.0,""p_hat"":0.7497473370956794,""p_interval_95"":[0.2919175123936113,0.991584960958773],""n_effective"":1.9959614750726193,""assignments"":2,""resolved"":2,""unresolved"":0,""unresolved_share"":0.0,""data_age_s"":6.0,""observation_window"":[""2026-10-05T00:00:05.250+00:00"",""2026-10-05T00:00:14.250+00:00""],""evidence"":""INSUFFICIENT"",""samples_needed"":29,""insufficient_reasons"":[""discounted_sample_mass_below_30""]}"
sim,sha256:c9833c033d9f36181ffc176be76f551d926765a6dd154fdb26920a589a665bd2,2026-10-05T00:00:20.250Z,synthetic-local,sim-r0,beam_quic,medium,2,0.9974520847539603,INSUFFICIENT,"{""contract_version"":1,""estimator"":""m0-decayed-beta-v1"",""methodology_hash"":""sha256:0da0241b9ce652df77f7b9ee40a713f7bfa93e3c62207c28e290da3d1c9a3f86"",""context"":{""source"":""sim"",""regime_id"":""sim-r0"",""region"":""synthetic-local"",""as_of_utc"":""2026-10-05T00:00:20.250Z""},""config"":{""route"":""beam_quic"",""tip_lamports"":""1000000"",""cu_price_micro_lamports"":""5000"",""cu_limit"":100000,""fee_bucket"":""local_p90"",""tip_tier"":""x10"",""size_class"":""medium""},""horizon_slots"":2,""half_life_s"":3600.0,""alpha"":1.9974520847539605,""beta"":1.0,""p_hat"":0.6663833243285746,""p_interval_95"":[0.1577423201547381,0.9874049386778838],""n_effective"":0.9974520847539603,""assignments"":1,""resolved"":1,""unresolved"":0,""unresolved_share"":0.0,""data_age_s"":13.25,""observation_window"":[""2026-10-05T00:00:07+00:00"",""2026-10-05T00:00:07+00:00""],""evidence"":""INSUFFICIENT"",""samples_needed"":30,""insufficient_reasons"":[""discounted_sample_mass_below_30""]}"
sim,sha256:ca637c8e8e855ca2f47f78270978a7ade1cf93af1d9497a7d0996eb63b4cb15c,2026-10-05T00:00:20.250Z,synthetic-local,sim-r0,rpc,medium,1,0.9966362048173014,INSUFFICIENT,"{""contract_version"":1,""estimator"":""m0-decayed-beta-v1"",""methodology_hash"":""sha256:0da0241b9ce652df77f7b9ee40a713f7bfa93e3c62207c28e290da3d1c9a3f86"",""context"":{""source"":""sim"",""regime_id"":""sim-r0"",""region"":""synthetic-local"",""as_of_utc"":""2026-10-05T00:00:20.250Z""},""config"":{""route"":""rpc"",""tip_lamports"":""0"",""cu_price_micro_lamports"":""0"",""cu_limit"":100000,""fee_bucket"":""zero"",""tip_tier"":""none"",""size_class"":""medium""},""horizon_slots"":1,""half_life_s"":3600.0,""alpha"":1.9966362048173012,""beta"":1.0,""p_hat"":0.6662924920974956,""p_interval_95"":[0.15762332486534636,0.9873998245543589],""n_effective"":0.9966362048173014,""assignments"":1,""resolved"":1,""unresolved"":0,""unresolved_share"":0.0,""data_age_s"":17.5,""observation_window"":[""2026-10-05T00:00:02.750+00:00"",""2026-10-05T00:00:02.750+00:00""],""evidence"":""INSUFFICIENT"",""samples_needed"":30,""insufficient_reasons"":[""discounted_sample_mass_below_30""]}"
sim,sha256:cae55c2ef15042b320a598978afc8d079d4da342f3b64085f6917bcda5b9c840,2026-10-05T00:00:20.250Z,synthetic-local,sim-r0,beam_quic,small,1,0.9969240862100923,INSUFFICIENT,"{""contract_version"":1,""estimator"":""m0-decayed-beta-v1"",""methodology_hash"":""sha256:0da0241b9ce652df77f7b9ee40a713f7bfa93e3c62207c28e290da3d1c9a3f86"",""context"":{""source"":""sim"",""regime_id"":""sim-r0"",""region"":""synthetic-local"",""as_of_utc"":""2026-10-05T00:00:20.250Z""},""config"":{""route"":""beam_quic"",""tip_lamports"":""500000"",""cu_price_micro_lamports"":""0"",""cu_limit"":25000,""fee_bucket"":""zero"",""tip_tier"":""x5"",""size_class"":""small""},""horizon_slots"":1,""half_life_s"":3600.0,""alpha"":1.996924086210092,""beta"":1.0,""p_hat"":0.6663245476916303,""p_interval_95"":[0.15766531293252772,0.9874016295353909],""n_effective"":0.9969240862100923,""assignments"":1,""resolved"":1,""unresolved"":0,""unresolved_share"":0.0,""data_age_s"":16.0,""observation_window"":[""2026-10-05T00:00:04.250+00:00"",""2026-10-05T00:00:04.250+00:00""],""evidence"":""INSUFFICIENT"",""samples_needed"":30,""insufficient_reasons"":[""discounted_sample_mass_below_30""]}"
sim,sha256:cb810cbc9ac049a7a061dc4a88dac1fbc8dc0286d36d5961de712a542671aabb,2026-10-05T00:00:20.250Z,synthetic-local,sim-r0,rpc,large,4,0.998749267076545,INSUFFICIENT,"{""contract_version"":1,""estimator"":""m0-decayed-beta-v1"",""methodology_hash"":""sha256:0da0241b9ce652df77f7b9ee40a713f7bfa93e3c62207c28e290da3d1c9a3f86"",""context"":{""source"":""sim"",""regime_id"":""sim-r0"",""region"":""synthetic-local"",""as_of_utc"":""2026-10-05T00:00:20.250Z""},""config"":{""route"":""rpc"",""tip_lamports"":""0"",""cu_price_micro_lamports"":""1000"",""cu_limit"":300000,""fee_bucket"":""local_median"",""tip_tier"":""none"",""size_class"":""large""},""horizon_slots"":4,""half_life_s"":3600.0,""alpha"":1.0,""beta"":1.9987492670765452,""p_hat"":0.33347236162058036,""p_interval_95"":[0.012586938825911064,0.8420685024190786],""n_effective"":0.998749267076545,""assignments"":1,""resolved"":1,""unresolved"":0,""unresolved_share"":0.0,""data_age_s"":6.5,""observation_window"":[""2026-10-05T00:00:13.750+00:00"",""2026-10-05T00:00:13.750+00:00""],""evidence"":""INSUFFICIENT"",""samples_needed"":30,""insufficient_reasons"":[""discounted_sample_mass_below_30""]}"
sim,sha256:cc0fd21758acbd5f45745172d34861cee57885a2a443e44c493cb51847fa2322,2026-10-05T00:00:20.250Z,synthetic-local,sim-r0,beam_quic,small,2,0.9995187636226661,INSUFFICIENT,"{""contract_version"":1,""estimator"":""m0-decayed-beta-v1"",""methodology_hash"":""sha256:0da0241b9ce652df77f7b9ee40a713f7bfa93e3c62207c28e290da3d1c9a3f86"",""context"":{""source"":""sim"",""regime_id"":""sim-r0"",""region"":""synthetic-local"",""as_of_utc"":""2026-10-05T00:00:20.250Z""},""config"":{""route"":""beam_quic"",""tip_lamports"":""1000000"",""cu_price_micro_lamports"":""5000"",""cu_limit"":25000,""fee_bucket"":""local_p90"",""tip_tier"":""x10"",""size_class"":""small""},""horizon_slots"":2,""half_life_s"":3600.0,""alpha"":1.9995187636226661,""beta"":1.0,""p_hat"":0.6666131873793478,""p_interval_95"":[0.1580437098464202,0.9874178745402595],""n_effective"":0.9995187636226661,""assignments"":1,""resolved"":1,""unresolved"":0,""unresolved_share"":0.0,""data_age_s"":2.5,""observation_window"":[""2026-10-05T00:00:17.750+00:00"",""2026-10-05T00:00:17.750+00:00""],""evidence"":""INSUFFICIENT"",""samples_needed"":30,""insufficient_reasons"":[""discounted_sample_mass_below_30""]}"
sim,sha256:ccdea06c4470e9313843bda22af36d99b8eb3a840a39b9bbe88c835ed37eab96,2026-10-05T00:00:20.250Z,synthetic-local,sim-r0,beam_quic,small,1,2.9917358781019665,INSUFFICIENT,"{""contract_version"":1,""estimator"":""m0-decayed-beta-v1"",""methodology_hash"":""sha256:0da0241b9ce652df77f7b9ee40a713f7bfa93e3c62207c28e290da3d1c9a3f86"",""context"":{""source"":""sim"",""regime_id"":""sim-r0"",""region"":""synthetic-local"",""as_of_utc"":""2026-10-05T00:00:20.250Z""},""config"":{""route"":""beam_quic"",""tip_lamports"":""100000"",""cu_price_micro_lamports"":""1000"",""cu_limit"":25000,""fee_bucket"":""local_median"",""tip_tier"":""x1"",""size_class"":""small""},""horizon_slots"":1,""half_life_s"":3600.0,""alpha"":3.991735878101967,""beta"":1.0,""p_hat"":0.7996688878538513,""p_interval_95"":[0.39687689184251174,0.9936775156404702],""n_effective"":2.9917358781019665,""assignments"":3,""resolved"":3,""unresolved"":0,""unresolved_share"":0.0,""data_age_s"":2.75,""observation_window"":[""2026-10-05T00:00:00+00:00"",""2026-10-05T00:00:17.500+00:00""],""evidence"":""INSUFFICIENT"",""samples_needed"":28,""insufficient_reasons"":[""discounted_sample_mass_below_30""]}"
sim,sha256:ccfb9cd20f49570e7d0511c523e6a5b39aae42c450c56092f72933871f8cc89f,2026-10-05T00:00:20.250Z,synthetic-local,sim-r0,beam_quic,medium,1,0.9975481145291187,INSUFFICIENT,"{""contract_version"":1,""estimator"":""m0-decayed-beta-v1"",""methodology_hash"":""sha256:0da0241b9ce652df77f7b9ee40a713f7bfa93e3c62207c28e290da3d1c9a3f86"",""context"":{""source"":""sim"",""regime_id"":""sim-r0"",""region"":""synthetic-local"",""as_of_utc"":""2026-10-05T00:00:20.250Z""},""config"":{""route"":""beam_quic"",""tip_lamports"":""500000"",""cu_price_micro_lamports"":""5000"",""cu_limit"":100000,""fee_bucket"":""local_p90"",""tip_tier"":""x5"",""size_class"":""medium""},""horizon_slots"":1,""half_life_s"":3600.0,""alpha"":1.0,""beta"":1.997548114529119,""p_hat"":0.3336059878915701,""p_interval_95"":[0.012594459658399535,0.8422436744858024],""n_effective"":0.9975481145291187,""assignments"":1,""resolved"":1,""unresolved"":0,""unresolved_share"":0.0,""data_age_s"":12.75,""observation_window"":[""2026-10-05T00:00:07.500+00:00"",""2026-10-05T00:00:07.500+00:00""],""evidence"":""INSUFFICIENT"",""samples_needed"":30,""insufficient_reasons"":[""discounted_sample_mass_below_30""]}"
sim,sha256:d0b18c356537ef833fd5e7ef0fc5ee5decb3a04a4280b2a2ffca09d87b7c2d78,2026-10-05T00:00:20.250Z,synthetic-local,sim-r0,rpc,large,2,0.998749267076545,INSUFFICIENT,"{""contract_version"":1,""estimator"":""m0-decayed-beta-v1"",""methodology_hash"":""sha256:0da0241b9ce652df77f7b9ee40a713f7bfa93e3c62207c28e290da3d1c9a3f86"",""context"":{""source"":""sim"",""regime_id"":""sim-r0"",""region"":""synthetic-local"",""as_of_utc"":""2026-10-05T00:00:20.250Z""},""config"":{""route"":""rpc"",""tip_lamports"":""0"",""cu_price_micro_lamports"":""1000"",""cu_limit"":300000,""fee_bucket"":""local_median"",""tip_tier"":""none"",""size_class"":""large""},""horizon_slots"":2,""half_life_s"":3600.0,""alpha"":1.0,""beta"":1.9987492670765452,""p_hat"":0.33347236162058036,""p_interval_95"":[0.012586938825911064,0.8420685024190786],""n_effective"":0.998749267076545,""assignments"":1,""resolved"":1,""unresolved"":0,""unresolved_share"":0.0,""data_age_s"":6.5,""observation_window"":[""2026-10-05T00:00:13.750+00:00"",""2026-10-05T00:00:13.750+00:00""],""evidence"":""INSUFFICIENT"",""samples_needed"":30,""insufficient_reasons"":[""discounted_sample_mass_below_30""]}"
sim,sha256:d17e1ccb43f7af9a3431a724e761de2fe76f53ffa7c3b3aadf047d2ac2887039,2026-10-05T00:00:20.250Z,synthetic-local,sim-r0,rpc,small,4,0.9970680580882667,INSUFFICIENT,"{""contract_version"":1,""estimator"":""m0-decayed-beta-v1"",""methodology_hash"":""sha256:0da0241b9ce652df77f7b9ee40a713f7bfa93e3c62207c28e290da3d1c9a3f86"",""context"":{""source"":""sim"",""regime_id"":""sim-r0"",""region"":""synthetic-local"",""as_of_utc"":""2026-10-05T00:00:20.250Z""},""config"":{""route"":""rpc"",""tip_lamports"":""0"",""cu_price_micro_lamports"":""0"",""cu_limit"":25000,""fee_bucket"":""zero"",""tip_tier"":""none"",""size_class"":""small""},""horizon_slots"":4,""half_life_s"":3600.0,""alpha"":1.9970680580882667,""beta"":1.0,""p_hat"":0.6663405766508126,""p_interval_95"":[0.1576863111673778,0.98740253202745],""n_effective"":0.9970680580882667,""assignments"":1,""resolved"":1,""unresolved"":0,""unresolved_share"":0.0,""data_age_s"":15.25,""observation_window"":[""2026-10-05T00:00:05+00:00"",""2026-10-05T00:00:05+00:00""],""evidence"":""INSUFFICIENT"",""samples_needed"":30,""insufficient_reasons"":[""discounted_sample_mass_below_30""]}"
sim,sha256:d1e8d6e3e02b3b0cd8688bb1b642038b70ecf1225401c1356fcf5d0a4b8a349c,2026-10-05T00:00:20.250Z,synthetic-local,sim-r0,beam_http,medium,1,0.9997593528558091,INSUFFICIENT,"{""contract_version"":1,""estimator"":""m0-decayed-beta-v1"",""methodology_hash"":""sha256:0da0241b9ce652df77f7b9ee40a713f7bfa93e3c62207c28e290da3d1c9a3f86"",""context"":{""source"":""sim"",""regime_id"":""sim-r0"",""region"":""synthetic-local"",""as_of_utc"":""2026-10-05T00:00:20.250Z""},""config"":{""route"":""beam_http"",""tip_lamports"":""200000"",""cu_price_micro_lamports"":""0"",""cu_limit"":100000,""fee_bucket"":""zero"",""tip_tier"":""x2"",""size_class"":""medium""},""horizon_slots"":1,""half_life_s"":3600.0,""alpha"":1.0,""beta"":1.999759352855809,""p_hat"":0.3333600740499358,""p_interval_95"":[0.012580621277750281,0.8419212074669316],""n_effective"":0.9997593528558091,""assignments"":1,""resolved"":1,""unresolved"":0,""unresolved_share"":0.0,""data_age_s"":1.25,""observation_window"":[""2026-10-05T00:00:19+00:00"",""2026-10-05T00:00:19+00:00""],""evidence"":""INSUFFICIENT"",""samples_needed"":30,""insufficient_reasons"":[""discounted_sample_mass_below_30""]}"
sim,sha256:d41b63a321c8edd9657043c65e2cd77be45becde296f47e4f90f2f09fe5142f9,2026-10-05T00:00:20.250Z,synthetic-local,sim-r0,beam_http,medium,4,0.9997593528558091,INSUFFICIENT,"{""contract_version"":1,""estimator"":""m0-decayed-beta-v1"",""methodology_hash"":""sha256:0da0241b9ce652df77f7b9ee40a713f7bfa93e3c62207c28e290da3d1c9a3f86"",""context"":{""source"":""sim"",""regime_id"":""sim-r0"",""region"":""synthetic-local"",""as_of_utc"":""2026-10-05T00:00:20.250Z""},""config"":{""route"":""beam_http"",""tip_lamports"":""200000"",""cu_price_micro_lamports"":""0"",""cu_limit"":100000,""fee_bucket"":""zero"",""tip_tier"":""x2"",""size_class"":""medium""},""horizon_slots"":4,""half_life_s"":3600.0,""alpha"":1.999759352855809,""beta"":1.0,""p_hat"":0.6666399259500642,""p_interval_95"":[0.15807879253306817,0.9874193787222496],""n_effective"":0.9997593528558091,""assignments"":1,""resolved"":1,""unresolved"":0,""unresolved_share"":0.0,""data_age_s"":1.25,""observation_window"":[""2026-10-05T00:00:19+00:00"",""2026-10-05T00:00:19+00:00""],""evidence"":""INSUFFICIENT"",""samples_needed"":30,""insufficient_reasons"":[""discounted_sample_mass_below_30""]}"
sim,sha256:d5a43390c6dc7d27d222827583d9406b9a1fb5580ff73c4cbdfaa9b488ec92fc,2026-10-05T00:00:20.250Z,synthetic-local,sim-r0,beam_quic,large,2,0.9968281165075239,INSUFFICIENT,"{""contract_version"":1,""estimator"":""m0-decayed-beta-v1"",""methodology_hash"":""sha256:0da0241b9ce652df77f7b9ee40a713f7bfa93e3c62207c28e290da3d1c9a3f86"",""context"":{""source"":""sim"",""regime_id"":""sim-r0"",""region"":""synthetic-local"",""as_of_utc"":""2026-10-05T00:00:20.250Z""},""config"":{""route"":""beam_quic"",""tip_lamports"":""1000000"",""cu_price_micro_lamports"":""5000"",""cu_limit"":300000,""fee_bucket"":""local_p90"",""tip_tier"":""x10"",""size_class"":""large""},""horizon_slots"":2,""half_life_s"":3600.0,""alpha"":1.996828116507524,""beta"":1.0,""p_hat"":0.6663138621492277,""p_interval_95"":[0.15765131566535479,0.9874010278745873],""n_effective"":0.9968281165075239,""assignments"":1,""resolved"":1,""unresolved"":0,""unresolved_share"":0.0,""data_age_s"":16.5,""observation_window"":[""2026-10-05T00:00:03.750+00:00"",""2026-10-05T00:00:03.750+00:00""],""evidence"":""INSUFFICIENT"",""samples_needed"":30,""insufficient_reasons"":[""discounted_sample_mass_below_30""]}"
sim,sha256:d5c15901b61a6bd167fa3a08fd6b268eb291b4ed18170534a6dfed57b48f767a,2026-10-05T00:00:20.250Z,synthetic-local,sim-r0,beam_http,medium,4,0.996300448259547,INSUFFICIENT,"{""contract_version"":1,""estimator"":""m0-decayed-beta-v1"",""methodology_hash"":""sha256:0da0241b9ce652df77f7b9ee40a713f7bfa93e3c62207c28e290da3d1c9a3f86"",""context"":{""source"":""sim"",""regime_id"":""sim-r0"",""region"":""synthetic-local"",""as_of_utc"":""2026-10-05T00:00:20.250Z""},""config"":{""route"":""beam_http"",""tip_lamports"":""1000000"",""cu_price_micro_lamports"":""0"",""cu_limit"":100000,""fee_bucket"":""zero"",""tip_tier"":""x10"",""size_class"":""medium""},""horizon_slots"":4,""half_life_s"":3600.0,""alpha"":1.996300448259547,""beta"":1.0,""p_hat"":0.6662550978220935,""p_interval_95"":[0.1575743529453711,0.9873977187484404],""n_effective"":0.996300448259547,""assignments"":1,""resolved"":1,""unresolved"":0,""unresolved_share"":0.0,""data_age_s"":19.25,""observation_window"":[""2026-10-05T00:00:01+00:00"",""2026-10-05T00:00:01+00:00""],""evidence"":""INSUFFICIENT"",""samples_needed"":30,""insufficient_reasons"":[""discounted_sample_mass_below_30""]}"
sim,sha256:d6d1f1eba2b9319217f87d3723fdf5f10c9d3927ccf85a76627349b9b09fa7a5,2026-10-05T00:00:20.250Z,synthetic-local,sim-r0,beam_http,large,1,0.9980284021018226,INSUFFICIENT,"{""contract_version"":1,""estimator"":""m0-decayed-beta-v1"",""methodology_hash"":""sha256:0da0241b9ce652df77f7b9ee40a713f7bfa93e3c62207c28e290da3d1c9a3f86"",""context"":{""source"":""sim"",""regime_id"":""sim-r0"",""region"":""synthetic-local"",""as_of_utc"":""2026-10-05T00:00:20.250Z""},""config"":{""route"":""beam_http"",""tip_lamports"":""1000000"",""cu_price_micro_lamports"":""5000"",""cu_limit"":300000,""fee_bucket"":""local_p90"",""tip_tier"":""x10"",""size_class"":""large""},""horizon_slots"":1,""half_life_s"":3600.0,""alpha"":1.9980284021018226,""beta"":1.0,""p_hat"":0.6664474561685501,""p_interval_95"":[0.15782637098950258,0.9874085486666937],""n_effective"":0.9980284021018226,""assignments"":1,""resolved"":1,""unresolved"":0,""unresolved_share"":0.0,""data_age_s"":10.25,""observation_window"":[""2026-10-05T00:00:10+00:00"",""2026-10-05T00:00:10+00:00""],""evidence"":""INSUFFICIENT"",""samples_needed"":30,""insufficient_reasons"":[""discounted_sample_mass_below_30""]}"
sim,sha256:d7db13f519aac0cd0998fe86fe146fcb2afc84b142aca259febac11eddc1e26d,2026-10-05T00:00:20.250Z,synthetic-local,sim-r0,beam_quic,small,1,1.995960809124416,INSUFFICIENT,"{""contract_version"":1,""estimator"":""m0-decayed-beta-v1"",""methodology_hash"":""sha256:0da0241b9ce652df77f7b9ee40a713f7bfa93e3c62207c28e290da3d1c9a3f86"",""context"":{""source"":""sim"",""regime_id"":""sim-r0"",""region"":""synthetic-local"",""as_of_utc"":""2026-10-05T00:00:20.250Z""},""config"":{""route"":""beam_quic"",""tip_lamports"":""200000"",""cu_price_micro_lamports"":""5000"",""cu_limit"":25000,""fee_bucket"":""local_p90"",""tip_tier"":""x2"",""size_class"":""small""},""horizon_slots"":1,""half_life_s"":3600.0,""alpha"":2.995960809124416,""beta"":1.0,""p_hat"":0.7497472953897371,""p_interval_95"":[0.2919174324980499,0.9915849590961536],""n_effective"":1.995960809124416,""assignments"":2,""resolved"":2,""unresolved"":0,""unresolved_share"":0.0,""data_age_s"":9.0,""observation_window"":[""2026-10-05T00:00:08.250+00:00"",""2026-10-05T00:00:11.250+00:00""],""evidence"":""INSUFFICIENT"",""samples_needed"":29,""insufficient_reasons"":[""discounted_sample_mass_below_30""]}"
sim,sha256:d966a179555d921339c4a6b0ef38c10a657b5cbe42c3e83e3dd4fd13d760d322,2026-10-05T00:00:20.250Z,synthetic-local,sim-r0,beam_http,small,4,0.9965402628278679,INSUFFICIENT,"{""contract_version"":1,""estimator"":""m0-decayed-beta-v1"",""methodology_hash"":""sha256:0da0241b9ce652df77f7b9ee40a713f7bfa93e3c62207c28e290da3d1c9a3f86"",""context"":{""source"":""sim"",""regime_id"":""sim-r0"",""region"":""synthetic-local"",""as_of_utc"":""2026-10-05T00:00:20.250Z""},""config"":{""route"":""beam_http"",""tip_lamports"":""1000000"",""cu_price_micro_lamports"":""5000"",""cu_limit"":25000,""fee_bucket"":""local_p90"",""tip_tier"":""x10"",""size_class"":""small""},""horizon_slots"":4,""half_life_s"":3600.0,""alpha"":1.996540262827868,""beta"":1.0,""p_hat"":0.6662818075882321,""p_interval_95"":[0.15760933133241872,0.9873992228949395],""n_effective"":0.9965402628278679,""assignments"":1,""resolved"":1,""unresolved"":0,""unresolved_share"":0.0,""data_age_s"":18.0,""observation_window"":[""2026-10-05T00:00:02.250+00:00"",""2026-10-05T00:00:02.250+00:00""],""evidence"":""INSUFFICIENT"",""samples_needed"":30,""insufficient_reasons"":[""discounted_sample_mass_below_30""]}"
sim,sha256:d97dc9673a5e04b29b1af53b68b7a4c06e35198f06c137d0beb691fcbc21c3aa,2026-10-05T00:00:20.250Z,synthetic-local,sim-r0,beam_http,large,2,0.9998556047633791,INSUFFICIENT,"{""contract_version"":1,""estimator"":""m0-decayed-beta-v1"",""methodology_hash"":""sha256:0da0241b9ce652df77f7b9ee40a713f7bfa93e3c62207c28e290da3d1c9a3f86"",""context"":{""source"":""sim"",""regime_id"":""sim-r0"",""region"":""synthetic-local"",""as_of_utc"":""2026-10-05T00:00:20.250Z""},""config"":{""route"":""beam_http"",""tip_lamports"":""1000000"",""cu_price_micro_lamports"":""1000"",""cu_limit"":300000,""fee_bucket"":""local_median"",""tip_tier"":""x10"",""size_class"":""large""},""horizon_slots"":2,""half_life_s"":3600.0,""alpha"":1.999855604763379,""beta"":1.0,""p_hat"":0.6666506219792278,""p_interval_95"":[0.15809282778852407,0.987419980395702],""n_effective"":0.9998556047633791,""assignments"":1,""resolved"":1,""unresolved"":0,""unresolved_share"":0.0,""data_age_s"":0.75,""observation_window"":[""2026-10-05T00:00:19.500+00:00"",""2026-10-05T00:00:19.500+00:00""],""evidence"":""INSUFFICIENT"",""samples_needed"":30,""insufficient_reasons"":[""discounted_sample_mass_below_30""]}"
sim,sha256:da892839eec40230139d7f3acd4d08cb33e93a57a2eea1e2c5a0b4b6c70e6df4,2026-10-05T00:00:20.250Z,synthetic-local,sim-r0,rpc,large,1,0.9981244873619772,INSUFFICIENT,"{""contract_version"":1,""estimator"":""m0-decayed-beta-v1"",""methodology_hash"":""sha256:0da0241b9ce652df77f7b9ee40a713f7bfa93e3c62207c28e290da3d1c9a3f86"",""context"":{""source"":""sim"",""regime_id"":""sim-r0"",""region"":""synthetic-local"",""as_of_utc"":""2026-10-05T00:00:20.250Z""},""config"":{""route"":""rpc"",""tip_lamports"":""0"",""cu_price_micro_lamports"":""0"",""cu_limit"":300000,""fee_bucket"":""zero"",""tip_tier"":""none"",""size_class"":""large""},""horizon_slots"":1,""half_life_s"":3600.0,""alpha"":1.9981244873619775,""beta"":1.0,""p_hat"":0.6664581460125124,""p_interval_95"":[0.1578403838204872,0.9874091503329947],""n_effective"":0.9981244873619772,""assignments"":1,""resolved"":1,""unresolved"":0,""unresolved_share"":0.0,""data_age_s"":9.75,""observation_window"":[""2026-10-05T00:00:10.500+00:00"",""2026-10-05T00:00:10.500+00:00""],""evidence"":""INSUFFICIENT"",""samples_needed"":30,""insufficient_reasons"":[""discounted_sample_mass_below_30""]}"
sim,sha256:daae2262e4660d005ca238c5796f205af9833f34af241468f5cbfcfbdd56c96e,2026-10-05T00:00:20.250Z,synthetic-local,sim-r0,beam_quic,large,4,0.997644153549551,INSUFFICIENT,"{""contract_version"":1,""estimator"":""m0-decayed-beta-v1"",""methodology_hash"":""sha256:0da0241b9ce652df77f7b9ee40a713f7bfa93e3c62207c28e290da3d1c9a3f86"",""context"":{""source"":""sim"",""regime_id"":""sim-r0"",""region"":""synthetic-local"",""as_of_utc"":""2026-10-05T00:00:20.250Z""},""config"":{""route"":""beam_quic"",""tip_lamports"":""1000000"",""cu_price_micro_lamports"":""1000"",""cu_limit"":300000,""fee_bucket"":""local_median"",""tip_tier"":""x10"",""size_class"":""large""},""horizon_slots"":4,""half_life_s"":3600.0,""alpha"":1.9976441535495513,""beta"":1.0,""p_hat"":0.6664047002323854,""p_interval_95"":[0.15777033211879588,0.9874061420057547],""n_effective"":0.997644153549551,""assignments"":1,""resolved"":1,""unresolved"":0,""unresolved_share"":0.0,""data_age_s"":12.25,""observation_window"":[""2026-10-05T00:00:08+00:00"",""2026-10-05T00:00:08+00:00""],""evidence"":""INSUFFICIENT"",""samples_needed"":30,""insufficient_reasons"":[""discounted_sample_mass_below_30""]}"
sim,sha256:dad2951f9dadebb7dbc6aeeae145256761aa606810063dd285eaca828749eb63,2026-10-05T00:00:20.250Z,synthetic-local,sim-r0,beam_http,large,2,0.9980284021018226,INSUFFICIENT,"{""contract_version"":1,""estimator"":""m0-decayed-beta-v1"",""methodology_hash"":""sha256:0da0241b9ce652df77f7b9ee40a713f7bfa93e3c62207c28e290da3d1c9a3f86"",""context"":{""source"":""sim"",""regime_id"":""sim-r0"",""region"":""synthetic-local"",""as_of_utc"":""2026-10-05T00:00:20.250Z""},""config"":{""route"":""beam_http"",""tip_lamports"":""1000000"",""cu_price_micro_lamports"":""5000"",""cu_limit"":300000,""fee_bucket"":""local_p90"",""tip_tier"":""x10"",""size_class"":""large""},""horizon_slots"":2,""half_life_s"":3600.0,""alpha"":1.9980284021018226,""beta"":1.0,""p_hat"":0.6664474561685501,""p_interval_95"":[0.15782637098950258,0.9874085486666937],""n_effective"":0.9980284021018226,""assignments"":1,""resolved"":1,""unresolved"":0,""unresolved_share"":0.0,""data_age_s"":10.25,""observation_window"":[""2026-10-05T00:00:10+00:00"",""2026-10-05T00:00:10+00:00""],""evidence"":""INSUFFICIENT"",""samples_needed"":30,""insufficient_reasons"":[""discounted_sample_mass_below_30""]}"
sim,sha256:dca140e46136763e76b302c892e07d0a4ee731cd55c3d1e66a69ae55d68a5292,2026-10-05T00:00:20.250Z,synthetic-local,sim-r0,beam_quic,medium,2,1.9957709506972923,INSUFFICIENT,"{""contract_version"":1,""estimator"":""m0-decayed-beta-v1"",""methodology_hash"":""sha256:0da0241b9ce652df77f7b9ee40a713f7bfa93e3c62207c28e290da3d1c9a3f86"",""context"":{""source"":""sim"",""regime_id"":""sim-r0"",""region"":""synthetic-local"",""as_of_utc"":""2026-10-05T00:00:20.250Z""},""config"":{""route"":""beam_quic"",""tip_lamports"":""1000000"",""cu_price_micro_lamports"":""0"",""cu_limit"":100000,""fee_bucket"":""zero"",""tip_tier"":""x10"",""size_class"":""medium""},""horizon_slots"":2,""half_life_s"":3600.0,""alpha"":2.9957709506972923,""beta"":1.0,""p_hat"":0.7497354046719088,""p_interval_95"":[0.2918946541253278,0.991584428039247],""n_effective"":1.9957709506972923,""assignments"":2,""resolved"":2,""unresolved"":0,""unresolved_share"":0.0,""data_age_s"":3.0,""observation_window"":[""2026-10-05T00:00:01.250+00:00"",""2026-10-05T00:00:17.250+00:00""],""evidence"":""INSUFFICIENT"",""samples_needed"":29,""insufficient_reasons"":[""discounted_sample_mass_below_30""]}"
sim,sha256:dd03c2852a95e7ba6a8683501800591e9fff15ea378d77a5a6f57c3ba596a7fd,2026-10-05T00:00:20.250Z,synthetic-local,sim-r0,beam_http,medium,2,0.9997593528558091,INSUFFICIENT,"{""contract_version"":1,""estimator"":""m0-decayed-beta-v1"",""methodology_hash"":""sha256:0da0241b9ce652df77f7b9ee40a713f7bfa93e3c62207c28e290da3d1c9a3f86"",""context"":{""source"":""sim"",""regime_id"":""sim-r0"",""region"":""synthetic-local"",""as_of_utc"":""2026-10-05T00:00:20.250Z""},""config"":{""route"":""beam_http"",""tip_lamports"":""200000"",""cu_price_micro_lamports"":""0"",""cu_limit"":100000,""fee_bucket"":""zero"",""tip_tier"":""x2"",""size_class"":""medium""},""horizon_slots"":2,""half_life_s"":3600.0,""alpha"":1.0,""beta"":1.999759352855809,""p_hat"":0.3333600740499358,""p_interval_95"":[0.012580621277750281,0.8419212074669316],""n_effective"":0.9997593528558091,""assignments"":1,""resolved"":1,""unresolved"":0,""unresolved_share"":0.0,""data_age_s"":1.25,""observation_window"":[""2026-10-05T00:00:19+00:00"",""2026-10-05T00:00:19+00:00""],""evidence"":""INSUFFICIENT"",""samples_needed"":30,""insufficient_reasons"":[""discounted_sample_mass_below_30""]}"
sim,sha256:dd48f4c08bc076d30749479568fc057a4ec4b387f132d715a204b7d088416136,2026-10-05T00:00:20.250Z,synthetic-local,sim-r0,rpc,large,4,1.997258479535922,INSUFFICIENT,"{""contract_version"":1,""estimator"":""m0-decayed-beta-v1"",""methodology_hash"":""sha256:0da0241b9ce652df77f7b9ee40a713f7bfa93e3c62207c28e290da3d1c9a3f86"",""context"":{""source"":""sim"",""regime_id"":""sim-r0"",""region"":""synthetic-local"",""as_of_utc"":""2026-10-05T00:00:20.250Z""},""config"":{""route"":""rpc"",""tip_lamports"":""0"",""cu_price_micro_lamports"":""5000"",""cu_limit"":300000,""fee_bucket"":""local_p90"",""tip_tier"":""none"",""size_class"":""large""},""horizon_slots"":4,""half_life_s"":3600.0,""alpha"":2.997258479535922,""beta"":1.0,""p_hat"":0.7498285374539755,""p_interval_95"":[0.2920730915333477,0.9915885870429004],""n_effective"":1.997258479535922,""assignments"":2,""resolved"":2,""unresolved"":0,""unresolved_share"":0.0,""data_age_s"":4.25,""observation_window"":[""2026-10-05T00:00:10.250+00:00"",""2026-10-05T00:00:16+00:00""],""evidence"":""INSUFFICIENT"",""samples_needed"":29,""insufficient_reasons"":[""discounted_sample_mass_below_30""]}"
sim,sha256:df1982e56a8a89e3cd78056d25ba407e8a6b323257b3d1ed5b71a080a829b1ec,2026-10-05T00:00:20.250Z,synthetic-local,sim-r0,beam_http,medium,1,1.997499459793778,INSUFFICIENT,"{""contract_version"":1,""estimator"":""m0-decayed-beta-v1"",""methodology_hash"":""sha256:0da0241b9ce652df77f7b9ee40a713f7bfa93e3c62207c28e290da3d1c9a3f86"",""context"":{""source"":""sim"",""regime_id"":""sim-r0"",""region"":""synthetic-local"",""as_of_utc"":""2026-10-05T00:00:20.250Z""},""config"":{""route"":""beam_http"",""tip_lamports"":""500000"",""cu_price_micro_lamports"":""1000"",""cu_limit"":100000,""fee_bucket"":""local_median"",""tip_tier"":""x5"",""size_class"":""medium""},""horizon_slots"":1,""half_life_s"":3600.0,""alpha"":1.9977882294170355,""beta"":1.9997112303767426,""p_hat"":0.4997594745191277,""p_interval_95"":[0.09409013500014671,0.9056464044799835],""n_effective"":1.997499459793778,""assignments"":2,""resolved"":2,""unresolved"":0,""unresolved_share"":0.0,""data_age_s"":1.5,""observation_window"":[""2026-10-05T00:00:08.750+00:00"",""2026-10-05T00:00:18.750+00:00""],""evidence"":""INSUFFICIENT"",""samples_needed"":29,""insufficient_reasons"":[""discounted_sample_mass_below_30""]}"
sim,sha256:e15271e7088bd80886082f7488cbbea565fcc22d63bcaed50a0b3a7380da4419,2026-10-05T00:00:20.250Z,synthetic-local,sim-r0,beam_http,medium,1,0.9972600529359053,INSUFFICIENT,"{""contract_version"":1,""estimator"":""m0-decayed-beta-v1"",""methodology_hash"":""sha256:0da0241b9ce652df77f7b9ee40a713f7bfa93e3c62207c28e290da3d1c9a3f86"",""context"":{""source"":""sim"",""regime_id"":""sim-r0"",""region"":""synthetic-local"",""as_of_utc"":""2026-10-05T00:00:20.250Z""},""config"":{""route"":""beam_http"",""tip_lamports"":""100000"",""cu_price_micro_lamports"":""0"",""cu_limit"":100000,""fee_bucket"":""zero"",""tip_tier"":""x1"",""size_class"":""medium""},""horizon_slots"":1,""half_life_s"":3600.0,""alpha"":1.9972600529359053,""beta"":1.0,""p_hat"":0.6663619498012959,""p_interval_95"":[0.15771431317105478,0.9874037353517748],""n_effective"":0.9972600529359053,""assignments"":1,""resolved"":1,""unresolved"":0,""unresolved_share"":0.0,""data_age_s"":14.25,""observation_window"":[""2026-10-05T00:00:06+00:00"",""2026-10-05T00:00:06+00:00""],""evidence"":""INSUFFICIENT"",""samples_needed"":30,""insufficient_reasons"":[""discounted_sample_mass_below_30""]}"
sim,sha256:e20abc4fa32571500bb0b7d095d39f4333688351cea2d1049d0668117f26f4c4,2026-10-05T00:00:20.250Z,synthetic-local,sim-r0,beam_http,large,1,0.9993744378742861,INSUFFICIENT,"{""contract_version"":1,""estimator"":""m0-decayed-beta-v1"",""methodology_hash"":""sha256:0da0241b9ce652df77f7b9ee40a713f7bfa93e3c62207c28e290da3d1c9a3f86"",""context"":{""source"":""sim"",""regime_id"":""sim-r0"",""region"":""synthetic-local"",""as_of_utc"":""2026-10-05T00:00:20.250Z""},""config"":{""route"":""beam_http"",""tip_lamports"":""100000"",""cu_price_micro_lamports"":""5000"",""cu_limit"":300000,""fee_bucket"":""local_p90"",""tip_tier"":""x1"",""size_class"":""large""},""horizon_slots"":1,""half_life_s"":3600.0,""alpha"":1.9993744378742861,""beta"":1.0,""p_hat"":0.6665971452671581,""p_interval_95"":[0.15802266397271242,0.9874169720322041],""n_effective"":0.9993744378742861,""assignments"":1,""resolved"":1,""unresolved"":0,""unresolved_share"":0.0,""data_age_s"":3.25,""observation_window"":[""2026-10-05T00:00:17+00:00"",""2026-10-05T00:00:17+00:00""],""evidence"":""INSUFFICIENT"",""samples_needed"":30,""insufficient_reasons"":[""discounted_sample_mass_below_30""]}"
sim,sha256:e2f9c28c6b8e2e14a5e4794a9efbe174ed46d610749c36baac13ebfe3fa2b561,2026-10-05T00:00:20.250Z,synthetic-local,sim-r0,beam_http,medium,4,0.9972600529359053,INSUFFICIENT,"{""contract_version"":1,""estimator"":""m0-decayed-beta-v1"",""methodology_hash"":""sha256:0da0241b9ce652df77f7b9ee40a713f7bfa93e3c62207c28e290da3d1c9a3f86"",""context"":{""source"":""sim"",""regime_id"":""sim-r0"",""region"":""synthetic-local"",""as_of_utc"":""2026-10-05T00:00:20.250Z""},""config"":{""route"":""beam_http"",""tip_lamports"":""100000"",""cu_price_micro_lamports"":""0"",""cu_limit"":100000,""fee_bucket"":""zero"",""tip_tier"":""x1"",""size_class"":""medium""},""horizon_slots"":4,""half_life_s"":3600.0,""alpha"":1.9972600529359053,""beta"":1.0,""p_hat"":0.6663619498012959,""p_interval_95"":[0.15771431317105478,0.9874037353517748],""n_effective"":0.9972600529359053,""assignments"":1,""resolved"":1,""unresolved"":0,""unresolved_share"":0.0,""data_age_s"":14.25,""observation_window"":[""2026-10-05T00:00:06+00:00"",""2026-10-05T00:00:06+00:00""],""evidence"":""INSUFFICIENT"",""samples_needed"":30,""insufficient_reasons"":[""discounted_sample_mass_below_30""]}"
sim,sha256:e6e41fbec20ef097367ae8ab1e714a1163a4b01d657ecc9d92fa84ec0eadc886,2026-10-05T00:00:20.250Z,synthetic-local,sim-r0,beam_quic,large,2,1.9954819663846504,INSUFFICIENT,"{""contract_version"":1,""estimator"":""m0-decayed-beta-v1"",""methodology_hash"":""sha256:0da0241b9ce652df77f7b9ee40a713f7bfa93e3c62207c28e290da3d1c9a3f86"",""context"":{""source"":""sim"",""regime_id"":""sim-r0"",""region"":""synthetic-local"",""as_of_utc"":""2026-10-05T00:00:20.250Z""},""config"":{""route"":""beam_quic"",""tip_lamports"":""200000"",""cu_price_micro_lamports"":""0"",""cu_limit"":300000,""fee_bucket"":""zero"",""tip_tier"":""x2"",""size_class"":""large""},""horizon_slots"":2,""half_life_s"":3600.0,""alpha"":2.9954819663846504,""beta"":1.0,""p_hat"":0.749717303591071,""p_interval_95"":[0.29185998093826426,0.991583619586621],""n_effective"":1.9954819663846504,""assignments"":2,""resolved"":2,""unresolved"":0,""unresolved_share"":0.0,""data_age_s"":5.25,""observation_window"":[""2026-10-05T00:00:02+00:00"",""2026-10-05T00:00:15+00:00""],""evidence"":""INSUFFICIENT"",""samples_needed"":29,""insufficient_reasons"":[""discounted_sample_mass_below_30""]}"
sim,sha256:ea96934bf72fb5385183f708e723694489095d000ca6ff2c20ddf348e1da9b8e,2026-10-05T00:00:20.250Z,synthetic-local,sim-r0,beam_quic,small,4,1.995960809124416,INSUFFICIENT,"{""contract_version"":1,""estimator"":""m0-decayed-beta-v1"",""methodology_hash"":""sha256:0da0241b9ce652df77f7b9ee40a713f7bfa93e3c62207c28e290da3d1c9a3f86"",""context"":{""source"":""sim"",""regime_id"":""sim-r0"",""region"":""synthetic-local"",""as_of_utc"":""2026-10-05T00:00:20.250Z""},""config"":{""route"":""beam_quic"",""tip_lamports"":""200000"",""cu_price_micro_lamports"":""5000"",""cu_limit"":25000,""fee_bucket"":""local_p90"",""tip_tier"":""x2"",""size_class"":""small""},""horizon_slots"":4,""half_life_s"":3600.0,""alpha"":2.995960809124416,""beta"":1.0,""p_hat"":0.7497472953897371,""p_interval_95"":[0.2919174324980499,0.9915849590961536],""n_effective"":1.995960809124416,""assignments"":2,""resolved"":2,""unresolved"":0,""unresolved_share"":0.0,""data_age_s"":9.0,""observation_window"":[""2026-10-05T00:00:08.250+00:00"",""2026-10-05T00:00:11.250+00:00""],""evidence"":""INSUFFICIENT"",""samples_needed"":29,""insufficient_reasons"":[""discounted_sample_mass_below_30""]}"
sim,sha256:ebd5dd7b6ceb048bff10ffe26f3ed69361bf377cd328aa257160c75ef477e41e,2026-10-05T00:00:20.250Z,synthetic-local,sim-r0,beam_quic,large,1,1.994376268004391,INSUFFICIENT,"{""contract_version"":1,""estimator"":""m0-decayed-beta-v1"",""methodology_hash"":""sha256:0da0241b9ce652df77f7b9ee40a713f7bfa93e3c62207c28e290da3d1c9a3f86"",""context"":{""source"":""sim"",""regime_id"":""sim-r0"",""region"":""synthetic-local"",""as_of_utc"":""2026-10-05T00:00:20.250Z""},""config"":{""route"":""beam_quic"",""tip_lamports"":""500000"",""cu_price_micro_lamports"":""1000"",""cu_limit"":300000,""fee_bucket"":""local_median"",""tip_tier"":""x5"",""size_class"":""large""},""horizon_slots"":1,""half_life_s"":3600.0,""alpha"":1.9967801351207708,""beta"":1.9975961328836203,""p_hat"":0.4998978566729697,""p_interval_95"":[0.09406906196933146,0.9058191191152163],""n_effective"":1.994376268004391,""assignments"":2,""resolved"":2,""unresolved"":0,""unresolved_share"":0.0,""data_age_s"":12.5,""observation_window"":[""2026-10-05T00:00:03.500+00:00"",""2026-10-05T00:00:07.750+00:00""],""evidence"":""INSUFFICIENT"",""samples_needed"":29,""insufficient_reasons"":[""discounted_sample_mass_below_30""]}"
sim,sha256:ece9766eb39f9c10a422aa267640cbc2089b8832cc21bea9c21b941ce1531c06,2026-10-05T00:00:20.250Z,synthetic-local,sim-r0,beam_http,small,2,0.9974040733330809,INSUFFICIENT,"{""contract_version"":1,""estimator"":""m0-decayed-beta-v1"",""methodology_hash"":""sha256:0da0241b9ce652df77f7b9ee40a713f7bfa93e3c62207c28e290da3d1c9a3f86"",""context"":{""source"":""sim"",""regime_id"":""sim-r0"",""region"":""synthetic-local"",""as_of_utc"":""2026-10-05T00:00:20.250Z""},""config"":{""route"":""beam_http"",""tip_lamports"":""500000"",""cu_price_micro_lamports"":""0"",""cu_limit"":25000,""fee_bucket"":""zero"",""tip_tier"":""x5"",""size_class"":""small""},""horizon_slots"":2,""half_life_s"":3600.0,""alpha"":1.997404073333081,""beta"":1.0,""p_hat"":0.6663779805676947,""p_interval_95"":[0.15773531794192164,0.9874046378461905],""n_effective"":0.9974040733330809,""assignments"":1,""resolved"":1,""unresolved"":0,""unresolved_share"":0.0,""data_age_s"":13.5,""observation_window"":[""2026-10-05T00:00:06.750+00:00"",""2026-10-05T00:00:06.750+00:00""],""evidence"":""INSUFFICIENT"",""samples_needed"":30,""insufficient_reasons"":[""discounted_sample_mass_below_30""]}"
sim,sha256:eda39e305a8d849e5e56a4bc2c13e8df6ea3c22c370798f0809dc26e87f57f46,2026-10-05T00:00:20.250Z,synthetic-local,sim-r0,beam_http,large,2,0.9968761002039273,INSUFFICIENT,"{""contract_version"":1,""estimator"":""m0-decayed-beta-v1"",""methodology_hash"":""sha256:0da0241b9ce652df77f7b9ee40a713f7bfa93e3c62207c28e290da3d1c9a3f86"",""context"":{""source"":""sim"",""regime_id"":""sim-r0"",""region"":""synthetic-local"",""as_of_utc"":""2026-10-05T00:00:20.250Z""},""config"":{""route"":""beam_http"",""tip_lamports"":""100000"",""cu_price_micro_lamports"":""1000"",""cu_limit"":300000,""fee_bucket"":""local_median"",""tip_tier"":""x1"",""size_class"":""large""},""horizon_slots"":2,""half_life_s"":3600.0,""alpha"":1.9968761002039273,""beta"":1.0,""p_hat"":0.6663192048773877,""p_interval_95"":[0.1576583141433388,0.9874013287049321],""n_effective"":0.9968761002039273,""assignments"":1,""resolved"":1,""unresolved"":0,""unresolved_share"":0.0,""data_age_s"":16.25,""observation_window"":[""2026-10-05T00:00:04+00:00"",""2026-10-05T00:00:04+00:00""],""evidence"":""INSUFFICIENT"",""samples_needed"":30,""insufficient_reasons"":[""discounted_sample_mass_below_30""]}"
sim,sha256:eedd935c0c58506f371cfaf3a723f1435623f55e1d78c2b60cb2fb0ad432ea7e,2026-10-05T00:00:20.250Z,synthetic-local,sim-r0,rpc,large,1,0.998749267076545,INSUFFICIENT,"{""contract_version"":1,""estimator"":""m0-decayed-beta-v1"",""methodology_hash"":""sha256:0da0241b9ce652df77f7b9ee40a713f7bfa93e3c62207c28e290da3d1c9a3f86"",""context"":{""source"":""sim"",""regime_id"":""sim-r0"",""region"":""synthetic-local"",""as_of_utc"":""2026-10-05T00:00:20.250Z""},""config"":{""route"":""rpc"",""tip_lamports"":""0"",""cu_price_micro_lamports"":""1000"",""cu_limit"":300000,""fee_bucket"":""local_median"",""tip_tier"":""none"",""size_class"":""large""},""horizon_slots"":1,""half_life_s"":3600.0,""alpha"":1.0,""beta"":1.9987492670765452,""p_hat"":0.33347236162058036,""p_interval_95"":[0.012586938825911064,0.8420685024190786],""n_effective"":0.998749267076545,""assignments"":1,""resolved"":1,""unresolved"":0,""unresolved_share"":0.0,""data_age_s"":6.5,""observation_window"":[""2026-10-05T00:00:13.750+00:00"",""2026-10-05T00:00:13.750+00:00""],""evidence"":""INSUFFICIENT"",""samples_needed"":30,""insufficient_reasons"":[""discounted_sample_mass_below_30""]}"
sim,sha256:f2170d1999250c649121c74e27cf6bc0308c76aeb94876682a4cbf066e295574,2026-10-05T00:00:20.250Z,synthetic-local,sim-r0,beam_http,medium,1,0.996300448259547,INSUFFICIENT,"{""contract_version"":1,""estimator"":""m0-decayed-beta-v1"",""methodology_hash"":""sha256:0da0241b9ce652df77f7b9ee40a713f7bfa93e3c62207c28e290da3d1c9a3f86"",""context"":{""source"":""sim"",""regime_id"":""sim-r0"",""region"":""synthetic-local"",""as_of_utc"":""2026-10-05T00:00:20.250Z""},""config"":{""route"":""beam_http"",""tip_lamports"":""1000000"",""cu_price_micro_lamports"":""0"",""cu_limit"":100000,""fee_bucket"":""zero"",""tip_tier"":""x10"",""size_class"":""medium""},""horizon_slots"":1,""half_life_s"":3600.0,""alpha"":1.996300448259547,""beta"":1.0,""p_hat"":0.6662550978220935,""p_interval_95"":[0.1575743529453711,0.9873977187484404],""n_effective"":0.996300448259547,""assignments"":1,""resolved"":1,""unresolved"":0,""unresolved_share"":0.0,""data_age_s"":19.25,""observation_window"":[""2026-10-05T00:00:01+00:00"",""2026-10-05T00:00:01+00:00""],""evidence"":""INSUFFICIENT"",""samples_needed"":30,""insufficient_reasons"":[""discounted_sample_mass_below_30""]}"
sim,sha256:f393035fe4b59159b53a70642b9f54f7bc0d3278f014e7a9cfa4c3544e2d31b0,2026-10-05T00:00:20.250Z,synthetic-local,sim-r0,beam_quic,small,2,2.9917358781019665,INSUFFICIENT,"{""contract_version"":1,""estimator"":""m0-decayed-beta-v1"",""methodology_hash"":""sha256:0da0241b9ce652df77f7b9ee40a713f7bfa93e3c62207c28e290da3d1c9a3f86"",""context"":{""source"":""sim"",""regime_id"":""sim-r0"",""region"":""synthetic-local"",""as_of_utc"":""2026-10-05T00:00:20.250Z""},""config"":{""route"":""beam_quic"",""tip_lamports"":""100000"",""cu_price_micro_lamports"":""1000"",""cu_limit"":25000,""fee_bucket"":""local_median"",""tip_tier"":""x1"",""size_class"":""small""},""horizon_slots"":2,""half_life_s"":3600.0,""alpha"":3.991735878101967,""beta"":1.0,""p_hat"":0.7996688878538513,""p_interval_95"":[0.39687689184251174,0.9936775156404702],""n_effective"":2.9917358781019665,""assignments"":3,""resolved"":3,""unresolved"":0,""unresolved_share"":0.0,""data_age_s"":2.75,""observation_window"":[""2026-10-05T00:00:00+00:00"",""2026-10-05T00:00:17.500+00:00""],""evidence"":""INSUFFICIENT"",""samples_needed"":28,""insufficient_reasons"":[""discounted_sample_mass_below_30""]}"
sim,sha256:f489d103e3faa7b8cc8720110aae4783344138bb15674f4f11a3f6496c429252,2026-10-05T00:00:20.250Z,synthetic-local,sim-r0,beam_http,small,2,0.9973080574241644,INSUFFICIENT,"{""contract_version"":1,""estimator"":""m0-decayed-beta-v1"",""methodology_hash"":""sha256:0da0241b9ce652df77f7b9ee40a713f7bfa93e3c62207c28e290da3d1c9a3f86"",""context"":{""source"":""sim"",""regime_id"":""sim-r0"",""region"":""synthetic-local"",""as_of_utc"":""2026-10-05T00:00:20.250Z""},""config"":{""route"":""beam_http"",""tip_lamports"":""500000"",""cu_price_micro_lamports"":""5000"",""cu_limit"":25000,""fee_bucket"":""local_p90"",""tip_tier"":""x5"",""size_class"":""small""},""horizon_slots"":2,""half_life_s"":3600.0,""alpha"":1.9973080574241644,""beta"":1.0,""p_hat"":0.6663672933040513,""p_interval_95"":[0.1577213144500857,0.9874040361831355],""n_effective"":0.9973080574241644,""assignments"":1,""resolved"":1,""unresolved"":0,""unresolved_share"":0.0,""data_age_s"":14.0,""observation_window"":[""2026-10-05T00:00:06.250+00:00"",""2026-10-05T00:00:06.250+00:00""],""evidence"":""INSUFFICIENT"",""samples_needed"":30,""insufficient_reasons"":[""discounted_sample_mass_below_30""]}"
sim,sha256:f49db8999cce62abb883b13c305847187aa9ec55f21f503ad6940f0049c315b5,2026-10-05T00:00:20.250Z,synthetic-local,sim-r0,beam_http,large,4,0.9980284021018226,INSUFFICIENT,"{""contract_version"":1,""estimator"":""m0-decayed-beta-v1"",""methodology_hash"":""sha256:0da0241b9ce652df77f7b9ee40a713f7bfa93e3c62207c28e290da3d1c9a3f86"",""context"":{""source"":""sim"",""regime_id"":""sim-r0"",""region"":""synthetic-local"",""as_of_utc"":""2026-10-05T00:00:20.250Z""},""config"":{""route"":""beam_http"",""tip_lamports"":""1000000"",""cu_price_micro_lamports"":""5000"",""cu_limit"":300000,""fee_bucket"":""local_p90"",""tip_tier"":""x10"",""size_class"":""large""},""horizon_slots"":4,""half_life_s"":3600.0,""alpha"":1.9980284021018226,""beta"":1.0,""p_hat"":0.6664474561685501,""p_interval_95"":[0.15782637098950258,0.9874085486666937],""n_effective"":0.9980284021018226,""assignments"":1,""resolved"":1,""unresolved"":0,""unresolved_share"":0.0,""data_age_s"":10.25,""observation_window"":[""2026-10-05T00:00:10+00:00"",""2026-10-05T00:00:10+00:00""],""evidence"":""INSUFFICIENT"",""samples_needed"":30,""insufficient_reasons"":[""discounted_sample_mass_below_30""]}"
sim,sha256:f5c4341483a42ff89d6eb3e5be3117c54c3dfc13efcfa8a7b1a7ef0468fa1444,2026-10-05T00:00:20.250Z,synthetic-local,sim-r0,beam_http,medium,1,0.9966841792757704,INSUFFICIENT,"{""contract_version"":1,""estimator"":""m0-decayed-beta-v1"",""methodology_hash"":""sha256:0da0241b9ce652df77f7b9ee40a713f7bfa93e3c62207c28e290da3d1c9a3f86"",""context"":{""source"":""sim"",""regime_id"":""sim-r0"",""region"":""synthetic-local"",""as_of_utc"":""2026-10-05T00:00:20.250Z""},""config"":{""route"":""beam_http"",""tip_lamports"":""500000"",""cu_price_micro_lamports"":""5000"",""cu_limit"":100000,""fee_bucket"":""local_p90"",""tip_tier"":""x5"",""size_class"":""medium""},""horizon_slots"":1,""half_life_s"":3600.0,""alpha"":1.0,""beta"":1.9966841792757706,""p_hat"":0.33370216551871573,""p_interval_95"":[0.012599874615757088,0.8423696779014294],""n_effective"":0.9966841792757704,""assignments"":1,""resolved"":1,""unresolved"":0,""unresolved_share"":0.0,""data_age_s"":17.25,""observation_window"":[""2026-10-05T00:00:03+00:00"",""2026-10-05T00:00:03+00:00""],""evidence"":""INSUFFICIENT"",""samples_needed"":30,""insufficient_reasons"":[""discounted_sample_mass_below_30""]}"
sim,sha256:f6d3526593f9772e37f5242f73264d68ec1a2eaf42afc85b97249ba8a4bd5076,2026-10-05T00:00:20.250Z,synthetic-local,sim-r0,rpc,small,1,0.9970680580882667,INSUFFICIENT,"{""contract_version"":1,""estimator"":""m0-decayed-beta-v1"",""methodology_hash"":""sha256:0da0241b9ce652df77f7b9ee40a713f7bfa93e3c62207c28e290da3d1c9a3f86"",""context"":{""source"":""sim"",""regime_id"":""sim-r0"",""region"":""synthetic-local"",""as_of_utc"":""2026-10-05T00:00:20.250Z""},""config"":{""route"":""rpc"",""tip_lamports"":""0"",""cu_price_micro_lamports"":""0"",""cu_limit"":25000,""fee_bucket"":""zero"",""tip_tier"":""none"",""size_class"":""small""},""horizon_slots"":1,""half_life_s"":3600.0,""alpha"":1.0,""beta"":1.9970680580882667,""p_hat"":0.3336594233491874,""p_interval_95"":[0.012597467972549885,0.8423136888326219],""n_effective"":0.9970680580882667,""assignments"":1,""resolved"":1,""unresolved"":0,""unresolved_share"":0.0,""data_age_s"":15.25,""observation_window"":[""2026-10-05T00:00:05+00:00"",""2026-10-05T00:00:05+00:00""],""evidence"":""INSUFFICIENT"",""samples_needed"":30,""insufficient_reasons"":[""discounted_sample_mass_below_30""]}"
sim,sha256:f6e7a7e147bc52ca96673c6ebb8fd956f8dc7d790cf40c62c4858a2d0f490828,2026-10-05T00:00:20.250Z,synthetic-local,sim-r0,beam_quic,medium,4,0.9975481145291187,INSUFFICIENT,"{""contract_version"":1,""estimator"":""m0-decayed-beta-v1"",""methodology_hash"":""sha256:0da0241b9ce652df77f7b9ee40a713f7bfa93e3c62207c28e290da3d1c9a3f86"",""context"":{""source"":""sim"",""regime_id"":""sim-r0"",""region"":""synthetic-local"",""as_of_utc"":""2026-10-05T00:00:20.250Z""},""config"":{""route"":""beam_quic"",""tip_lamports"":""500000"",""cu_price_micro_lamports"":""5000"",""cu_limit"":100000,""fee_bucket"":""local_p90"",""tip_tier"":""x5"",""size_class"":""medium""},""horizon_slots"":4,""half_life_s"":3600.0,""alpha"":1.997548114529119,""beta"":1.0,""p_hat"":0.66639401210843,""p_interval_95"":[0.15775632551419733,0.9874055403416004],""n_effective"":0.9975481145291187,""assignments"":1,""resolved"":1,""unresolved"":0,""unresolved_share"":0.0,""data_age_s"":12.75,""observation_window"":[""2026-10-05T00:00:07.500+00:00"",""2026-10-05T00:00:07.500+00:00""],""evidence"":""INSUFFICIENT"",""samples_needed"":30,""insufficient_reasons"":[""discounted_sample_mass_below_30""]}"
sim,sha256:f6ff02b1bfcb9d3bbd4e5d4cee8723279073bcc851f066945da6efd11e2be6b9,2026-10-05T00:00:20.250Z,synthetic-local,sim-r0,beam_http,large,4,0.9972120507582973,INSUFFICIENT,"{""contract_version"":1,""estimator"":""m0-decayed-beta-v1"",""methodology_hash"":""sha256:0da0241b9ce652df77f7b9ee40a713f7bfa93e3c62207c28e290da3d1c9a3f86"",""context"":{""source"":""sim"",""regime_id"":""sim-r0"",""region"":""synthetic-local"",""as_of_utc"":""2026-10-05T00:00:20.250Z""},""config"":{""route"":""beam_http"",""tip_lamports"":""500000"",""cu_price_micro_lamports"":""1000"",""cu_limit"":300000,""fee_bucket"":""local_median"",""tip_tier"":""x5"",""size_class"":""large""},""horizon_slots"":4,""half_life_s"":3600.0,""alpha"":1.9972120507582973,""beta"":1.0,""p_hat"":0.6663566063845903,""p_interval_95"":[0.15770731220327427,0.9874034345205256],""n_effective"":0.9972120507582973,""assignments"":1,""resolved"":1,""unresolved"":0,""unresolved_share"":0.0,""data_age_s"":14.5,""observation_window"":[""2026-10-05T00:00:05.750+00:00"",""2026-10-05T00:00:05.750+00:00""],""evidence"":""INSUFFICIENT"",""samples_needed"":30,""insufficient_reasons"":[""discounted_sample_mass_below_30""]}"
sim,sha256:f876429794a4d22b5d4b020168425b0c07561252534e2330aa8a0552a63544bf,2026-10-05T00:00:20.250Z,synthetic-local,sim-r0,beam_quic,small,4,1.995769417776311,INSUFFICIENT,"{""contract_version"":1,""estimator"":""m0-decayed-beta-v1"",""methodology_hash"":""sha256:0da0241b9ce652df77f7b9ee40a713f7bfa93e3c62207c28e290da3d1c9a3f86"",""context"":{""source"":""sim"",""regime_id"":""sim-r0"",""region"":""synthetic-local"",""as_of_utc"":""2026-10-05T00:00:20.250Z""},""config"":{""route"":""beam_quic"",""tip_lamports"":""1000000"",""cu_price_micro_lamports"":""0"",""cu_limit"":25000,""fee_bucket"":""zero"",""tip_tier"":""x10"",""size_class"":""small""},""horizon_slots"":4,""half_life_s"":3600.0,""alpha"":2.995769417776311,""beta"":1.0,""p_hat"":0.7497353086614015,""p_interval_95"":[0.29189447020774584,0.9915844237512095],""n_effective"":1.995769417776311,""assignments"":2,""resolved"":2,""unresolved"":0,""unresolved_share"":0.0,""data_age_s"":6.25,""observation_window"":[""2026-10-05T00:00:04.500+00:00"",""2026-10-05T00:00:14+00:00""],""evidence"":""INSUFFICIENT"",""samples_needed"":29,""insufficient_reasons"":[""discounted_sample_mass_below_30""]}"
sim,sha256:f9f903f8d9645739e5f5f39506dfaba157358d543021b3b4232a1595a8c7af08,2026-10-05T00:00:20.250Z,synthetic-local,sim-r0,beam_http,medium,2,0.997932326091393,INSUFFICIENT,"{""contract_version"":1,""estimator"":""m0-decayed-beta-v1"",""methodology_hash"":""sha256:0da0241b9ce652df77f7b9ee40a713f7bfa93e3c62207c28e290da3d1c9a3f86"",""context"":{""source"":""sim"",""regime_id"":""sim-r0"",""region"":""synthetic-local"",""as_of_utc"":""2026-10-05T00:00:20.250Z""},""config"":{""route"":""beam_http"",""tip_lamports"":""200000"",""cu_price_micro_lamports"":""1000"",""cu_limit"":100000,""fee_bucket"":""local_median"",""tip_tier"":""x2"",""size_class"":""medium""},""horizon_slots"":2,""half_life_s"":3600.0,""alpha"":1.997932326091393,""beta"":1.0,""p_hat"":0.6664367666685234,""p_interval_95"":[0.15781235940388716,0.9874079470008164],""n_effective"":0.997932326091393,""assignments"":1,""resolved"":1,""unresolved"":0,""unresolved_share"":0.0,""data_age_s"":10.75,""observation_window"":[""2026-10-05T00:00:09.500+00:00"",""2026-10-05T00:00:09.500+00:00""],""evidence"":""INSUFFICIENT"",""samples_needed"":30,""insufficient_reasons"":[""discounted_sample_mass_below_30""]}"
sim,sha256:fe6df3120b11229c6eaa66e2222fb0eb77697d2897d62ff07216f9e104265373,2026-10-05T00:00:20.250Z,synthetic-local,sim-r0,beam_http,medium,4,0.997932326091393,INSUFFICIENT,"{""contract_version"":1,""estimator"":""m0-decayed-beta-v1"",""methodology_hash"":""sha256:0da0241b9ce652df77f7b9ee40a713f7bfa93e3c62207c28e290da3d1c9a3f86"",""context"":{""source"":""sim"",""regime_id"":""sim-r0"",""region"":""synthetic-local"",""as_of_utc"":""2026-10-05T00:00:20.250Z""},""config"":{""route"":""beam_http"",""tip_lamports"":""200000"",""cu_price_micro_lamports"":""1000"",""cu_limit"":100000,""fee_bucket"":""local_median"",""tip_tier"":""x2"",""size_class"":""medium""},""horizon_slots"":4,""half_life_s"":3600.0,""alpha"":1.997932326091393,""beta"":1.0,""p_hat"":0.6664367666685234,""p_interval_95"":[0.15781235940388716,0.9874079470008164],""n_effective"":0.997932326091393,""assignments"":1,""resolved"":1,""unresolved"":0,""unresolved_share"":0.0,""data_age_s"":10.75,""observation_window"":[""2026-10-05T00:00:09.500+00:00"",""2026-10-05T00:00:09.500+00:00""],""evidence"":""INSUFFICIENT"",""samples_needed"":30,""insufficient_reasons"":[""discounted_sample_mass_below_30""]}"
sim,sha256:ff0a05caa9302edcc6159a66284619682de376fcf0feb25415151d343d980e60,2026-10-05T00:00:20.250Z,synthetic-local,sim-r0,beam_quic,medium,4,1.9957709506972923,INSUFFICIENT,"{""contract_version"":1,""estimator"":""m0-decayed-beta-v1"",""methodology_hash"":""sha256:0da0241b9ce652df77f7b9ee40a713f7bfa93e3c62207c28e290da3d1c9a3f86"",""context"":{""source"":""sim"",""regime_id"":""sim-r0"",""region"":""synthetic-local"",""as_of_utc"":""2026-10-05T00:00:20.250Z""},""config"":{""route"":""beam_quic"",""tip_lamports"":""1000000"",""cu_price_micro_lamports"":""0"",""cu_limit"":100000,""fee_bucket"":""zero"",""tip_tier"":""x10"",""size_class"":""medium""},""horizon_slots"":4,""half_life_s"":3600.0,""alpha"":2.9957709506972923,""beta"":1.0,""p_hat"":0.7497354046719088,""p_interval_95"":[0.2918946541253278,0.991584428039247],""n_effective"":1.9957709506972923,""assignments"":2,""resolved"":2,""unresolved"":0,""unresolved_share"":0.0,""data_age_s"":3.0,""observation_window"":[""2026-10-05T00:00:01.250+00:00"",""2026-10-05T00:00:17.250+00:00""],""evidence"":""INSUFFICIENT"",""samples_needed"":29,""insufficient_reasons"":[""discounted_sample_mass_below_30""]}"
sim,sha256:ffac5e2d7014501446cddafb9f2b0f88b1e2983afa868c4b7f065df74d8c4ab3,2026-10-05T00:00:20.250Z,synthetic-local,sim-r0,beam_http,large,1,0.9998556047633791,INSUFFICIENT,"{""contract_version"":1,""estimator"":""m0-decayed-beta-v1"",""methodology_hash"":""sha256:0da0241b9ce652df77f7b9ee40a713f7bfa93e3c62207c28e290da3d1c9a3f86"",""context"":{""source"":""sim"",""regime_id"":""sim-r0"",""region"":""synthetic-local"",""as_of_utc"":""2026-10-05T00:00:20.250Z""},""config"":{""route"":""beam_http"",""tip_lamports"":""1000000"",""cu_price_micro_lamports"":""1000"",""cu_limit"":300000,""fee_bucket"":""local_median"",""tip_tier"":""x10"",""size_class"":""large""},""horizon_slots"":1,""half_life_s"":3600.0,""alpha"":1.999855604763379,""beta"":1.0,""p_hat"":0.6666506219792278,""p_interval_95"":[0.15809282778852407,0.987419980395702],""n_effective"":0.9998556047633791,""assignments"":1,""resolved"":1,""unresolved"":0,""unresolved_share"":0.0,""data_age_s"":0.75,""observation_window"":[""2026-10-05T00:00:19.500+00:00"",""2026-10-05T00:00:19.500+00:00""],""evidence"":""INSUFFICIENT"",""samples_needed"":30,""insufficient_reasons"":[""discounted_sample_mass_below_30""]}"
sim,sha256:000eeb90eceac3b7b574a3cd1583814a3fdeb899c4fe76af7eaa5878588dbc6f,2026-10-05T00:01:34.750Z,synthetic-local,sim-r0,beam_http,medium,4,1.9707680080514378,INSUFFICIENT,"{""contract_version"":1,""estimator"":""m0-decayed-beta-v1"",""methodology_hash"":""sha256:0da0241b9ce652df77f7b9ee40a713f7bfa93e3c62207c28e290da3d1c9a3f86"",""context"":{""source"":""sim"",""regime_id"":""sim-r0"",""region"":""synthetic-local"",""as_of_utc"":""2026-10-05T00:01:34.750Z""},""config"":{""route"":""beam_http"",""tip_lamports"":""1000000"",""cu_price_micro_lamports"":""0"",""cu_limit"":100000,""fee_bucket"":""zero"",""tip_tier"":""x10"",""size_class"":""medium""},""horizon_slots"":4,""half_life_s"":3600.0,""alpha"":2.970768008051438,""beta"":1.0,""p_hat"":0.7481595505019879,""p_interval_95"":[0.2888852125628487,0.9915139012463106],""n_effective"":1.9707680080514378,""assignments"":2,""resolved"":2,""unresolved"":0,""unresolved_share"":0.0,""data_age_s"":59.25,""observation_window"":[""2026-10-05T00:00:01+00:00"",""2026-10-05T00:00:35.500+00:00""],""evidence"":""INSUFFICIENT"",""samples_needed"":29,""insufficient_reasons"":[""discounted_sample_mass_below_30""]}"
sim,sha256:008bc7f6d8112feb92c8531d8ec283e092d65166553878b7bbdbb261591ea00a,2026-10-05T00:01:34.750Z,synthetic-local,sim-r0,beam_quic,medium,1,1.9774628852383018,INSUFFICIENT,"{""contract_version"":1,""estimator"":""m0-decayed-beta-v1"",""methodology_hash"":""sha256:0da0241b9ce652df77f7b9ee40a713f7bfa93e3c62207c28e290da3d1c9a3f86"",""context"":{""source"":""sim"",""regime_id"":""sim-r0"",""region"":""synthetic-local"",""as_of_utc"":""2026-10-05T00:01:34.750Z""},""config"":{""route"":""beam_quic"",""tip_lamports"":""500000"",""cu_price_micro_lamports"":""0"",""cu_limit"":100000,""fee_bucket"":""zero"",""tip_tier"":""x5"",""size_class"":""medium""},""horizon_slots"":1,""half_life_s"":3600.0,""alpha"":2.977462885238302,""beta"":1.0,""p_hat"":0.7485834490847583,""p_interval_95"":[0.2896929193275327,0.9915329013770762],""n_effective"":1.9774628852383018,""assignments"":2,""resolved"":2,""unresolved"":0,""unresolved_share"":0.0,""data_age_s"":45.5,""observation_window"":[""2026-10-05T00:00:22.500+00:00"",""2026-10-05T00:00:49.250+00:00""],""evidence"":""INSUFFICIENT"",""samples_needed"":29,""insufficient_reasons"":[""discounted_sample_mass_below_30""]}"
sim,sha256:01a2d1c9c71cbd1c809ef94b12d5517476a618635663e64e6973b56db4faee48,2026-10-05T00:01:34.750Z,synthetic-local,sim-r0,beam_quic,small,4,6.918166260820094,INSUFFICIENT,"{""contract_version"":1,""estimator"":""m0-decayed-beta-v1"",""methodology_hash"":""sha256:0da0241b9ce652df77f7b9ee40a713f7bfa93e3c62207c28e290da3d1c9a3f86"",""context"":{""source"":""sim"",""regime_id"":""sim-r0"",""region"":""synthetic-local"",""as_of_utc"":""2026-10-05T00:01:34.750Z""},""config"":{""route"":""beam_quic"",""tip_lamports"":""1000000"",""cu_price_micro_lamports"":""1000"",""cu_limit"":25000,""fee_bucket"":""local_median"",""tip_tier"":""x10"",""size_class"":""small""},""horizon_slots"":4,""half_life_s"":3600.0,""alpha"":7.918166260820095,""beta"":1.0,""p_hat"":0.8878693252901924,""p_interval_95"":[0.6275854303490618,0.9968076731080662],""n_effective"":6.918166260820094,""assignments"":7,""resolved"":7,""unresolved"":0,""unresolved_share"":0.0,""data_age_s"":41.25,""observation_window"":[""2026-10-05T00:00:09+00:00"",""2026-10-05T00:00:53.500+00:00""],""evidence"":""INSUFFICIENT"",""samples_needed"":24,""insufficient_reasons"":[""discounted_sample_mass_below_30""]}"
sim,sha256:03893073f6c93c779cc26cce8ca1376dd0faa4973a5cf55774041d0671115930,2026-10-05T00:01:34.750Z,synthetic-local,sim-r0,beam_quic,medium,2,0.9910391039953872,INSUFFICIENT,"{""contract_version"":1,""estimator"":""m0-decayed-beta-v1"",""methodology_hash"":""sha256:0da0241b9ce652df77f7b9ee40a713f7bfa93e3c62207c28e290da3d1c9a3f86"",""context"":{""source"":""sim"",""regime_id"":""sim-r0"",""region"":""synthetic-local"",""as_of_utc"":""2026-10-05T00:01:34.750Z""},""config"":{""route"":""beam_quic"",""tip_lamports"":""200000"",""cu_price_micro_lamports"":""0"",""cu_limit"":100000,""fee_bucket"":""zero"",""tip_tier"":""x2"",""size_class"":""medium""},""horizon_slots"":2,""half_life_s"":3600.0,""alpha"":1.9910391039953872,""beta"":1.0,""p_hat"":0.6656680286579288,""p_interval_95"":[0.15680679508013273,0.9873646283520334],""n_effective"":0.9910391039953872,""assignments"":1,""resolved"":1,""unresolved"":0,""unresolved_share"":0.0,""data_age_s"":46.75,""observation_window"":[""2026-10-05T00:00:48+00:00"",""2026-10-05T00:00:48+00:00""],""evidence"":""INSUFFICIENT"",""samples_needed"":30,""insufficient_reasons"":[""discounted_sample_mass_below_30""]}"
sim,sha256:03eff6341e54f24fadec5e768f695e9d627c5c0f1c35f82bc514e7be8b504e7c,2026-10-05T00:01:34.750Z,synthetic-local,sim-r0,beam_http,small,1,5.917854899281778,INSUFFICIENT,"{""contract_version"":1,""estimator"":""m0-decayed-beta-v1"",""methodology_hash"":""sha256:0da0241b9ce652df77f7b9ee40a713f7bfa93e3c62207c28e290da3d1c9a3f86"",""context"":{""source"":""sim"",""regime_id"":""sim-r0"",""region"":""synthetic-local"",""as_of_utc"":""2026-10-05T00:01:34.750Z""},""config"":{""route"":""beam_http"",""tip_lamports"":""200000"",""cu_price_micro_lamports"":""1000"",""cu_limit"":25000,""fee_bucket"":""local_median"",""tip_tier"":""x2"",""size_class"":""small""},""horizon_slots"":1,""half_life_s"":3600.0,""alpha"":4.950083661800711,""beta"":2.9677712374810663,""p_hat"":0.6251798908628307,""p_interval_95"":[0.2890203502554347,0.9020968588732179],""n_effective"":5.917854899281778,""assignments"":6,""resolved"":6,""unresolved"":0,""unresolved_share"":0.0,""data_age_s"":35.75,""observation_window"":[""2026-10-05T00:00:09.750+00:00"",""2026-10-05T00:00:59+00:00""],""evidence"":""INSUFFICIENT"",""samples_needed"":25,""insufficient_reasons"":[""discounted_sample_mass_below_30""]}"
sim,sha256:04240c1cdf01929a5d10a62844f4feee40e4ec703fd80abb0d16da0a90b25548,2026-10-05T00:01:34.750Z,synthetic-local,sim-r0,beam_http,small,1,1.9699515172718907,INSUFFICIENT,"{""contract_version"":1,""estimator"":""m0-decayed-beta-v1"",""methodology_hash"":""sha256:0da0241b9ce652df77f7b9ee40a713f7bfa93e3c62207c28e290da3d1c9a3f86"",""context"":{""source"":""sim"",""regime_id"":""sim-r0"",""region"":""synthetic-local"",""as_of_utc"":""2026-10-05T00:01:34.750Z""},""config"":{""route"":""beam_http"",""tip_lamports"":""500000"",""cu_price_micro_lamports"":""1000"",""cu_limit"":25000,""fee_bucket"":""local_median"",""tip_tier"":""x5"",""size_class"":""small""},""horizon_slots"":1,""half_life_s"":3600.0,""alpha"":2.9699515172718907,""beta"":1.0,""p_hat"":0.7481077550571223,""p_interval_95"":[0.2887866121267023,0.9915115782015012],""n_effective"":1.9699515172718907,""assignments"":2,""resolved"":2,""unresolved"":0,""unresolved_share"":0.0,""data_age_s"":74.75,""observation_window"":[""2026-10-05T00:00:12.250+00:00"",""2026-10-05T00:00:20+00:00""],""evidence"":""INSUFFICIENT"",""samples_needed"":29,""insufficient_reasons"":[""discounted_sample_mass_below_30""]}"
sim,sha256:0501c6fb5999db843429e9b082e0f69b9514583381378647fd48795be20becb7,2026-10-05T00:01:34.750Z,synthetic-local,sim-r0,beam_quic,medium,1,1.984560445743388,INSUFFICIENT,"{""contract_version"":1,""estimator"":""m0-decayed-beta-v1"",""methodology_hash"":""sha256:0da0241b9ce652df77f7b9ee40a713f7bfa93e3c62207c28e290da3d1c9a3f86"",""context"":{""source"":""sim"",""regime_id"":""sim-r0"",""region"":""synthetic-local"",""as_of_utc"":""2026-10-05T00:01:34.750Z""},""config"":{""route"":""beam_quic"",""tip_lamports"":""500000"",""cu_price_micro_lamports"":""1000"",""cu_limit"":100000,""fee_bucket"":""local_median"",""tip_tier"":""x5"",""size_class"":""medium""},""horizon_slots"":1,""half_life_s"":3600.0,""alpha"":2.984560445743388,""beta"":1.0,""p_hat"":0.749031288741453,""p_interval_95"":[0.29054769991291396,0.9915529516362287],""n_effective"":1.984560445743388,""assignments"":2,""resolved"":2,""unresolved"":0,""unresolved_share"":0.0,""data_age_s"":38.75,""observation_window"":[""2026-10-05T00:00:53+00:00"",""2026-10-05T00:00:56+00:00""],""evidence"":""INSUFFICIENT"",""samples_needed"":29,""insufficient_reasons"":[""discounted_sample_mass_below_30""]}"
sim,sha256:0673876f1e78edc646e3a9f886a485983b71e36a2e984942c06c3491dba45d1c,2026-10-05T00:01:34.750Z,synthetic-local,sim-r0,beam_quic,small,2,6.918166260820096,INSUFFICIENT,"{""contract_version"":1,""estimator"":""m0-decayed-beta-v1"",""methodology_hash"":""sha256:0da0241b9ce652df77f7b9ee40a713f7bfa93e3c62207c28e290da3d1c9a3f86"",""context"":{""source"":""sim"",""regime_id"":""sim-r0"",""region"":""synthetic-local"",""as_of_utc"":""2026-10-05T00:01:34.750Z""},""config"":{""route"":""beam_quic"",""tip_lamports"":""1000000"",""cu_price_micro_lamports"":""1000"",""cu_limit"":25000,""fee_bucket"":""local_median"",""tip_tier"":""x10"",""size_class"":""small""},""horizon_slots"":2,""half_life_s"":3600.0,""alpha"":7.918166260820096,""beta"":1.0,""p_hat"":0.8878693252901924,""p_interval_95"":[0.6275854303490618,0.9968076731080662],""n_effective"":6.918166260820096,""assignments"":7,""resolved"":7,""unresolved"":0,""unresolved_share"":0.0,""data_age_s"":41.25,""observation_window"":[""2026-10-05T00:00:09+00:00"",""2026-10-05T00:00:53.500+00:00""],""evidence"":""INSUFFICIENT"",""samples_needed"":24,""insufficient_reasons"":[""discounted_sample_mass_below_30""]}"
sim,sha256:06880ae794d1a18a537ccc4110150b06ee8d22cf645078db1c48c3fefabf5840,2026-10-05T00:01:34.750Z,synthetic-local,sim-r0,beam_http,small,2,1.9792657224947439,INSUFFICIENT,"{""contract_version"":1,""estimator"":""m0-decayed-beta-v1"",""methodology_hash"":""sha256:0da0241b9ce652df77f7b9ee40a713f7bfa93e3c62207c28e290da3d1c9a3f86"",""context"":{""source"":""sim"",""regime_id"":""sim-r0"",""region"":""synthetic-local"",""as_of_utc"":""2026-10-05T00:01:34.750Z""},""config"":{""route"":""beam_http"",""tip_lamports"":""200000"",""cu_price_micro_lamports"":""5000"",""cu_limit"":25000,""fee_bucket"":""local_p90"",""tip_tier"":""x2"",""size_class"":""small""},""horizon_slots"":2,""half_life_s"":3600.0,""alpha"":2.979265722494744,""beta"":1.0,""p_hat"":0.7486973553067815,""p_interval_95"":[0.28991018748435515,0.9915380033162506],""n_effective"":1.9792657224947439,""assignments"":2,""resolved"":2,""unresolved"":0,""unresolved_share"":0.0,""data_age_s"":53.0,""observation_window"":[""2026-10-05T00:00:39.500+00:00"",""2026-10-05T00:00:41.750+00:00""],""evidence"":""INSUFFICIENT"",""samples_needed"":29,""insufficient_reasons"":[""discounted_sample_mass_below_30""]}"
sim,sha256:06efc46def79af9b016e9365603e98bfcfd62113df33726da8d90e728b700786,2026-10-05T00:01:34.750Z,synthetic-local,sim-r0,beam_quic,small,1,2.9569548764318796,INSUFFICIENT,"{""contract_version"":1,""estimator"":""m0-decayed-beta-v1"",""methodology_hash"":""sha256:0da0241b9ce652df77f7b9ee40a713f7bfa93e3c62207c28e290da3d1c9a3f86"",""context"":{""source"":""sim"",""regime_id"":""sim-r0"",""region"":""synthetic-local"",""as_of_utc"":""2026-10-05T00:01:34.750Z""},""config"":{""route"":""beam_quic"",""tip_lamports"":""1000000"",""cu_price_micro_lamports"":""0"",""cu_limit"":25000,""fee_bucket"":""zero"",""tip_tier"":""x10"",""size_class"":""small""},""horizon_slots"":1,""half_life_s"":3600.0,""alpha"":3.9569548764318796,""beta"":1.0,""p_hat"":0.7982632432757143,""p_interval_95"":[0.39366613967344455,0.9936221196095811],""n_effective"":2.9569548764318796,""assignments"":3,""resolved"":3,""unresolved"":0,""unresolved_share"":0.0,""data_age_s"":54.25,""observation_window"":[""2026-10-05T00:00:04.500+00:00"",""2026-10-05T00:00:40.500+00:00""],""evidence"":""INSUFFICIENT"",""samples_needed"":28,""insufficient_reasons"":[""discounted_sample_mass_below_30""]}"
sim,sha256:06f6a50f1173ed0e10f63425c1697f3759eec42f348b8e5ca8d0e56cdafbe08c,2026-10-05T00:01:34.750Z,synthetic-local,sim-r0,beam_http,large,1,2.955095572340338,INSUFFICIENT,"{""contract_version"":1,""estimator"":""m0-decayed-beta-v1"",""methodology_hash"":""sha256:0da0241b9ce652df77f7b9ee40a713f7bfa93e3c62207c28e290da3d1c9a3f86"",""context"":{""source"":""sim"",""regime_id"":""sim-r0"",""region"":""synthetic-local"",""as_of_utc"":""2026-10-05T00:01:34.750Z""},""config"":{""route"":""beam_http"",""tip_lamports"":""500000"",""cu_price_micro_lamports"":""1000"",""cu_limit"":300000,""fee_bucket"":""local_median"",""tip_tier"":""x5"",""size_class"":""large""},""horizon_slots"":1,""half_life_s"":3600.0,""alpha"":1.0,""beta"":3.955095572340338,""p_hat"":0.20181245455326116,""p_interval_95"":[0.00638086906785299,0.6065063486525875],""n_effective"":2.955095572340338,""assignments"":3,""resolved"":3,""unresolved"":0,""unresolved_share"":0.0,""data_age_s"":71.75,""observation_window"":[""2026-10-05T00:00:05.750+00:00"",""2026-10-05T00:00:23+00:00""],""evidence"":""INSUFFICIENT"",""samples_needed"":28,""insufficient_reasons"":[""discounted_sample_mass_below_30""]}"
sim,sha256:07f206edc7cd24b4130390fc0d16c137d44ebc55c6472a9143e7f7e36944f0f2,2026-10-05T00:01:34.750Z,synthetic-local,sim-r0,beam_http,large,1,2.9631212239545963,INSUFFICIENT,"{""contract_version"":1,""estimator"":""m0-decayed-beta-v1"",""methodology_hash"":""sha256:0da0241b9ce652df77f7b9ee40a713f7bfa93e3c62207c28e290da3d1c9a3f86"",""context"":{""source"":""sim"",""regime_id"":""sim-r0"",""region"":""synthetic-local"",""as_of_utc"":""2026-10-05T00:01:34.750Z""},""config"":{""route"":""beam_http"",""tip_lamports"":""200000"",""cu_price_micro_lamports"":""0"",""cu_limit"":300000,""fee_bucket"":""zero"",""tip_tier"":""x2"",""size_class"":""large""},""horizon_slots"":1,""half_life_s"":3600.0,""alpha"":3.9631212239545963,""beta"":1.0,""p_hat"":0.7985138877580742,""p_interval_95"":[0.39423757499598555,0.9936320114945432],""n_effective"":2.9631212239545963,""assignments"":3,""resolved"":3,""unresolved"":0,""unresolved_share"":0.0,""data_age_s"":51.0,""observation_window"":[""2026-10-05T00:00:22.750+00:00"",""2026-10-05T00:00:43.750+00:00""],""evidence"":""INSUFFICIENT"",""samples_needed"":28,""insufficient_reasons"":[""discounted_sample_mass_below_30""]}"
sim,sha256:0801f4efe0fd87c26f47db7d01ca4b97ad31b8739a7137f030fa3ced71561286,2026-10-05T00:01:34.750Z,synthetic-local,sim-r0,beam_quic,small,1,0.9852837107856267,INSUFFICIENT,"{""contract_version"":1,""estimator"":""m0-decayed-beta-v1"",""methodology_hash"":""sha256:0da0241b9ce652df77f7b9ee40a713f7bfa93e3c62207c28e290da3d1c9a3f86"",""context"":{""source"":""sim"",""regime_id"":""sim-r0"",""region"":""synthetic-local"",""as_of_utc"":""2026-10-05T00:01:34.750Z""},""config"":{""route"":""beam_quic"",""tip_lamports"":""1000000"",""cu_price_micro_lamports"":""5000"",""cu_limit"":25000,""fee_bucket"":""local_p90"",""tip_tier"":""x10"",""size_class"":""small""},""horizon_slots"":1,""half_life_s"":3600.0,""alpha"":1.9852837107856265,""beta"":1.0,""p_hat"":0.6650234627995094,""p_interval_95"":[0.15596682045743676,0.9873282311253904],""n_effective"":0.9852837107856267,""assignments"":1,""resolved"":1,""unresolved"":0,""unresolved_share"":0.0,""data_age_s"":77.0,""observation_window"":[""2026-10-05T00:00:17.750+00:00"",""2026-10-05T00:00:17.750+00:00""],""evidence"":""INSUFFICIENT"",""samples_needed"":30,""insufficient_reasons"":[""discounted_sample_mass_below_30""]}"
sim,sha256:099c278d9d051a33e5580555873b26bf424c8bae25f549bcaa372f63496faef3,2026-10-05T00:01:34.750Z,synthetic-local,sim-r0,beam_quic,small,2,2.957572350317995,INSUFFICIENT,"{""contract_version"":1,""estimator"":""m0-decayed-beta-v1"",""methodology_hash"":""sha256:0da0241b9ce652df77f7b9ee40a713f7bfa93e3c62207c28e290da3d1c9a3f86"",""context"":{""source"":""sim"",""regime_id"":""sim-r0"",""region"":""synthetic-local"",""as_of_utc"":""2026-10-05T00:01:34.750Z""},""config"":{""route"":""beam_quic"",""tip_lamports"":""200000"",""cu_price_micro_lamports"":""5000"",""cu_limit"":25000,""fee_bucket"":""local_p90"",""tip_tier"":""x2"",""size_class"":""small""},""horizon_slots"":2,""half_life_s"":3600.0,""alpha"":3.957572350317995,""beta"":1.0,""p_hat"":0.7982883699244738,""p_interval_95"":[0.39372340381367776,0.9936231115285692],""n_effective"":2.957572350317995,""assignments"":3,""resolved"":3,""unresolved"":0,""unresolved_share"":0.0,""data_age_s"":52.0,""observation_window"":[""2026-10-05T00:00:08.250+00:00"",""2026-10-05T00:00:42.750+00:00""],""evidence"":""INSUFFICIENT"",""samples_needed"":28,""insufficient_reasons"":[""discounted_sample_mass_below_30""]}"
sim,sha256:09dac76ac8f595a2385aba48ed2af498f25cc62925221777e346ef4279cc262b,2026-10-05T00:01:34.750Z,synthetic-local,sim-r0,rpc,large,2,0.9839092916771621,INSUFFICIENT,"{""contract_version"":1,""estimator"":""m0-decayed-beta-v1"",""methodology_hash"":""sha256:0da0241b9ce652df77f7b9ee40a713f7bfa93e3c62207c28e290da3d1c9a3f86"",""context"":{""source"":""sim"",""regime_id"":""sim-r0"",""region"":""synthetic-local"",""as_of_utc"":""2026-10-05T00:01:34.750Z""},""config"":{""route"":""rpc"",""tip_lamports"":""0"",""cu_price_micro_lamports"":""0"",""cu_limit"":300000,""fee_bucket"":""zero"",""tip_tier"":""none"",""size_class"":""large""},""horizon_slots"":2,""half_life_s"":3600.0,""alpha"":1.9839092916771621,""beta"":1.0,""p_hat"":0.6648691691837819,""p_interval_95"":[0.15576617839695256,0.98731950823265],""n_effective"":0.9839092916771621,""assignments"":1,""resolved"":1,""unresolved"":0,""unresolved_share"":0.0,""data_age_s"":84.25,""observation_window"":[""2026-10-05T00:00:10.500+00:00"",""2026-10-05T00:00:10.500+00:00""],""evidence"":""INSUFFICIENT"",""samples_needed"":30,""insufficient_reasons"":[""discounted_sample_mass_below_30""]}"
sim,sha256:0bd24865a2a96f87e8d206ff89e76945944904e7b0949fe4c8f9e1e4f30d7ff9,2026-10-05T00:01:34.750Z,synthetic-local,sim-r0,beam_quic,small,2,0.9891327843600939,INSUFFICIENT,"{""contract_version"":1,""estimator"":""m0-decayed-beta-v1"",""methodology_hash"":""sha256:0da0241b9ce652df77f7b9ee40a713f7bfa93e3c62207c28e290da3d1c9a3f86"",""context"":{""source"":""sim"",""regime_id"":""sim-r0"",""region"":""synthetic-local"",""as_of_utc"":""2026-10-05T00:01:34.750Z""},""config"":{""route"":""beam_quic"",""tip_lamports"":""200000"",""cu_price_micro_lamports"":""0"",""cu_limit"":25000,""fee_bucket"":""zero"",""tip_tier"":""x2"",""size_class"":""small""},""horizon_slots"":2,""half_life_s"":3600.0,""alpha"":1.9891327843600939,""beta"":1.0,""p_hat"":0.6654548084206043,""p_interval_95"":[0.15652861502602872,0.9873525959266682],""n_effective"":0.9891327843600939,""assignments"":1,""resolved"":1,""unresolved"":0,""unresolved_share"":0.0,""data_age_s"":56.75,""observation_window"":[""2026-10-05T00:00:38+00:00"",""2026-10-05T00:00:38+00:00""],""evidence"":""INSUFFICIENT"",""samples_needed"":30,""insufficient_reasons"":[""discounted_sample_mass_below_30""]}"
sim,sha256:0d06ff979a8aea41aa6f3e618537da895cae963c423279256d7664c30667ff21,2026-10-05T00:01:34.750Z,synthetic-local,sim-r0,beam_quic,large,4,5.9224469540682385,INSUFFICIENT,"{""contract_version"":1,""estimator"":""m0-decayed-beta-v1"",""methodology_hash"":""sha256:0da0241b9ce652df77f7b9ee40a713f7bfa93e3c62207c28e290da3d1c9a3f86"",""context"":{""source"":""sim"",""regime_id"":""sim-r0"",""region"":""synthetic-local"",""as_of_utc"":""2026-10-05T00:01:34.750Z""},""config"":{""route"":""beam_quic"",""tip_lamports"":""100000"",""cu_price_micro_lamports"":""0"",""cu_limit"":300000,""fee_bucket"":""zero"",""tip_tier"":""x1"",""size_class"":""large""},""horizon_slots"":4,""half_life_s"":3600.0,""alpha"":5.937779599455163,""beta"":1.9846673546130762,""p_hat"":0.7494880854211421,""p_interval_95"":[0.41907983557241824,0.9636310514620745],""n_effective"":5.9224469540682385,""assignments"":6,""resolved"":6,""unresolved"":0,""unresolved_share"":0.0,""data_age_s"":47.5,""observation_window"":[""2026-10-05T00:00:14.500+00:00"",""2026-10-05T00:00:47.250+00:00""],""evidence"":""INSUFFICIENT"",""samples_needed"":25,""insufficient_reasons"":[""discounted_sample_mass_below_30""]}"
sim,sha256:0ee2b9b714fd48711d58ddb398baae5d9464ca602bc1d38cda5153288c0261af,2026-10-05T00:01:34.750Z,synthetic-local,sim-r0,beam_http,medium,2,4.935222096837146,INSUFFICIENT,"{""contract_version"":1,""estimator"":""m0-decayed-beta-v1"",""methodology_hash"":""sha256:0da0241b9ce652df77f7b9ee40a713f7bfa93e3c62207c28e290da3d1c9a3f86"",""context"":{""source"":""sim"",""regime_id"":""sim-r0"",""region"":""synthetic-local"",""as_of_utc"":""2026-10-05T00:01:34.750Z""},""config"":{""route"":""beam_http"",""tip_lamports"":""500000"",""cu_price_micro_lamports"":""1000"",""cu_limit"":100000,""fee_bucket"":""local_median"",""tip_tier"":""x5"",""size_class"":""medium""},""horizon_slots"":2,""half_life_s"":3600.0,""alpha"":5.935222096837146,""beta"":1.0,""p_hat"":0.8558085110992975,""p_interval_95"":[0.5371255536139825,0.9957433967370741],""n_effective"":4.935222096837146,""assignments"":5,""resolved"":5,""unresolved"":0,""unresolved_share"":0.0,""data_age_s"":39.75,""observation_window"":[""2026-10-05T00:00:08.750+00:00"",""2026-10-05T00:00:55+00:00""],""evidence"":""INSUFFICIENT"",""samples_needed"":26,""insufficient_reasons"":[""discounted_sample_mass_below_30""]}"
sim,sha256:0f165ec259b60846cb7b7508b91f41eccf07bc7e193632f3637524f0c5895067,2026-10-05T00:01:34.750Z,synthetic-local,sim-r0,rpc,small,1,1.9761720210843565,INSUFFICIENT,"{""contract_version"":1,""estimator"":""m0-decayed-beta-v1"",""methodology_hash"":""sha256:0da0241b9ce652df77f7b9ee40a713f7bfa93e3c62207c28e290da3d1c9a3f86"",""context"":{""source"":""sim"",""regime_id"":""sim-r0"",""region"":""synthetic-local"",""as_of_utc"":""2026-10-05T00:01:34.750Z""},""config"":{""route"":""rpc"",""tip_lamports"":""0"",""cu_price_micro_lamports"":""1000"",""cu_limit"":25000,""fee_bucket"":""local_median"",""tip_tier"":""none"",""size_class"":""small""},""horizon_slots"":1,""half_life_s"":3600.0,""alpha"":1.0,""beta"":2.9761720210843565,""p_hat"":0.25149817329263496,""p_interval_95"":[0.008470755485040535,0.7104627101345002],""n_effective"":1.9761720210843565,""assignments"":2,""resolved"":2,""unresolved"":0,""unresolved_share"":0.0,""data_age_s"":59.5,""observation_window"":[""2026-10-05T00:00:29.750+00:00"",""2026-10-05T00:00:35.250+00:00""],""evidence"":""INSUFFICIENT"",""samples_needed"":29,""insufficient_reasons"":[""discounted_sample_mass_below_30""]}"
sim,sha256:0fc8c36931b39e83fa46ba04b9aa865afedaa741753e70af193b1f782fbd90d5,2026-10-05T00:01:34.750Z,synthetic-local,sim-r0,beam_http,small,1,3.94043123332092,INSUFFICIENT,"{""contract_version"":1,""estimator"":""m0-decayed-beta-v1"",""methodology_hash"":""sha256:0da0241b9ce652df77f7b9ee40a713f7bfa93e3c62207c28e290da3d1c9a3f86"",""context"":{""source"":""sim"",""regime_id"":""sim-r0"",""region"":""synthetic-local"",""as_of_utc"":""2026-10-05T00:01:34.750Z""},""config"":{""route"":""beam_http"",""tip_lamports"":""100000"",""cu_price_micro_lamports"":""0"",""cu_limit"":25000,""fee_bucket"":""zero"",""tip_tier"":""x1"",""size_class"":""small""},""horizon_slots"":1,""half_life_s"":3600.0,""alpha"":3.955005231714619,""beta"":1.9854260016063008,""p_hat"":0.6657774623381382,""p_interval_95"":[0.28101081310488063,0.9476205031318725],""n_effective"":3.94043123332092,""assignments"":4,""resolved"":4,""unresolved"":0,""unresolved_share"":0.0,""data_age_s"":65.75,""observation_window"":[""2026-10-05T00:00:00.500+00:00"",""2026-10-05T00:00:29+00:00""],""evidence"":""INSUFFICIENT"",""samples_needed"":27,""insufficient_reasons"":[""discounted_sample_mass_below_30""]}"
sim,sha256:0fffa94d149fa1f0174ead2042a3add052d5804aa0a803c276069790bce1dccc,2026-10-05T00:01:34.750Z,synthetic-local,sim-r0,beam_http,small,4,5.9214601472801816,INSUFFICIENT,"{""contract_version"":1,""estimator"":""m0-decayed-beta-v1"",""methodology_hash"":""sha256:0da0241b9ce652df77f7b9ee40a713f7bfa93e3c62207c28e290da3d1c9a3f86"",""context"":{""source"":""sim"",""regime_id"":""sim-r0"",""region"":""synthetic-local"",""as_of_utc"":""2026-10-05T00:01:34.750Z""},""config"":{""route"":""beam_http"",""tip_lamports"":""100000"",""cu_price_micro_lamports"":""1000"",""cu_limit"":25000,""fee_bucket"":""local_median"",""tip_tier"":""x1"",""size_class"":""small""},""horizon_slots"":4,""half_life_s"":3600.0,""alpha"":6.9214601472801816,""beta"":1.0,""p_hat"":0.8737606474807112,""p_interval_95"":[0.5868637442020492,0.9963488109132161],""n_effective"":5.9214601472801816,""assignments"":6,""resolved"":6,""unresolved"":0,""unresolved_share"":0.0,""data_age_s"":42.0,""observation_window"":[""2026-10-05T00:00:05.250+00:00"",""2026-10-05T00:00:52.750+00:00""],""evidence"":""INSUFFICIENT"",""samples_needed"":25,""insufficient_reasons"":[""discounted_sample_mass_below_30""]}"
sim,sha256:108517b7ceacd0269f8edfc726c50be385db1ca4bae9a951cb2cb44c38b0b8cd,2026-10-05T00:01:34.750Z,synthetic-local,sim-r0,rpc,medium,4,2.962508743072573,INSUFFICIENT,"{""contract_version"":1,""estimator"":""m0-decayed-beta-v1"",""methodology_hash"":""sha256:0da0241b9ce652df77f7b9ee40a713f7bfa93e3c62207c28e290da3d1c9a3f86"",""context"":{""source"":""sim"",""regime_id"":""sim-r0"",""region"":""synthetic-local"",""as_of_utc"":""2026-10-05T00:01:34.750Z""},""config"":{""route"":""rpc"",""tip_lamports"":""0"",""cu_price_micro_lamports"":""5000"",""cu_limit"":100000,""fee_bucket"":""local_p90"",""tip_tier"":""none"",""size_class"":""medium""},""horizon_slots"":4,""half_life_s"":3600.0,""alpha"":3.962508743072573,""beta"":1.0,""p_hat"":0.798489020015138,""p_interval_95"":[0.3941808589189185,0.9936310303422824],""n_effective"":2.962508743072573,""assignments"":3,""resolved"":3,""unresolved"":0,""unresolved_share"":0.0,""data_age_s"":51.25,""observation_window"":[""2026-10-05T00:00:10.750+00:00"",""2026-10-05T00:00:43.500+00:00""],""evidence"":""INSUFFICIENT"",""samples_needed"":28,""insufficient_reasons"":[""discounted_sample_mass_below_30""]}"
sim,sha256:1115f24d989a742aadad8ee3fd3b4274ac51e67e8bb6f2adb7db9398ae4472e7,2026-10-05T00:01:34.750Z,synthetic-local,sim-r0,beam_http,medium,2,1.9707680080514378,INSUFFICIENT,"{""contract_version"":1,""estimator"":""m0-decayed-beta-v1"",""methodology_hash"":""sha256:0da0241b9ce652df77f7b9ee40a713f7bfa93e3c62207c28e290da3d1c9a3f86"",""context"":{""source"":""sim"",""regime_id"":""sim-r0"",""region"":""synthetic-local"",""as_of_utc"":""2026-10-05T00:01:34.750Z""},""config"":{""route"":""beam_http"",""tip_lamports"":""1000000"",""cu_price_micro_lamports"":""0"",""cu_limit"":100000,""fee_bucket"":""zero"",""tip_tier"":""x10"",""size_class"":""medium""},""horizon_slots"":2,""half_life_s"":3600.0,""alpha"":2.970768008051438,""beta"":1.0,""p_hat"":0.7481595505019879,""p_interval_95"":[0.2888852125628487,0.9915139012463106],""n_effective"":1.9707680080514378,""assignments"":2,""resolved"":2,""unresolved"":0,""unresolved_share"":0.0,""data_age_s"":59.25,""observation_window"":[""2026-10-05T00:00:01+00:00"",""2026-10-05T00:00:35.500+00:00""],""evidence"":""INSUFFICIENT"",""samples_needed"":29,""insufficient_reasons"":[""discounted_sample_mass_below_30""]}"
sim,sha256:12b58c3cdee91d24db664edbf62256f5114a2e314a39e8bd1bac19718ab8bb7b,2026-10-05T00:01:34.750Z,synthetic-local,sim-r0,beam_quic,medium,1,4.939662385272021,INSUFFICIENT,"{""contract_version"":1,""estimator"":""m0-decayed-beta-v1"",""methodology_hash"":""sha256:0da0241b9ce652df77f7b9ee40a713f7bfa93e3c62207c28e290da3d1c9a3f86"",""context"":{""source"":""sim"",""regime_id"":""sim-r0"",""region"":""synthetic-local"",""as_of_utc"":""2026-10-05T00:01:34.750Z""},""config"":{""route"":""beam_quic"",""tip_lamports"":""1000000"",""cu_price_micro_lamports"":""0"",""cu_limit"":100000,""fee_bucket"":""zero"",""tip_tier"":""x10"",""size_class"":""medium""},""horizon_slots"":1,""half_life_s"":3600.0,""alpha"":5.939662385272021,""beta"":1.0,""p_hat"":0.8559007708901962,""p_interval_95"":[0.5373751760527969,0.9957465720510614],""n_effective"":4.939662385272021,""assignments"":5,""resolved"":5,""unresolved"":0,""unresolved_share"":0.0,""data_age_s"":34.25,""observation_window"":[""2026-10-05T00:00:01.250+00:00"",""2026-10-05T00:01:00.500+00:00""],""evidence"":""INSUFFICIENT"",""samples_needed"":26,""insufficient_reasons"":[""discounted_sample_mass_below_30""]}"
sim,sha256:14ef5e7c0c64b4087efd28910b75d8d2c36d9730f249c83c3cbe359f4b0510b4,2026-10-05T00:01:34.750Z,synthetic-local,sim-r0,rpc,medium,2,2.962508743072573,INSUFFICIENT,"{""contract_version"":1,""estimator"":""m0-decayed-beta-v1"",""methodology_hash"":""sha256:0da0241b9ce652df77f7b9ee40a713f7bfa93e3c62207c28e290da3d1c9a3f86"",""context"":{""source"":""sim"",""regime_id"":""sim-r0"",""region"":""synthetic-local"",""as_of_utc"":""2026-10-05T00:01:34.750Z""},""config"":{""route"":""rpc"",""tip_lamports"":""0"",""cu_price_micro_lamports"":""5000"",""cu_limit"":100000,""fee_bucket"":""local_p90"",""tip_tier"":""none"",""size_class"":""medium""},""horizon_slots"":2,""half_life_s"":3600.0,""alpha"":3.962508743072573,""beta"":1.0,""p_hat"":0.798489020015138,""p_interval_95"":[0.3941808589189185,0.9936310303422824],""n_effective"":2.962508743072573,""assignments"":3,""resolved"":3,""unresolved"":0,""unresolved_share"":0.0,""data_age_s"":51.25,""observation_window"":[""2026-10-05T00:00:10.750+00:00"",""2026-10-05T00:00:43.500+00:00""],""evidence"":""INSUFFICIENT"",""samples_needed"":28,""insufficient_reasons"":[""discounted_sample_mass_below_30""]}"
sim,sha256:14f2c9515ccc0f28adf4e944ed0d008238ce0279a2c37f693794316cfec8cf86,2026-10-05T00:01:34.750Z,synthetic-local,sim-r0,beam_http,medium,2,5.935121371875396,INSUFFICIENT,"{""contract_version"":1,""estimator"":""m0-decayed-beta-v1"",""methodology_hash"":""sha256:0da0241b9ce652df77f7b9ee40a713f7bfa93e3c62207c28e290da3d1c9a3f86"",""context"":{""source"":""sim"",""regime_id"":""sim-r0"",""region"":""synthetic-local"",""as_of_utc"":""2026-10-05T00:01:34.750Z""},""config"":{""route"":""beam_http"",""tip_lamports"":""100000"",""cu_price_micro_lamports"":""0"",""cu_limit"":100000,""fee_bucket"":""zero"",""tip_tier"":""x1"",""size_class"":""medium""},""horizon_slots"":2,""half_life_s"":3600.0,""alpha"":5.948556303687346,""beta"":1.9865650681880496,""p_hat"":0.7496490633112343,""p_interval_95"":[0.41953052220800335,0.9636080821157742],""n_effective"":5.935121371875396,""assignments"":6,""resolved"":6,""unresolved"":0,""unresolved_share"":0.0,""data_age_s"":37.5,""observation_window"":[""2026-10-05T00:00:06+00:00"",""2026-10-05T00:00:57.250+00:00""],""evidence"":""INSUFFICIENT"",""samples_needed"":25,""insufficient_reasons"":[""discounted_sample_mass_below_30""]}"
sim,sha256:16423e8619303504b1fd03d0edf8ed63251014260891e5c6c9de3b43f443c7ee,2026-10-05T00:01:34.750Z,synthetic-local,sim-r0,beam_quic,large,1,5.922446954068239,INSUFFICIENT,"{""contract_version"":1,""estimator"":""m0-decayed-beta-v1"",""methodology_hash"":""sha256:0da0241b9ce652df77f7b9ee40a713f7bfa93e3c62207c28e290da3d1c9a3f86"",""context"":{""source"":""sim"",""regime_id"":""sim-r0"",""region"":""synthetic-local"",""as_of_utc"":""2026-10-05T00:01:34.750Z""},""config"":{""route"":""beam_quic"",""tip_lamports"":""100000"",""cu_price_micro_lamports"":""0"",""cu_limit"":300000,""fee_bucket"":""zero"",""tip_tier"":""x1"",""size_class"":""large""},""horizon_slots"":1,""half_life_s"":3600.0,""alpha"":2.974512945487792,""beta"":4.9479340085804475,""p_hat"":0.37545381657119914,""p_interval_95"":[0.09833294668863926,0.7114864470578275],""n_effective"":5.922446954068239,""assignments"":6,""resolved"":6,""unresolved"":0,""unresolved_share"":0.0,""data_age_s"":47.5,""observation_window"":[""2026-10-05T00:00:14.500+00:00"",""2026-10-05T00:00:47.250+00:00""],""evidence"":""INSUFFICIENT"",""samples_needed"":25,""insufficient_reasons"":[""discounted_sample_mass_below_30""]}"
sim,sha256:16949dc2f15f0f14e9de6f7f87be46ec1ea7735d15d49be1f4030cd6af5cc808,2026-10-05T00:01:34.750Z,synthetic-local,sim-r0,beam_http,large,1,3.952788878115686,INSUFFICIENT,"{""contract_version"":1,""estimator"":""m0-decayed-beta-v1"",""methodology_hash"":""sha256:0da0241b9ce652df77f7b9ee40a713f7bfa93e3c62207c28e290da3d1c9a3f86"",""context"":{""source"":""sim"",""regime_id"":""sim-r0"",""region"":""synthetic-local"",""as_of_utc"":""2026-10-05T00:01:34.750Z""},""config"":{""route"":""beam_http"",""tip_lamports"":""500000"",""cu_price_micro_lamports"":""5000"",""cu_limit"":300000,""fee_bucket"":""local_p90"",""tip_tier"":""x5"",""size_class"":""large""},""horizon_slots"":1,""half_life_s"":3600.0,""alpha"":4.952788878115686,""beta"":1.0,""p_hat"":0.8320115125069675,""p_interval_95"":[0.47482520118666904,0.9949012145319471],""n_effective"":3.952788878115686,""assignments"":4,""resolved"":4,""unresolved"":0,""unresolved_share"":0.0,""data_age_s"":35.25,""observation_window"":[""2026-10-05T00:00:22.250+00:00"",""2026-10-05T00:00:59.500+00:00""],""evidence"":""INSUFFICIENT"",""samples_needed"":27,""insufficient_reasons"":[""discounted_sample_mass_below_30""]}"
sim,sha256:16c92acf129e36ceb9aba1cb3bc41f94092a5b5c49969aacf1c7dac55a592701,2026-10-05T00:01:34.750Z,synthetic-local,sim-r0,rpc,medium,2,0.9910868090296878,INSUFFICIENT,"{""contract_version"":1,""estimator"":""m0-decayed-beta-v1"",""methodology_hash"":""sha256:0da0241b9ce652df77f7b9ee40a713f7bfa93e3c62207c28e290da3d1c9a3f86"",""context"":{""source"":""sim"",""regime_id"":""sim-r0"",""region"":""synthetic-local"",""as_of_utc"":""2026-10-05T00:01:34.750Z""},""config"":{""route"":""rpc"",""tip_lamports"":""0"",""cu_price_micro_lamports"":""1000"",""cu_limit"":100000,""fee_bucket"":""local_median"",""tip_tier"":""none"",""size_class"":""medium""},""horizon_slots"":2,""half_life_s"":3600.0,""alpha"":1.991086809029688,""beta"":1.0,""p_hat"":0.6656733609398648,""p_interval_95"":[0.1568137559450985,0.9873649291659752],""n_effective"":0.9910868090296878,""assignments"":1,""resolved"":1,""unresolved"":0,""unresolved_share"":0.0,""data_age_s"":46.5,""observation_window"":[""2026-10-05T00:00:48.250+00:00"",""2026-10-05T00:00:48.250+00:00""],""evidence"":""INSUFFICIENT"",""samples_needed"":30,""insufficient_reasons"":[""discounted_sample_mass_below_30""]}"
sim,sha256:1749d076f03565d421805198f60f0b703943a5d7a1259ec927ce72c678e9c026,2026-10-05T00:01:34.750Z,synthetic-local,sim-r0,rpc,medium,4,3.9535577922587795,INSUFFICIENT,"{""contract_version"":1,""estimator"":""m0-decayed-beta-v1"",""methodology_hash"":""sha256:0da0241b9ce652df77f7b9ee40a713f7bfa93e3c62207c28e290da3d1c9a3f86"",""context"":{""source"":""sim"",""regime_id"":""sim-r0"",""region"":""synthetic-local"",""as_of_utc"":""2026-10-05T00:01:34.750Z""},""config"":{""route"":""rpc"",""tip_lamports"":""0"",""cu_price_micro_lamports"":""0"",""cu_limit"":100000,""fee_bucket"":""zero"",""tip_tier"":""none"",""size_class"":""medium""},""horizon_slots"":4,""half_life_s"":3600.0,""alpha"":4.9535577922587795,""beta"":1.0,""p_hat"":0.8320332085630767,""p_interval_95"":[0.47488010014813475,0.9949020039681418],""n_effective"":3.9535577922587795,""assignments"":4,""resolved"":4,""unresolved"":0,""unresolved_share"":0.0,""data_age_s"":44.5,""observation_window"":[""2026-10-05T00:00:02.750+00:00"",""2026-10-05T00:00:50.250+00:00""],""evidence"":""INSUFFICIENT"",""samples_needed"":27,""insufficient_reasons"":[""discounted_sample_mass_below_30""]}"
sim,sha256:1a78d576fab95d1e466f42a0b542c46284f2da13be3328dd14ed7c39560e698f,2026-10-05T00:01:34.750Z,synthetic-local,sim-r0,beam_http,large,4,2.9631212239545963,INSUFFICIENT,"{""contract_version"":1,""estimator"":""m0-decayed-beta-v1"",""methodology_hash"":""sha256:0da0241b9ce652df77f7b9ee40a713f7bfa93e3c62207c28e290da3d1c9a3f86"",""context"":{""source"":""sim"",""regime_id"":""sim-r0"",""region"":""synthetic-local"",""as_of_utc"":""2026-10-05T00:01:34.750Z""},""config"":{""route"":""beam_http"",""tip_lamports"":""200000"",""cu_price_micro_lamports"":""0"",""cu_limit"":300000,""fee_bucket"":""zero"",""tip_tier"":""x2"",""size_class"":""large""},""horizon_slots"":4,""half_life_s"":3600.0,""alpha"":3.9631212239545968,""beta"":1.0,""p_hat"":0.7985138877580743,""p_interval_95"":[0.39423757499598555,0.9936320114945432],""n_effective"":2.9631212239545963,""assignments"":3,""resolved"":3,""unresolved"":0,""unresolved_share"":0.0,""data_age_s"":51.0,""observation_window"":[""2026-10-05T00:00:22.750+00:00"",""2026-10-05T00:00:43.750+00:00""],""evidence"":""INSUFFICIENT"",""samples_needed"":28,""insufficient_reasons"":[""discounted_sample_mass_below_30""]}"
sim,sha256:1b6db813718eeaa9b08529d6fd7b9dd6287da5f924a4bf79950f293c92fb35b5,2026-10-05T00:01:34.750Z,synthetic-local,sim-r0,beam_quic,small,2,4.93039604864438,INSUFFICIENT,"{""contract_version"":1,""estimator"":""m0-decayed-beta-v1"",""methodology_hash"":""sha256:0da0241b9ce652df77f7b9ee40a713f7bfa93e3c62207c28e290da3d1c9a3f86"",""context"":{""source"":""sim"",""regime_id"":""sim-r0"",""region"":""synthetic-local"",""as_of_utc"":""2026-10-05T00:01:34.750Z""},""config"":{""route"":""beam_quic"",""tip_lamports"":""100000"",""cu_price_micro_lamports"":""1000"",""cu_limit"":25000,""fee_bucket"":""local_median"",""tip_tier"":""x1"",""size_class"":""small""},""horizon_slots"":2,""half_life_s"":3600.0,""alpha"":5.93039604864438,""beta"":1.0,""p_hat"":0.8557081019640133,""p_interval_95"":[0.5368539525702836,0.9957399401797413],""n_effective"":4.93039604864438,""assignments"":5,""resolved"":5,""unresolved"":0,""unresolved_share"":0.0,""data_age_s"":44.25,""observation_window"":[""2026-10-05T00:00:00+00:00"",""2026-10-05T00:00:50.500+00:00""],""evidence"":""INSUFFICIENT"",""samples_needed"":26,""insufficient_reasons"":[""discounted_sample_mass_below_30""]}"
sim,sha256:1bc9ed60e8155cfb2670cbd031e375747620ade21aeadbb81c3ec647333f734a,2026-10-05T00:01:34.750Z,synthetic-local,sim-r0,beam_http,small,4,3.937872396210034,INSUFFICIENT,"{""contract_version"":1,""estimator"":""m0-decayed-beta-v1"",""methodology_hash"":""sha256:0da0241b9ce652df77f7b9ee40a713f7bfa93e3c62207c28e290da3d1c9a3f86"",""context"":{""source"":""sim"",""regime_id"":""sim-r0"",""region"":""synthetic-local"",""as_of_utc"":""2026-10-05T00:01:34.750Z""},""config"":{""route"":""beam_http"",""tip_lamports"":""200000"",""cu_price_micro_lamports"":""0"",""cu_limit"":25000,""fee_bucket"":""zero"",""tip_tier"":""x2"",""size_class"":""small""},""horizon_slots"":4,""half_life_s"":3600.0,""alpha"":4.937872396210034,""beta"":1.0,""p_hat"":0.8315895099668579,""p_interval_95"":[0.47375807328683395,0.9948858514114547],""n_effective"":3.937872396210034,""assignments"":4,""resolved"":4,""unresolved"":0,""unresolved_share"":0.0,""data_age_s"":64.25,""observation_window"":[""2026-10-05T00:00:03.250+00:00"",""2026-10-05T00:00:30.500+00:00""],""evidence"":""INSUFFICIENT"",""samples_needed"":27,""insufficient_reasons"":[""discounted_sample_mass_below_30""]}"
sim,sha256:1c622c247cde8d968a7473c2867eb0b5ff34be5b9920748c4d3dcdd9dfeea21f,2026-10-05T00:01:34.750Z,synthetic-local,sim-r0,beam_quic,small,4,2.9690066219723388,INSUFFICIENT,"{""contract_version"":1,""estimator"":""m0-decayed-beta-v1"",""methodology_hash"":""sha256:0da0241b9ce652df77f7b9ee40a713f7bfa93e3c62207c28e290da3d1c9a3f86"",""context"":{""source"":""sim"",""regime_id"":""sim-r0"",""region"":""synthetic-local"",""as_of_utc"":""2026-10-05T00:01:34.750Z""},""config"":{""route"":""beam_quic"",""tip_lamports"":""500000"",""cu_price_micro_lamports"":""0"",""cu_limit"":25000,""fee_bucket"":""zero"",""tip_tier"":""x5"",""size_class"":""small""},""horizon_slots"":4,""half_life_s"":3600.0,""alpha"":3.9690066219723388,""beta"":1.0,""p_hat"":0.7987525322308643,""p_interval_95"":[0.3947820887874375,0.9936414241116336],""n_effective"":2.9690066219723388,""assignments"":3,""resolved"":3,""unresolved"":0,""unresolved_share"":0.0,""data_age_s"":34.75,""observation_window"":[""2026-10-05T00:00:04.250+00:00"",""2026-10-05T00:01:00+00:00""],""evidence"":""INSUFFICIENT"",""samples_needed"":28,""insufficient_reasons"":[""discounted_sample_mass_below_30""]}"
sim,sha256:1cb24c0dc0a41d9485a8c959bd4c2b71877259b89bef0125091b1733b8b0c427,2026-10-05T00:01:34.750Z,synthetic-local,sim-r0,beam_quic,small,1,0.9891327843600939,INSUFFICIENT,"{""contract_version"":1,""estimator"":""m0-decayed-beta-v1"",""methodology_hash"":""sha256:0da0241b9ce652df77f7b9ee40a713f7bfa93e3c62207c28e290da3d1c9a3f86"",""context"":{""source"":""sim"",""regime_id"":""sim-r0"",""region"":""synthetic-local"",""as_of_utc"":""2026-10-05T00:01:34.750Z""},""config"":{""route"":""beam_quic"",""tip_lamports"":""200000"",""cu_price_micro_lamports"":""0"",""cu_limit"":25000,""fee_bucket"":""zero"",""tip_tier"":""x2"",""size_class"":""small""},""horizon_slots"":1,""half_life_s"":3600.0,""alpha"":1.9891327843600939,""beta"":1.0,""p_hat"":0.6654548084206043,""p_interval_95"":[0.15652861502602872,0.9873525959266682],""n_effective"":0.9891327843600939,""assignments"":1,""resolved"":1,""unresolved"":0,""unresolved_share"":0.0,""data_age_s"":56.75,""observation_window"":[""2026-10-05T00:00:38+00:00"",""2026-10-05T00:00:38+00:00""],""evidence"":""INSUFFICIENT"",""samples_needed"":30,""insufficient_reasons"":[""discounted_sample_mass_below_30""]}"
sim,sha256:1cb3188e98aa01a5a9148478fb659c5ae53d14251b5ffa72cce6700b925d535e,2026-10-05T00:01:34.750Z,synthetic-local,sim-r0,beam_http,small,4,3.951290381328443,INSUFFICIENT,"{""contract_version"":1,""estimator"":""m0-decayed-beta-v1"",""methodology_hash"":""sha256:0da0241b9ce652df77f7b9ee40a713f7bfa93e3c62207c28e290da3d1c9a3f86"",""context"":{""source"":""sim"",""regime_id"":""sim-r0"",""region"":""synthetic-local"",""as_of_utc"":""2026-10-05T00:01:34.750Z""},""config"":{""route"":""beam_http"",""tip_lamports"":""100000"",""cu_price_micro_lamports"":""5000"",""cu_limit"":25000,""fee_bucket"":""local_p90"",""tip_tier"":""x1"",""size_class"":""small""},""horizon_slots"":4,""half_life_s"":3600.0,""alpha"":4.951290381328443,""beta"":1.0,""p_hat"":0.8319692140821432,""p_interval_95"":[0.47471818071020055,0.9948996753380601],""n_effective"":3.951290381328443,""assignments"":4,""resolved"":4,""unresolved"":0,""unresolved_share"":0.0,""data_age_s"":38.0,""observation_window"":[""2026-10-05T00:00:02.500+00:00"",""2026-10-05T00:00:56.750+00:00""],""evidence"":""INSUFFICIENT"",""samples_needed"":27,""insufficient_reasons"":[""discounted_sample_mass_below_30""]}"
sim,sha256:1da2289e9df3e99ae63f3120187adf3ffc13a2ccadeee8e7480b173d82b5f10e,2026-10-05T00:01:34.750Z,synthetic-local,sim-r0,beam_quic,large,2,2.9707853396273594,INSUFFICIENT,"{""contract_version"":1,""estimator"":""m0-decayed-beta-v1"",""methodology_hash"":""sha256:0da0241b9ce652df77f7b9ee40a713f7bfa93e3c62207c28e290da3d1c9a3f86"",""context"":{""source"":""sim"",""regime_id"":""sim-r0"",""region"":""synthetic-local"",""as_of_utc"":""2026-10-05T00:01:34.750Z""},""config"":{""route"":""beam_quic"",""tip_lamports"":""1000000"",""cu_price_micro_lamports"":""0"",""cu_limit"":300000,""fee_bucket"":""zero"",""tip_tier"":""x10"",""size_class"":""large""},""horizon_slots"":2,""half_life_s"":3600.0,""alpha"":3.9707853396273594,""beta"":1.0,""p_hat"":0.7988245454842019,""p_interval_95"":[0.39494648473045435,0.993644263371825],""n_effective"":2.9707853396273594,""assignments"":3,""resolved"":3,""unresolved"":0,""unresolved_share"":0.0,""data_age_s"":39.0,""observation_window"":[""2026-10-05T00:00:33.500+00:00"",""2026-10-05T00:00:55.750+00:00""],""evidence"":""INSUFFICIENT"",""samples_needed"":28,""insufficient_reasons"":[""discounted_sample_mass_below_30""]}"
sim,sha256:1f393d7d80f25a9756aceb1c03f0a8eae590817770f697fbb8a770883b1c5faf,2026-10-05T00:01:34.750Z,synthetic-local,sim-r0,rpc,large,1,3.9510253062014167,INSUFFICIENT,"{""contract_version"":1,""estimator"":""m0-decayed-beta-v1"",""methodology_hash"":""sha256:0da0241b9ce652df77f7b9ee40a713f7bfa93e3c62207c28e290da3d1c9a3f86"",""context"":{""source"":""sim"",""regime_id"":""sim-r0"",""region"":""synthetic-local"",""as_of_utc"":""2026-10-05T00:01:34.750Z""},""config"":{""route"":""rpc"",""tip_lamports"":""0"",""cu_price_micro_lamports"":""1000"",""cu_limit"":300000,""fee_bucket"":""local_median"",""tip_tier"":""none"",""size_class"":""large""},""horizon_slots"":1,""half_life_s"":3600.0,""alpha"":2.979222479541659,""beta"":2.971802826659758,""p_hat"":0.5006233928188953,""p_interval_95"":[0.14598514064784213,0.8548714392824992],""n_effective"":3.9510253062014167,""assignments"":4,""resolved"":4,""unresolved"":0,""unresolved_share"":0.0,""data_age_s"":43.25,""observation_window"":[""2026-10-05T00:00:13.750+00:00"",""2026-10-05T00:00:51.500+00:00""],""evidence"":""INSUFFICIENT"",""samples_needed"":27,""insufficient_reasons"":[""discounted_sample_mass_below_30""]}"
sim,sha256:21fc83ddb27bb70d5112f56cf7c363bcc6a62bbfb1f51d71fad1cf842ebf3da9,2026-10-05T00:01:34.750Z,synthetic-local,sim-r0,beam_http,large,2,1.978361310946518,INSUFFICIENT,"{""contract_version"":1,""estimator"":""m0-decayed-beta-v1"",""methodology_hash"":""sha256:0da0241b9ce652df77f7b9ee40a713f7bfa93e3c62207c28e290da3d1c9a3f86"",""context"":{""source"":""sim"",""regime_id"":""sim-r0"",""region"":""synthetic-local"",""as_of_utc"":""2026-10-05T00:01:34.750Z""},""config"":{""route"":""beam_http"",""tip_lamports"":""200000"",""cu_price_micro_lamports"":""1000"",""cu_limit"":300000,""fee_bucket"":""local_median"",""tip_tier"":""x2"",""size_class"":""large""},""horizon_slots"":2,""half_life_s"":3600.0,""alpha"":1.9884664391573659,""beta"":1.989894871789152,""p_hat"":0.49982047474825175,""p_interval_95"":[0.09352957690453159,0.9062744728014696],""n_effective"":1.978361310946518,""assignments"":2,""resolved"":2,""unresolved"":0,""unresolved_share"":0.0,""data_age_s"":52.75,""observation_window"":[""2026-10-05T00:00:34.500+00:00"",""2026-10-05T00:00:42+00:00""],""evidence"":""INSUFFICIENT"",""samples_needed"":29,""insufficient_reasons"":[""discounted_sample_mass_below_30""]}"
sim,sha256:220eb0336d40a103cd4ef9cbcaae077acb7d0c6783930eb1974ff2c01dd4e594,2026-10-05T00:01:34.750Z,synthetic-local,sim-r0,beam_quic,large,2,5.922446954068239,INSUFFICIENT,"{""contract_version"":1,""estimator"":""m0-decayed-beta-v1"",""methodology_hash"":""sha256:0da0241b9ce652df77f7b9ee40a713f7bfa93e3c62207c28e290da3d1c9a3f86"",""context"":{""source"":""sim"",""regime_id"":""sim-r0"",""region"":""synthetic-local"",""as_of_utc"":""2026-10-05T00:01:34.750Z""},""config"":{""route"":""beam_quic"",""tip_lamports"":""100000"",""cu_price_micro_lamports"":""0"",""cu_limit"":300000,""fee_bucket"":""zero"",""tip_tier"":""x1"",""size_class"":""large""},""horizon_slots"":2,""half_life_s"":3600.0,""alpha"":3.961125503346257,""beta"":3.9613214507219823,""p_hat"":0.49998763340563457,""p_interval_95"":[0.18279493755106857,0.8171861996495022],""n_effective"":5.922446954068239,""assignments"":6,""resolved"":6,""unresolved"":0,""unresolved_share"":0.0,""data_age_s"":47.5,""observation_window"":[""2026-10-05T00:00:14.500+00:00"",""2026-10-05T00:00:47.250+00:00""],""evidence"":""INSUFFICIENT"",""samples_needed"":25,""insufficient_reasons"":[""discounted_sample_mass_below_30""]}"
sim,sha256:2221c100fd61545847d28133c1f171a88cf5f61dbc2ec92453e9f9ad6daf3e2f,2026-10-05T00:01:34.750Z,synthetic-local,sim-r0,beam_http,large,2,2.955095572340338,INSUFFICIENT,"{""contract_version"":1,""estimator"":""m0-decayed-beta-v1"",""methodology_hash"":""sha256:0da0241b9ce652df77f7b9ee40a713f7bfa93e3c62207c28e290da3d1c9a3f86"",""context"":{""source"":""sim"",""regime_id"":""sim-r0"",""region"":""synthetic-local"",""as_of_utc"":""2026-10-05T00:01:34.750Z""},""config"":{""route"":""beam_http"",""tip_lamports"":""500000"",""cu_price_micro_lamports"":""1000"",""cu_limit"":300000,""fee_bucket"":""local_median"",""tip_tier"":""x5"",""size_class"":""large""},""horizon_slots"":2,""half_life_s"":3600.0,""alpha"":1.985805544265014,""beta"":2.969290028075324,""p_hat"":0.4007602911535972,""p_interval_95"":[0.06709983157506741,0.8079438228044538],""n_effective"":2.955095572340338,""assignments"":3,""resolved"":3,""unresolved"":0,""unresolved_share"":0.0,""data_age_s"":71.75,""observation_window"":[""2026-10-05T00:00:05.750+00:00"",""2026-10-05T00:00:23+00:00""],""evidence"":""INSUFFICIENT"",""samples_needed"":28,""insufficient_reasons"":[""discounted_sample_mass_below_30""]}"
sim,sha256:222b77ac6471b36b73a754bc6c22a751e58628c09fda24c3b25487a31cf251fe,2026-10-05T00:01:34.750Z,synthetic-local,sim-r0,beam_http,large,4,2.960524740423411,INSUFFICIENT,"{""contract_version"":1,""estimator"":""m0-decayed-beta-v1"",""methodology_hash"":""sha256:0da0241b9ce652df77f7b9ee40a713f7bfa93e3c62207c28e290da3d1c9a3f86"",""context"":{""source"":""sim"",""regime_id"":""sim-r0"",""region"":""synthetic-local"",""as_of_utc"":""2026-10-05T00:01:34.750Z""},""config"":{""route"":""beam_http"",""tip_lamports"":""100000"",""cu_price_micro_lamports"":""1000"",""cu_limit"":300000,""fee_bucket"":""local_median"",""tip_tier"":""x1"",""size_class"":""large""},""horizon_slots"":4,""half_life_s"":3600.0,""alpha"":3.9605247404234114,""beta"":1.0,""p_hat"":0.7984084240421219,""p_interval_95"":[0.3939970747851925,0.99362785002949],""n_effective"":2.960524740423411,""assignments"":3,""resolved"":3,""unresolved"":0,""unresolved_share"":0.0,""data_age_s"":42.25,""observation_window"":[""2026-10-05T00:00:04+00:00"",""2026-10-05T00:00:52.500+00:00""],""evidence"":""INSUFFICIENT"",""samples_needed"":28,""insufficient_reasons"":[""discounted_sample_mass_below_30""]}"
sim,sha256:225a4acf740b7f1ae806a01ce469dee62d1779ca4ae862b24088f8352f98e845,2026-10-05T00:01:34.750Z,synthetic-local,sim-r0,beam_quic,small,1,4.93039604864438,INSUFFICIENT,"{""contract_version"":1,""estimator"":""m0-decayed-beta-v1"",""methodology_hash"":""sha256:0da0241b9ce652df77f7b9ee40a713f7bfa93e3c62207c28e290da3d1c9a3f86"",""context"":{""source"":""sim"",""regime_id"":""sim-r0"",""region"":""synthetic-local"",""as_of_utc"":""2026-10-05T00:01:34.750Z""},""config"":{""route"":""beam_quic"",""tip_lamports"":""100000"",""cu_price_micro_lamports"":""1000"",""cu_limit"":25000,""fee_bucket"":""local_median"",""tip_tier"":""x1"",""size_class"":""small""},""horizon_slots"":1,""half_life_s"":3600.0,""alpha"":5.93039604864438,""beta"":1.0,""p_hat"":0.8557081019640133,""p_interval_95"":[0.5368539525702836,0.9957399401797413],""n_effective"":4.93039604864438,""assignments"":5,""resolved"":5,""unresolved"":0,""unresolved_share"":0.0,""data_age_s"":44.25,""observation_window"":[""2026-10-05T00:00:00+00:00"",""2026-10-05T00:00:50.500+00:00""],""evidence"":""INSUFFICIENT"",""samples_needed"":26,""insufficient_reasons"":[""discounted_sample_mass_below_30""]}"
sim,sha256:229f667c775a9e21c7218697783783c365b0cf06efc3649d646655e00d22a227,2026-10-05T00:01:34.750Z,synthetic-local,sim-r0,beam_quic,small,1,2.9690066219723388,INSUFFICIENT,"{""contract_version"":1,""estimator"":""m0-decayed-beta-v1"",""methodology_hash"":""sha256:0da0241b9ce652df77f7b9ee40a713f7bfa93e3c62207c28e290da3d1c9a3f86"",""context"":{""source"":""sim"",""regime_id"":""sim-r0"",""region"":""synthetic-local"",""as_of_utc"":""2026-10-05T00:01:34.750Z""},""config"":{""route"":""beam_quic"",""tip_lamports"":""500000"",""cu_price_micro_lamports"":""0"",""cu_limit"":25000,""fee_bucket"":""zero"",""tip_tier"":""x5"",""size_class"":""small""},""horizon_slots"":1,""half_life_s"":3600.0,""alpha"":3.9690066219723388,""beta"":1.0,""p_hat"":0.7987525322308643,""p_interval_95"":[0.3947820887874375,0.9936414241116336],""n_effective"":2.9690066219723388,""assignments"":3,""resolved"":3,""unresolved"":0,""unresolved_share"":0.0,""data_age_s"":34.75,""observation_window"":[""2026-10-05T00:00:04.250+00:00"",""2026-10-05T00:01:00+00:00""],""evidence"":""INSUFFICIENT"",""samples_needed"":28,""insufficient_reasons"":[""discounted_sample_mass_below_30""]}"
sim,sha256:2303e994d4004918e6b0e92706a5afd92098b4c7745bccf0fd04cff70221d712,2026-10-05T00:01:34.750Z,synthetic-local,sim-r0,beam_quic,small,2,0.9852837107856267,INSUFFICIENT,"{""contract_version"":1,""estimator"":""m0-decayed-beta-v1"",""methodology_hash"":""sha256:0da0241b9ce652df77f7b9ee40a713f7bfa93e3c62207c28e290da3d1c9a3f86"",""context"":{""source"":""sim"",""regime_id"":""sim-r0"",""region"":""synthetic-local"",""as_of_utc"":""2026-10-05T00:01:34.750Z""},""config"":{""route"":""beam_quic"",""tip_lamports"":""1000000"",""cu_price_micro_lamports"":""5000"",""cu_limit"":25000,""fee_bucket"":""local_p90"",""tip_tier"":""x10"",""size_class"":""small""},""horizon_slots"":2,""half_life_s"":3600.0,""alpha"":1.9852837107856265,""beta"":1.0,""p_hat"":0.6650234627995094,""p_interval_95"":[0.15596682045743676,0.9873282311253904],""n_effective"":0.9852837107856267,""assignments"":1,""resolved"":1,""unresolved"":0,""unresolved_share"":0.0,""data_age_s"":77.0,""observation_window"":[""2026-10-05T00:00:17.750+00:00"",""2026-10-05T00:00:17.750+00:00""],""evidence"":""INSUFFICIENT"",""samples_needed"":30,""insufficient_reasons"":[""discounted_sample_mass_below_30""]}"
sim,sha256:23b6c0e6a62679e261f38e967867372ddc172e1062e1b1dc325508b251184d52,2026-10-05T00:01:34.750Z,synthetic-local,sim-r0,beam_quic,medium,2,2.9633712222405375,INSUFFICIENT,"{""contract_version"":1,""estimator"":""m0-decayed-beta-v1"",""methodology_hash"":""sha256:0da0241b9ce652df77f7b9ee40a713f7bfa93e3c62207c28e290da3d1c9a3f86"",""context"":{""source"":""sim"",""regime_id"":""sim-r0"",""region"":""synthetic-local"",""as_of_utc"":""2026-10-05T00:01:34.750Z""},""config"":{""route"":""beam_quic"",""tip_lamports"":""200000"",""cu_price_micro_lamports"":""5000"",""cu_limit"":100000,""fee_bucket"":""local_p90"",""tip_tier"":""x2"",""size_class"":""medium""},""horizon_slots"":2,""half_life_s"":3600.0,""alpha"":3.9633712222405375,""beta"":1.0,""p_hat"":0.7985240363406496,""p_interval_95"":[0.39426072228584963,0.9936324118877369],""n_effective"":2.9633712222405375,""assignments"":3,""resolved"":3,""unresolved"":0,""unresolved_share"":0.0,""data_age_s"":40.25,""observation_window"":[""2026-10-05T00:00:12+00:00"",""2026-10-05T00:00:54.500+00:00""],""evidence"":""INSUFFICIENT"",""samples_needed"":28,""insufficient_reasons"":[""discounted_sample_mass_below_30""]}"
sim,sha256:24d7a82f7d3df3bd322be92c723c4afc2b50e6a0d38ad1ccbaa651fbe496febb,2026-10-05T00:01:34.750Z,synthetic-local,sim-r0,beam_quic,medium,1,0.9853311387761363,INSUFFICIENT,"{""contract_version"":1,""estimator"":""m0-decayed-beta-v1"",""methodology_hash"":""sha256:0da0241b9ce652df77f7b9ee40a713f7bfa93e3c62207c28e290da3d1c9a3f86"",""context"":{""source"":""sim"",""regime_id"":""sim-r0"",""region"":""synthetic-local"",""as_of_utc"":""2026-10-05T00:01:34.750Z""},""config"":{""route"":""beam_quic"",""tip_lamports"":""1000000"",""cu_price_micro_lamports"":""1000"",""cu_limit"":100000,""fee_bucket"":""local_median"",""tip_tier"":""x10"",""size_class"":""medium""},""horizon_slots"":1,""half_life_s"":3600.0,""alpha"":1.9853311387761363,""beta"":1.0,""p_hat"":0.6650287845756504,""p_interval_95"":[0.15597374379507623,0.9873285319178284],""n_effective"":0.9853311387761363,""assignments"":1,""resolved"":1,""unresolved"":0,""unresolved_share"":0.0,""data_age_s"":76.75,""observation_window"":[""2026-10-05T00:00:18+00:00"",""2026-10-05T00:00:18+00:00""],""evidence"":""INSUFFICIENT"",""samples_needed"":30,""insufficient_reasons"":[""discounted_sample_mass_below_30""]}"
sim,sha256:251840e95006b5f45841eb1679f3ada2a9a3dc57e423f9320e0368beb900ba48,2026-10-05T00:01:34.750Z,synthetic-local,sim-r0,rpc,medium,4,0.9910868090296878,INSUFFICIENT,"{""contract_version"":1,""estimator"":""m0-decayed-beta-v1"",""methodology_hash"":""sha256:0da0241b9ce652df77f7b9ee40a713f7bfa93e3c62207c28e290da3d1c9a3f86"",""context"":{""source"":""sim"",""regime_id"":""sim-r0"",""region"":""synthetic-local"",""as_of_utc"":""2026-10-05T00:01:34.750Z""},""config"":{""route"":""rpc"",""tip_lamports"":""0"",""cu_price_micro_lamports"":""1000"",""cu_limit"":100000,""fee_bucket"":""local_median"",""tip_tier"":""none"",""size_class"":""medium""},""horizon_slots"":4,""half_life_s"":3600.0,""alpha"":1.991086809029688,""beta"":1.0,""p_hat"":0.6656733609398648,""p_interval_95"":[0.1568137559450985,0.9873649291659752],""n_effective"":0.9910868090296878,""assignments"":1,""resolved"":1,""unresolved"":0,""unresolved_share"":0.0,""data_age_s"":46.5,""observation_window"":[""2026-10-05T00:00:48.250+00:00"",""2026-10-05T00:00:48.250+00:00""],""evidence"":""INSUFFICIENT"",""samples_needed"":30,""insufficient_reasons"":[""discounted_sample_mass_below_30""]}"
sim,sha256:2590f21256071091f64d53f83db6f55c2a447524a49745488d2fe2a8335dc894,2026-10-05T00:01:34.750Z,synthetic-local,sim-r0,beam_http,medium,1,2.9631382148357215,INSUFFICIENT,"{""contract_version"":1,""estimator"":""m0-decayed-beta-v1"",""methodology_hash"":""sha256:0da0241b9ce652df77f7b9ee40a713f7bfa93e3c62207c28e290da3d1c9a3f86"",""context"":{""source"":""sim"",""regime_id"":""sim-r0"",""region"":""synthetic-local"",""as_of_utc"":""2026-10-05T00:01:34.750Z""},""config"":{""route"":""beam_http"",""tip_lamports"":""500000"",""cu_price_micro_lamports"":""5000"",""cu_limit"":100000,""fee_bucket"":""local_p90"",""tip_tier"":""x5"",""size_class"":""medium""},""horizon_slots"":1,""half_life_s"":3600.0,""alpha"":2.9806487185115844,""beta"":1.9824894963241375,""p_hat"":0.6005572662880683,""p_interval_95"":[0.19336838938749473,0.9333671981043481],""n_effective"":2.9631382148357215,""assignments"":3,""resolved"":3,""unresolved"":0,""unresolved_share"":0.0,""data_age_s"":45.0,""observation_window"":[""2026-10-05T00:00:03+00:00"",""2026-10-05T00:00:49.750+00:00""],""evidence"":""INSUFFICIENT"",""samples_needed"":28,""insufficient_reasons"":[""discounted_sample_mass_below_30""]}"
sim,sha256:280f75cafbde4506b4746b0a5a810c79dd8560e8bad3600718eccdc790f1dd2e,2026-10-05T00:01:34.750Z,synthetic-local,sim-r0,beam_http,small,2,0.9908006132652294,INSUFFICIENT,"{""contract_version"":1,""estimator"":""m0-decayed-beta-v1"",""methodology_hash"":""sha256:0da0241b9ce652df77f7b9ee40a713f7bfa93e3c62207c28e290da3d1c9a3f86"",""context"":{""source"":""sim"",""regime_id"":""sim-r0"",""region"":""synthetic-local"",""as_of_utc"":""2026-10-05T00:01:34.750Z""},""config"":{""route"":""beam_http"",""tip_lamports"":""1000000"",""cu_price_micro_lamports"":""1000"",""cu_limit"":25000,""fee_bucket"":""local_median"",""tip_tier"":""x10"",""size_class"":""small""},""horizon_slots"":2,""half_life_s"":3600.0,""alpha"":1.9908006132652294,""beta"":1.0,""p_hat"":0.6656413685470519,""p_interval_95"":[0.15677199541263281,0.9873631242846843],""n_effective"":0.9908006132652294,""assignments"":1,""resolved"":1,""unresolved"":0,""unresolved_share"":0.0,""data_age_s"":48.0,""observation_window"":[""2026-10-05T00:00:46.750+00:00"",""2026-10-05T00:00:46.750+00:00""],""evidence"":""INSUFFICIENT"",""samples_needed"":30,""insufficient_reasons"":[""discounted_sample_mass_below_30""]}"
sim,sha256:2950e98e10774634d7d66775d128a86ccf955305d78c6746362b88c3a4aef365,2026-10-05T00:01:34.750Z,synthetic-local,sim-r0,beam_http,large,1,3.960741487813044,INSUFFICIENT,"{""contract_version"":1,""estimator"":""m0-decayed-beta-v1"",""methodology_hash"":""sha256:0da0241b9ce652df77f7b9ee40a713f7bfa93e3c62207c28e290da3d1c9a3f86"",""context"":{""source"":""sim"",""regime_id"":""sim-r0"",""region"":""synthetic-local"",""as_of_utc"":""2026-10-05T00:01:34.750Z""},""config"":{""route"":""beam_http"",""tip_lamports"":""1000000"",""cu_price_micro_lamports"":""1000"",""cu_limit"":300000,""fee_bucket"":""local_median"",""tip_tier"":""x10"",""size_class"":""large""},""horizon_slots"":1,""half_life_s"":3600.0,""alpha"":2.978278118740628,""beta"":2.9824633690724154,""p_hat"":0.4996489320715934,""p_interval_95"":[0.14552951138801484,0.8539877579937716],""n_effective"":3.960741487813044,""assignments"":4,""resolved"":4,""unresolved"":0,""unresolved_share"":0.0,""data_age_s"":36.0,""observation_window"":[""2026-10-05T00:00:19.500+00:00"",""2026-10-05T00:00:58.750+00:00""],""evidence"":""INSUFFICIENT"",""samples_needed"":27,""insufficient_reasons"":[""discounted_sample_mass_below_30""]}"
sim,sha256:2a0346423ae9d0f8ab2fe473bae51563e1b2e4b37b25a92459cb6b854d4401af,2026-10-05T00:01:34.750Z,synthetic-local,sim-r0,beam_http,large,1,1.978361310946518,INSUFFICIENT,"{""contract_version"":1,""estimator"":""m0-decayed-beta-v1"",""methodology_hash"":""sha256:0da0241b9ce652df77f7b9ee40a713f7bfa93e3c62207c28e290da3d1c9a3f86"",""context"":{""source"":""sim"",""regime_id"":""sim-r0"",""region"":""synthetic-local"",""as_of_utc"":""2026-10-05T00:01:34.750Z""},""config"":{""route"":""beam_http"",""tip_lamports"":""200000"",""cu_price_micro_lamports"":""1000"",""cu_limit"":300000,""fee_bucket"":""local_median"",""tip_tier"":""x2"",""size_class"":""large""},""horizon_slots"":1,""half_life_s"":3600.0,""alpha"":1.9884664391573659,""beta"":1.989894871789152,""p_hat"":0.49982047474825175,""p_interval_95"":[0.09352957690453159,0.9062744728014696],""n_effective"":1.978361310946518,""assignments"":2,""resolved"":2,""unresolved"":0,""unresolved_share"":0.0,""data_age_s"":52.75,""observation_window"":[""2026-10-05T00:00:34.500+00:00"",""2026-10-05T00:00:42+00:00""],""evidence"":""INSUFFICIENT"",""samples_needed"":29,""insufficient_reasons"":[""discounted_sample_mass_below_30""]}"
sim,sha256:2b0068f5b3d235e9e0f95bd0c682918e67cfa0168cb9526600a0427397408480,2026-10-05T00:01:34.750Z,synthetic-local,sim-r0,rpc,small,4,2.971510821692533,INSUFFICIENT,"{""contract_version"":1,""estimator"":""m0-decayed-beta-v1"",""methodology_hash"":""sha256:0da0241b9ce652df77f7b9ee40a713f7bfa93e3c62207c28e290da3d1c9a3f86"",""context"":{""source"":""sim"",""regime_id"":""sim-r0"",""region"":""synthetic-local"",""as_of_utc"":""2026-10-05T00:01:34.750Z""},""config"":{""route"":""rpc"",""tip_lamports"":""0"",""cu_price_micro_lamports"":""5000"",""cu_limit"":25000,""fee_bucket"":""local_p90"",""tip_tier"":""none"",""size_class"":""small""},""horizon_slots"":4,""half_life_s"":3600.0,""alpha"":3.971510821692533,""beta"":1.0,""p_hat"":0.7988539025930244,""p_interval_95"":[0.39501351393843265,0.9936454206874186],""n_effective"":2.971510821692533,""assignments"":3,""resolved"":3,""unresolved"":0,""unresolved_share"":0.0,""data_age_s"":35.5,""observation_window"":[""2026-10-05T00:00:22+00:00"",""2026-10-05T00:00:59.250+00:00""],""evidence"":""INSUFFICIENT"",""samples_needed"":28,""insufficient_reasons"":[""discounted_sample_mass_below_30""]}"
sim,sha256:2b8c4484863ccbc5ad9aa465c421b612e81cd8528ef3f3b45ee0542d26382137,2026-10-05T00:01:34.750Z,synthetic-local,sim-r0,beam_http,small,2,5.917854899281778,INSUFFICIENT,"{""contract_version"":1,""estimator"":""m0-decayed-beta-v1"",""methodology_hash"":""sha256:0da0241b9ce652df77f7b9ee40a713f7bfa93e3c62207c28e290da3d1c9a3f86"",""context"":{""source"":""sim"",""regime_id"":""sim-r0"",""region"":""synthetic-local"",""as_of_utc"":""2026-10-05T00:01:34.750Z""},""config"":{""route"":""beam_http"",""tip_lamports"":""200000"",""cu_price_micro_lamports"":""1000"",""cu_limit"":25000,""fee_bucket"":""local_median"",""tip_tier"":""x2"",""size_class"":""small""},""horizon_slots"":2,""half_life_s"":3600.0,""alpha"":6.917854899281778,""beta"":1.0,""p_hat"":0.873703166738922,""p_interval_95"":[0.5867007630419772,0.996346911571671],""n_effective"":5.917854899281778,""assignments"":6,""resolved"":6,""unresolved"":0,""unresolved_share"":0.0,""data_age_s"":35.75,""observation_window"":[""2026-10-05T00:00:09.750+00:00"",""2026-10-05T00:00:59+00:00""],""evidence"":""INSUFFICIENT"",""samples_needed"":25,""insufficient_reasons"":[""discounted_sample_mass_below_30""]}"
sim,sha256:2c93ad1a358ae91db702620521402bdff43bc378a34425f8e3908c740305b24f,2026-10-05T00:01:34.750Z,synthetic-local,sim-r0,beam_quic,medium,4,2.9633712222405375,INSUFFICIENT,"{""contract_version"":1,""estimator"":""m0-decayed-beta-v1"",""methodology_hash"":""sha256:0da0241b9ce652df77f7b9ee40a713f7bfa93e3c62207c28e290da3d1c9a3f86"",""context"":{""source"":""sim"",""regime_id"":""sim-r0"",""region"":""synthetic-local"",""as_of_utc"":""2026-10-05T00:01:34.750Z""},""config"":{""route"":""beam_quic"",""tip_lamports"":""200000"",""cu_price_micro_lamports"":""5000"",""cu_limit"":100000,""fee_bucket"":""local_p90"",""tip_tier"":""x2"",""size_class"":""medium""},""horizon_slots"":4,""half_life_s"":3600.0,""alpha"":3.9633712222405375,""beta"":1.0,""p_hat"":0.7985240363406496,""p_interval_95"":[0.39426072228584963,0.9936324118877369],""n_effective"":2.9633712222405375,""assignments"":3,""resolved"":3,""unresolved"":0,""unresolved_share"":0.0,""data_age_s"":40.25,""observation_window"":[""2026-10-05T00:00:12+00:00"",""2026-10-05T00:00:54.500+00:00""],""evidence"":""INSUFFICIENT"",""samples_needed"":28,""insufficient_reasons"":[""discounted_sample_mass_below_30""]}"
sim,sha256:2d190e8e10c57d0707d2aa030e067709079cecefb19d741ee15573e85f483e0f,2026-10-05T00:01:34.750Z,synthetic-local,sim-r0,beam_quic,small,1,6.918166260820094,INSUFFICIENT,"{""contract_version"":1,""estimator"":""m0-decayed-beta-v1"",""methodology_hash"":""sha256:0da0241b9ce652df77f7b9ee40a713f7bfa93e3c62207c28e290da3d1c9a3f86"",""context"":{""source"":""sim"",""regime_id"":""sim-r0"",""region"":""synthetic-local"",""as_of_utc"":""2026-10-05T00:01:34.750Z""},""config"":{""route"":""beam_quic"",""tip_lamports"":""1000000"",""cu_price_micro_lamports"":""1000"",""cu_limit"":25000,""fee_bucket"":""local_median"",""tip_tier"":""x10"",""size_class"":""small""},""horizon_slots"":1,""half_life_s"":3600.0,""alpha"":7.918166260820095,""beta"":1.0,""p_hat"":0.8878693252901924,""p_interval_95"":[0.6275854303490618,0.9968076731080662],""n_effective"":6.918166260820094,""assignments"":7,""resolved"":7,""unresolved"":0,""unresolved_share"":0.0,""data_age_s"":41.25,""observation_window"":[""2026-10-05T00:00:09+00:00"",""2026-10-05T00:00:53.500+00:00""],""evidence"":""INSUFFICIENT"",""samples_needed"":24,""insufficient_reasons"":[""discounted_sample_mass_below_30""]}"
sim,sha256:2d24a80284c306b80d1dcb8eb42744f217ae7716a2fce3a2b1b349609dec6740,2026-10-05T00:01:34.750Z,synthetic-local,sim-r0,beam_http,small,4,1.9827489887643868,INSUFFICIENT,"{""contract_version"":1,""estimator"":""m0-decayed-beta-v1"",""methodology_hash"":""sha256:0da0241b9ce652df77f7b9ee40a713f7bfa93e3c62207c28e290da3d1c9a3f86"",""context"":{""source"":""sim"",""regime_id"":""sim-r0"",""region"":""synthetic-local"",""as_of_utc"":""2026-10-05T00:01:34.750Z""},""config"":{""route"":""beam_http"",""tip_lamports"":""1000000"",""cu_price_micro_lamports"":""0"",""cu_limit"":25000,""fee_bucket"":""zero"",""tip_tier"":""x10"",""size_class"":""small""},""horizon_slots"":4,""half_life_s"":3600.0,""alpha"":2.9827489887643868,""beta"":1.0,""p_hat"":0.7489171416975888,""p_interval_95"":[0.2903296881852623,0.9915478433898846],""n_effective"":1.9827489887643868,""assignments"":2,""resolved"":2,""unresolved"":0,""unresolved_share"":0.0,""data_age_s"":36.25,""observation_window"":[""2026-10-05T00:00:41+00:00"",""2026-10-05T00:00:58.500+00:00""],""evidence"":""INSUFFICIENT"",""samples_needed"":29,""insufficient_reasons"":[""discounted_sample_mass_below_30""]}"
sim,sha256:2d9777e4345c43d144fe8cc052d0b024baaf0ecf00b908808197f1eb51ece381,2026-10-05T00:01:34.750Z,synthetic-local,sim-r0,beam_http,small,1,0.9831044892582366,INSUFFICIENT,"{""contract_version"":1,""estimator"":""m0-decayed-beta-v1"",""methodology_hash"":""sha256:0da0241b9ce652df77f7b9ee40a713f7bfa93e3c62207c28e290da3d1c9a3f86"",""context"":{""source"":""sim"",""regime_id"":""sim-r0"",""region"":""synthetic-local"",""as_of_utc"":""2026-10-05T00:01:34.750Z""},""config"":{""route"":""beam_http"",""tip_lamports"":""500000"",""cu_price_micro_lamports"":""5000"",""cu_limit"":25000,""fee_bucket"":""local_p90"",""tip_tier"":""x5"",""size_class"":""small""},""horizon_slots"":1,""half_life_s"":3600.0,""alpha"":1.9831044892582366,""beta"":1.0,""p_hat"":0.6647787552863578,""p_interval_95"":[0.1556486817039025,0.9873143948939667],""n_effective"":0.9831044892582366,""assignments"":1,""resolved"":1,""unresolved"":0,""unresolved_share"":0.0,""data_age_s"":88.5,""observation_window"":[""2026-10-05T00:00:06.250+00:00"",""2026-10-05T00:00:06.250+00:00""],""evidence"":""INSUFFICIENT"",""samples_needed"":30,""insufficient_reasons"":[""discounted_sample_mass_below_30""]}"
sim,sha256:2fc14152b872dad489a31a3a4a9990af0c51fc7bf2bdc06f2d720c218ac9c2db,2026-10-05T00:01:34.750Z,synthetic-local,sim-r0,beam_http,large,4,3.952788878115686,INSUFFICIENT,"{""contract_version"":1,""estimator"":""m0-decayed-beta-v1"",""methodology_hash"":""sha256:0da0241b9ce652df77f7b9ee40a713f7bfa93e3c62207c28e290da3d1c9a3f86"",""context"":{""source"":""sim"",""regime_id"":""sim-r0"",""region"":""synthetic-local"",""as_of_utc"":""2026-10-05T00:01:34.750Z""},""config"":{""route"":""beam_http"",""tip_lamports"":""500000"",""cu_price_micro_lamports"":""5000"",""cu_limit"":300000,""fee_bucket"":""local_p90"",""tip_tier"":""x5"",""size_class"":""large""},""horizon_slots"":4,""half_life_s"":3600.0,""alpha"":4.952788878115686,""beta"":1.0,""p_hat"":0.8320115125069675,""p_interval_95"":[0.47482520118666904,0.9949012145319471],""n_effective"":3.952788878115686,""assignments"":4,""resolved"":4,""unresolved"":0,""unresolved_share"":0.0,""data_age_s"":35.25,""observation_window"":[""2026-10-05T00:00:22.250+00:00"",""2026-10-05T00:00:59.500+00:00""],""evidence"":""INSUFFICIENT"",""samples_needed"":27,""insufficient_reasons"":[""discounted_sample_mass_below_30""]}"
sim,sha256:2fe857c1392c04cd200a7acb71b0c2d0dc0b63e7e4459fa20423e2ab2ca51840,2026-10-05T00:01:34.750Z,synthetic-local,sim-r0,beam_quic,large,4,4.934796493109502,INSUFFICIENT,"{""contract_version"":1,""estimator"":""m0-decayed-beta-v1"",""methodology_hash"":""sha256:0da0241b9ce652df77f7b9ee40a713f7bfa93e3c62207c28e290da3d1c9a3f86"",""context"":{""source"":""sim"",""regime_id"":""sim-r0"",""region"":""synthetic-local"",""as_of_utc"":""2026-10-05T00:01:34.750Z""},""config"":{""route"":""beam_quic"",""tip_lamports"":""500000"",""cu_price_micro_lamports"":""0"",""cu_limit"":300000,""fee_bucket"":""zero"",""tip_tier"":""x5"",""size_class"":""large""},""horizon_slots"":4,""half_life_s"":3600.0,""alpha"":5.934796493109502,""beta"":1.0,""p_hat"":0.8557996617501881,""p_interval_95"":[0.5371016136652509,0.9957430921327339],""n_effective"":4.934796493109502,""assignments"":5,""resolved"":5,""unresolved"":0,""unresolved_share"":0.0,""data_age_s"":53.25,""observation_window"":[""2026-10-05T00:00:01.500+00:00"",""2026-10-05T00:00:41.500+00:00""],""evidence"":""INSUFFICIENT"",""samples_needed"":26,""insufficient_reasons"":[""discounted_sample_mass_below_30""]}"
sim,sha256:32fb364c708cc56849a9403dab9051b59e1f9cb44aeb28eb8ec4e8b4a0b364c1,2026-10-05T00:01:34.750Z,synthetic-local,sim-r0,beam_http,large,2,2.9692137227850743,INSUFFICIENT,"{""contract_version"":1,""estimator"":""m0-decayed-beta-v1"",""methodology_hash"":""sha256:0da0241b9ce652df77f7b9ee40a713f7bfa93e3c62207c28e290da3d1c9a3f86"",""context"":{""source"":""sim"",""regime_id"":""sim-r0"",""region"":""synthetic-local"",""as_of_utc"":""2026-10-05T00:01:34.750Z""},""config"":{""route"":""beam_http"",""tip_lamports"":""200000"",""cu_price_micro_lamports"":""5000"",""cu_limit"":300000,""fee_bucket"":""local_p90"",""tip_tier"":""x2"",""size_class"":""large""},""horizon_slots"":2,""half_life_s"":3600.0,""alpha"":3.969213722785074,""beta"":1.0,""p_hat"":0.7987609195767224,""p_interval_95"":[0.394801233900262,0.9936417548247032],""n_effective"":2.9692137227850743,""assignments"":3,""resolved"":3,""unresolved"":0,""unresolved_share"":0.0,""data_age_s"":39.5,""observation_window"":[""2026-10-05T00:00:32.500+00:00"",""2026-10-05T00:00:55.250+00:00""],""evidence"":""INSUFFICIENT"",""samples_needed"":28,""insufficient_reasons"":[""discounted_sample_mass_below_30""]}"
sim,sha256:334115a73fc2a24e35a936c9396037e18b64440c502af2bf6f284937451d5596,2026-10-05T00:01:34.750Z,synthetic-local,sim-r0,rpc,small,2,2.971510821692533,INSUFFICIENT,"{""contract_version"":1,""estimator"":""m0-decayed-beta-v1"",""methodology_hash"":""sha256:0da0241b9ce652df77f7b9ee40a713f7bfa93e3c62207c28e290da3d1c9a3f86"",""context"":{""source"":""sim"",""regime_id"":""sim-r0"",""region"":""synthetic-local"",""as_of_utc"":""2026-10-05T00:01:34.750Z""},""config"":{""route"":""rpc"",""tip_lamports"":""0"",""cu_price_micro_lamports"":""5000"",""cu_limit"":25000,""fee_bucket"":""local_p90"",""tip_tier"":""none"",""size_class"":""small""},""horizon_slots"":2,""half_life_s"":3600.0,""alpha"":3.971510821692533,""beta"":1.0,""p_hat"":0.7988539025930244,""p_interval_95"":[0.39501351393843265,0.9936454206874186],""n_effective"":2.971510821692533,""assignments"":3,""resolved"":3,""unresolved"":0,""unresolved_share"":0.0,""data_age_s"":35.5,""observation_window"":[""2026-10-05T00:00:22+00:00"",""2026-10-05T00:00:59.250+00:00""],""evidence"":""INSUFFICIENT"",""samples_needed"":28,""insufficient_reasons"":[""discounted_sample_mass_below_30""]}"
sim,sha256:33a75ec9427e5d3c91efb0b1e80038b3f319803b9901c3e9060a587aba018b4b,2026-10-05T00:01:34.750Z,synthetic-local,sim-r0,beam_http,large,4,0.9848569615884375,INSUFFICIENT,"{""contract_version"":1,""estimator"":""m0-decayed-beta-v1"",""methodology_hash"":""sha256:0da0241b9ce652df77f7b9ee40a713f7bfa93e3c62207c28e290da3d1c9a3f86"",""context"":{""source"":""sim"",""regime_id"":""sim-r0"",""region"":""synthetic-local"",""as_of_utc"":""2026-10-05T00:01:34.750Z""},""config"":{""route"":""beam_http"",""tip_lamports"":""500000"",""cu_price_micro_lamports"":""0"",""cu_limit"":300000,""fee_bucket"":""zero"",""tip_tier"":""x5"",""size_class"":""large""},""horizon_slots"":4,""half_life_s"":3600.0,""alpha"":1.9848569615884375,""beta"":1.0,""p_hat"":0.6649755707329323,""p_interval_95"":[0.15590452435816565,0.987325524002443],""n_effective"":0.9848569615884375,""assignments"":1,""resolved"":1,""unresolved"":0,""unresolved_share"":0.0,""data_age_s"":79.25,""observation_window"":[""2026-10-05T00:00:15.500+00:00"",""2026-10-05T00:00:15.500+00:00""],""evidence"":""INSUFFICIENT"",""samples_needed"":30,""insufficient_reasons"":[""discounted_sample_mass_below_30""]}"
sim,sha256:33bc10f757def77ad1dd599922a1f6ef7b0e5845a6610a7d2cd5cffa1049f906,2026-10-05T00:01:34.750Z,synthetic-local,sim-r0,beam_http,small,4,5.921460147280182,INSUFFICIENT,"{""contract_version"":1,""estimator"":""m0-decayed-beta-v1"",""methodology_hash"":""sha256:0da0241b9ce652df77f7b9ee40a713f7bfa93e3c62207c28e290da3d1c9a3f86"",""context"":{""source"":""sim"",""regime_id"":""sim-r0"",""region"":""synthetic-local"",""as_of_utc"":""2026-10-05T00:01:34.750Z""},""config"":{""route"":""beam_http"",""tip_lamports"":""100000"",""cu_price_micro_lamports"":""1000"",""cu_limit"":25000,""fee_bucket"":""local_median"",""tip_tier"":""x1"",""size_class"":""small""},""horizon_slots"":4,""half_life_s"":3600.0,""alpha"":6.921460147280182,""beta"":1.0,""p_hat"":0.8737606474807112,""p_interval_95"":[0.5868637442020497,0.9963488109132161],""n_effective"":5.921460147280182,""assignments"":6,""resolved"":6,""unresolved"":0,""unresolved_share"":0.0,""data_age_s"":42.0,""observation_window"":[""2026-10-05T00:00:05.250+00:00"",""2026-10-05T00:00:52.750+00:00""],""evidence"":""INSUFFICIENT"",""samples_needed"":25,""insufficient_reasons"":[""discounted_sample_mass_below_30""]}"
sim,sha256:3566fa45bb239a4454d8bd50e4d4ce8682721683bea44afd607f141b400a5b98,2026-10-05T00:01:34.750Z,synthetic-local,sim-r0,beam_http,small,4,1.974150289688665,INSUFFICIENT,"{""contract_version"":1,""estimator"":""m0-decayed-beta-v1"",""methodology_hash"":""sha256:0da0241b9ce652df77f7b9ee40a713f7bfa93e3c62207c28e290da3d1c9a3f86"",""context"":{""source"":""sim"",""regime_id"":""sim-r0"",""region"":""synthetic-local"",""as_of_utc"":""2026-10-05T00:01:34.750Z""},""config"":{""route"":""beam_http"",""tip_lamports"":""1000000"",""cu_price_micro_lamports"":""5000"",""cu_limit"":25000,""fee_bucket"":""local_p90"",""tip_tier"":""x10"",""size_class"":""small""},""horizon_slots"":4,""half_life_s"":3600.0,""alpha"":2.974150289688665,""beta"":1.0,""p_hat"":0.7483738844515767,""p_interval_95"":[0.2892934422356688,0.9915235108423759],""n_effective"":1.974150289688665,""assignments"":2,""resolved"":2,""unresolved"":0,""unresolved_share"":0.0,""data_age_s"":42.75,""observation_window"":[""2026-10-05T00:00:02.250+00:00"",""2026-10-05T00:00:52+00:00""],""evidence"":""INSUFFICIENT"",""samples_needed"":29,""insufficient_reasons"":[""discounted_sample_mass_below_30""]}"
sim,sha256:3598525a1368164a0cd12461a97c6e7c01a87290578000297d835497d17625cf,2026-10-05T00:01:34.750Z,synthetic-local,sim-r0,beam_quic,medium,1,1.9758522358561224,INSUFFICIENT,"{""contract_version"":1,""estimator"":""m0-decayed-beta-v1"",""methodology_hash"":""sha256:0da0241b9ce652df77f7b9ee40a713f7bfa93e3c62207c28e290da3d1c9a3f86"",""context"":{""source"":""sim"",""regime_id"":""sim-r0"",""region"":""synthetic-local"",""as_of_utc"":""2026-10-05T00:01:34.750Z""},""config"":{""route"":""beam_quic"",""tip_lamports"":""200000"",""cu_price_micro_lamports"":""1000"",""cu_limit"":100000,""fee_bucket"":""local_median"",""tip_tier"":""x2"",""size_class"":""medium""},""horizon_slots"":1,""half_life_s"":3600.0,""alpha"":2.9758522358561224,""beta"":1.0,""p_hat"":0.7484815982391082,""p_interval_95"":[0.28949872790970577,0.9915283381138311],""n_effective"":1.9758522358561224,""assignments"":2,""resolved"":2,""unresolved"":0,""unresolved_share"":0.0,""data_age_s"":44.0,""observation_window"":[""2026-10-05T00:00:12.500+00:00"",""2026-10-05T00:00:50.750+00:00""],""evidence"":""INSUFFICIENT"",""samples_needed"":29,""insufficient_reasons"":[""discounted_sample_mass_below_30""]}"
sim,sha256:36290cbe00616ef5f3a002503ee17ac69e7e7aa24665f576e11d1e728b0dffdc,2026-10-05T00:01:34.750Z,synthetic-local,sim-r0,beam_quic,small,2,4.930396048644381,INSUFFICIENT,"{""contract_version"":1,""estimator"":""m0-decayed-beta-v1"",""methodology_hash"":""sha256:0da0241b9ce652df77f7b9ee40a713f7bfa93e3c62207c28e290da3d1c9a3f86"",""context"":{""source"":""sim"",""regime_id"":""sim-r0"",""region"":""synthetic-local"",""as_of_utc"":""2026-10-05T00:01:34.750Z""},""config"":{""route"":""beam_quic"",""tip_lamports"":""100000"",""cu_price_micro_lamports"":""1000"",""cu_limit"":25000,""fee_bucket"":""local_median"",""tip_tier"":""x1"",""size_class"":""small""},""horizon_slots"":2,""half_life_s"":3600.0,""alpha"":5.930396048644381,""beta"":1.0,""p_hat"":0.8557081019640134,""p_interval_95"":[0.5368539525702836,0.9957399401797413],""n_effective"":4.930396048644381,""assignments"":5,""resolved"":5,""unresolved"":0,""unresolved_share"":0.0,""data_age_s"":44.25,""observation_window"":[""2026-10-05T00:00:00+00:00"",""2026-10-05T00:00:50.500+00:00""],""evidence"":""INSUFFICIENT"",""samples_needed"":26,""insufficient_reasons"":[""discounted_sample_mass_below_30""]}"
sim,sha256:39039437f74a2fb07c452e96ffa3feb6e20af7895ac270f60a9d0e69a7cdea5a,2026-10-05T00:01:34.750Z,synthetic-local,sim-r0,beam_http,small,1,3.937872396210034,INSUFFICIENT,"{""contract_version"":1,""estimator"":""m0-decayed-beta-v1"",""methodology_hash"":""sha256:0da0241b9ce652df77f7b9ee40a713f7bfa93e3c62207c28e290da3d1c9a3f86"",""context"":{""source"":""sim"",""regime_id"":""sim-r0"",""region"":""synthetic-local"",""as_of_utc"":""2026-10-05T00:01:34.750Z""},""config"":{""route"":""beam_http"",""tip_lamports"":""200000"",""cu_price_micro_lamports"":""0"",""cu_limit"":25000,""fee_bucket"":""zero"",""tip_tier"":""x2"",""size_class"":""small""},""horizon_slots"":1,""half_life_s"":3600.0,""alpha"":3.9553356063987546,""beta"":1.9825367898112796,""p_hat"":0.6661200077191498,""p_interval_95"":[0.28126624081733864,0.9478005040913231],""n_effective"":3.937872396210034,""assignments"":4,""resolved"":4,""unresolved"":0,""unresolved_share"":0.0,""data_age_s"":64.25,""observation_window"":[""2026-10-05T00:00:03.250+00:00"",""2026-10-05T00:00:30.500+00:00""],""evidence"":""INSUFFICIENT"",""samples_needed"":27,""insufficient_reasons"":[""discounted_sample_mass_below_30""]}"
sim,sha256:392fdcf798aa5d5fa36d0e938b1ec90ace8ad3f1b022727afe4afe301f042727,2026-10-05T00:01:34.750Z,synthetic-local,sim-r0,rpc,medium,1,2.962508743072573,INSUFFICIENT,"{""contract_version"":1,""estimator"":""m0-decayed-beta-v1"",""methodology_hash"":""sha256:0da0241b9ce652df77f7b9ee40a713f7bfa93e3c62207c28e290da3d1c9a3f86"",""context"":{""source"":""sim"",""regime_id"":""sim-r0"",""region"":""synthetic-local"",""as_of_utc"":""2026-10-05T00:01:34.750Z""},""config"":{""route"":""rpc"",""tip_lamports"":""0"",""cu_price_micro_lamports"":""5000"",""cu_limit"":100000,""fee_bucket"":""local_p90"",""tip_tier"":""none"",""size_class"":""medium""},""horizon_slots"":1,""half_life_s"":3600.0,""alpha"":2.9741374594355485,""beta"":1.9883712836370244,""p_hat"":0.5993213540605452,""p_interval_95"":[0.19236267720561473,0.9327986602017735],""n_effective"":2.962508743072573,""assignments"":3,""resolved"":3,""unresolved"":0,""unresolved_share"":0.0,""data_age_s"":51.25,""observation_window"":[""2026-10-05T00:00:10.750+00:00"",""2026-10-05T00:00:43.500+00:00""],""evidence"":""INSUFFICIENT"",""samples_needed"":28,""insufficient_reasons"":[""discounted_sample_mass_below_30""]}"
sim,sha256:3a2c1db23b276787ade03402a4f17a821d196fe2a9665721e82bea905e39a764,2026-10-05T00:01:34.750Z,synthetic-local,sim-r0,beam_quic,large,4,6.91231823952004,INSUFFICIENT,"{""contract_version"":1,""estimator"":""m0-decayed-beta-v1"",""methodology_hash"":""sha256:0da0241b9ce652df77f7b9ee40a713f7bfa93e3c62207c28e290da3d1c9a3f86"",""context"":{""source"":""sim"",""regime_id"":""sim-r0"",""region"":""synthetic-local"",""as_of_utc"":""2026-10-05T00:01:34.750Z""},""config"":{""route"":""beam_quic"",""tip_lamports"":""200000"",""cu_price_micro_lamports"":""5000"",""cu_limit"":300000,""fee_bucket"":""local_p90"",""tip_tier"":""x2"",""size_class"":""large""},""horizon_slots"":4,""half_life_s"":3600.0,""alpha"":6.922661583104833,""beta"":1.989656656415207,""p_hat"":0.7767520634987606,""p_interval_95"":[0.47069516942882705,0.9682171638103279],""n_effective"":6.91231823952004,""assignments"":7,""resolved"":7,""unresolved"":0,""unresolved_share"":0.0,""data_age_s"":46.0,""observation_window"":[""2026-10-05T00:00:00.750+00:00"",""2026-10-05T00:00:48.750+00:00""],""evidence"":""INSUFFICIENT"",""samples_needed"":24,""insufficient_reasons"":[""discounted_sample_mass_below_30""]}"
sim,sha256:3c14ce6e6da54a198505e17f2e2c327560403bc3d6044fc22c5f018c1068e9a8,2026-10-05T00:01:34.750Z,synthetic-local,sim-r0,rpc,large,2,3.9510253062014176,INSUFFICIENT,"{""contract_version"":1,""estimator"":""m0-decayed-beta-v1"",""methodology_hash"":""sha256:0da0241b9ce652df77f7b9ee40a713f7bfa93e3c62207c28e290da3d1c9a3f86"",""context"":{""source"":""sim"",""regime_id"":""sim-r0"",""region"":""synthetic-local"",""as_of_utc"":""2026-10-05T00:01:34.750Z""},""config"":{""route"":""rpc"",""tip_lamports"":""0"",""cu_price_micro_lamports"":""1000"",""cu_limit"":300000,""fee_bucket"":""local_median"",""tip_tier"":""none"",""size_class"":""large""},""horizon_slots"":2,""half_life_s"":3600.0,""alpha"":3.9665001328640033,""beta"":1.9845251733374139,""p_hat"":0.6665238221606301,""p_interval_95"":[0.28203574168916656,0.9478085305210795],""n_effective"":3.9510253062014176,""assignments"":4,""resolved"":4,""unresolved"":0,""unresolved_share"":0.0,""data_age_s"":43.25,""observation_window"":[""2026-10-05T00:00:13.750+00:00"",""2026-10-05T00:00:51.500+00:00""],""evidence"":""INSUFFICIENT"",""samples_needed"":27,""insufficient_reasons"":[""discounted_sample_mass_below_30""]}"
sim,sha256:3ed1a32d6585624e2a0937267fa3991125b0def5a2943761582719dd3721c7cd,2026-10-05T00:01:34.750Z,synthetic-local,sim-r0,beam_quic,medium,2,1.9811720557023955,INSUFFICIENT,"{""contract_version"":1,""estimator"":""m0-decayed-beta-v1"",""methodology_hash"":""sha256:0da0241b9ce652df77f7b9ee40a713f7bfa93e3c62207c28e290da3d1c9a3f86"",""context"":{""source"":""sim"",""regime_id"":""sim-r0"",""region"":""synthetic-local"",""as_of_utc"":""2026-10-05T00:01:34.750Z""},""config"":{""route"":""beam_quic"",""tip_lamports"":""100000"",""cu_price_micro_lamports"":""1000"",""cu_limit"":100000,""fee_bucket"":""local_median"",""tip_tier"":""x1"",""size_class"":""medium""},""horizon_slots"":2,""half_life_s"":3600.0,""alpha"":2.9811720557023955,""beta"":1.0,""p_hat"":0.7488176883569603,""p_interval_95"":[0.29013981948685774,0.99154339146005],""n_effective"":1.9811720557023955,""assignments"":2,""resolved"":2,""unresolved"":0,""unresolved_share"":0.0,""data_age_s"":48.5,""observation_window"":[""2026-10-05T00:00:45+00:00"",""2026-10-05T00:00:46.250+00:00""],""evidence"":""INSUFFICIENT"",""samples_needed"":29,""insufficient_reasons"":[""discounted_sample_mass_below_30""]}"
sim,sha256:3f3c1806b5778574afbec380d540be292718bd60c7b3b31a5edfceb399a054d4,2026-10-05T00:01:34.750Z,synthetic-local,sim-r0,beam_http,medium,4,0.9921846588343373,INSUFFICIENT,"{""contract_version"":1,""estimator"":""m0-decayed-beta-v1"",""methodology_hash"":""sha256:0da0241b9ce652df77f7b9ee40a713f7bfa93e3c62207c28e290da3d1c9a3f86"",""context"":{""source"":""sim"",""regime_id"":""sim-r0"",""region"":""synthetic-local"",""as_of_utc"":""2026-10-05T00:01:34.750Z""},""config"":{""route"":""beam_http"",""tip_lamports"":""1000000"",""cu_price_micro_lamports"":""1000"",""cu_limit"":100000,""fee_bucket"":""local_median"",""tip_tier"":""x10"",""size_class"":""medium""},""horizon_slots"":4,""half_life_s"":3600.0,""alpha"":1.9921846588343373,""beta"":1.0,""p_hat"":0.6657960273115066,""p_interval_95"":[0.15697394154975158,0.9873718479291131],""n_effective"":0.9921846588343373,""assignments"":1,""resolved"":1,""unresolved"":0,""unresolved_share"":0.0,""data_age_s"":40.75,""observation_window"":[""2026-10-05T00:00:54+00:00"",""2026-10-05T00:00:54+00:00""],""evidence"":""INSUFFICIENT"",""samples_needed"":30,""insufficient_reasons"":[""discounted_sample_mass_below_30""]}"
sim,sha256:405384b77ed3ad9cbd3f37f949f6a3e316e1287cd1bc5a9d88e7a02aed47d2fb,2026-10-05T00:01:34.750Z,synthetic-local,sim-r0,beam_http,small,1,2.958848129607844,INSUFFICIENT,"{""contract_version"":1,""estimator"":""m0-decayed-beta-v1"",""methodology_hash"":""sha256:0da0241b9ce652df77f7b9ee40a713f7bfa93e3c62207c28e290da3d1c9a3f86"",""context"":{""source"":""sim"",""regime_id"":""sim-r0"",""region"":""synthetic-local"",""as_of_utc"":""2026-10-05T00:01:34.750Z""},""config"":{""route"":""beam_http"",""tip_lamports"":""500000"",""cu_price_micro_lamports"":""0"",""cu_limit"":25000,""fee_bucket"":""zero"",""tip_tier"":""x5"",""size_class"":""small""},""horizon_slots"":1,""half_life_s"":3600.0,""alpha"":3.9588481296078437,""beta"":1.0,""p_hat"":0.7983402649439312,""p_interval_95"":[0.39384168856635526,0.9936251599819146],""n_effective"":2.958848129607844,""assignments"":3,""resolved"":3,""unresolved"":0,""unresolved_share"":0.0,""data_age_s"":60.5,""observation_window"":[""2026-10-05T00:00:06.750+00:00"",""2026-10-05T00:00:34.250+00:00""],""evidence"":""INSUFFICIENT"",""samples_needed"":28,""insufficient_reasons"":[""discounted_sample_mass_below_30""]}"
sim,sha256:40aa3bb831b261caa24d3b9195c858ed0d670e697460e423eab888acedd897e7,2026-10-05T00:01:34.750Z,synthetic-local,sim-r0,beam_quic,large,2,6.91231823952004,INSUFFICIENT,"{""contract_version"":1,""estimator"":""m0-decayed-beta-v1"",""methodology_hash"":""sha256:0da0241b9ce652df77f7b9ee40a713f7bfa93e3c62207c28e290da3d1c9a3f86"",""context"":{""source"":""sim"",""regime_id"":""sim-r0"",""region"":""synthetic-local"",""as_of_utc"":""2026-10-05T00:01:34.750Z""},""config"":{""route"":""beam_quic"",""tip_lamports"":""200000"",""cu_price_micro_lamports"":""5000"",""cu_limit"":300000,""fee_bucket"":""local_p90"",""tip_tier"":""x2"",""size_class"":""large""},""horizon_slots"":2,""half_life_s"":3600.0,""alpha"":6.922661583104833,""beta"":1.989656656415207,""p_hat"":0.7767520634987606,""p_interval_95"":[0.47069516942882705,0.9682171638103279],""n_effective"":6.91231823952004,""assignments"":7,""resolved"":7,""unresolved"":0,""unresolved_share"":0.0,""data_age_s"":46.0,""observation_window"":[""2026-10-05T00:00:00.750+00:00"",""2026-10-05T00:00:48.750+00:00""],""evidence"":""INSUFFICIENT"",""samples_needed"":24,""insufficient_reasons"":[""discounted_sample_mass_below_30""]}"
sim,sha256:41aa062741a7aa41452b3984ec9755921eb805eedbf41819cf7ef78d20b3accb,2026-10-05T00:01:34.750Z,synthetic-local,sim-r0,beam_quic,large,1,0.9849043690367858,INSUFFICIENT,"{""contract_version"":1,""estimator"":""m0-decayed-beta-v1"",""methodology_hash"":""sha256:0da0241b9ce652df77f7b9ee40a713f7bfa93e3c62207c28e290da3d1c9a3f86"",""context"":{""source"":""sim"",""regime_id"":""sim-r0"",""region"":""synthetic-local"",""as_of_utc"":""2026-10-05T00:01:34.750Z""},""config"":{""route"":""beam_quic"",""tip_lamports"":""500000"",""cu_price_micro_lamports"":""5000"",""cu_limit"":300000,""fee_bucket"":""local_p90"",""tip_tier"":""x5"",""size_class"":""large""},""horizon_slots"":1,""half_life_s"":3600.0,""alpha"":1.9849043690367858,""beta"":1.0,""p_hat"":0.6649808917252866,""p_interval_95"":[0.1559114449079797,0.9873258247930778],""n_effective"":0.9849043690367858,""assignments"":1,""resolved"":1,""unresolved"":0,""unresolved_share"":0.0,""data_age_s"":79.0,""observation_window"":[""2026-10-05T00:00:15.750+00:00"",""2026-10-05T00:00:15.750+00:00""],""evidence"":""INSUFFICIENT"",""samples_needed"":30,""insufficient_reasons"":[""discounted_sample_mass_below_30""]}"
sim,sha256:43ecfc9092c9c743b41ea893dce5b902d4c625cb80a7af6730096fccd8aa3524,2026-10-05T00:01:34.750Z,synthetic-local,sim-r0,beam_http,large,2,2.960524740423411,INSUFFICIENT,"{""contract_version"":1,""estimator"":""m0-decayed-beta-v1"",""methodology_hash"":""sha256:0da0241b9ce652df77f7b9ee40a713f7bfa93e3c62207c28e290da3d1c9a3f86"",""context"":{""source"":""sim"",""regime_id"":""sim-r0"",""region"":""synthetic-local"",""as_of_utc"":""2026-10-05T00:01:34.750Z""},""config"":{""route"":""beam_http"",""tip_lamports"":""100000"",""cu_price_micro_lamports"":""1000"",""cu_limit"":300000,""fee_bucket"":""local_median"",""tip_tier"":""x1"",""size_class"":""large""},""horizon_slots"":2,""half_life_s"":3600.0,""alpha"":3.9605247404234114,""beta"":1.0,""p_hat"":0.7984084240421219,""p_interval_95"":[0.3939970747851925,0.99362785002949],""n_effective"":2.960524740423411,""assignments"":3,""resolved"":3,""unresolved"":0,""unresolved_share"":0.0,""data_age_s"":42.25,""observation_window"":[""2026-10-05T00:00:04+00:00"",""2026-10-05T00:00:52.500+00:00""],""evidence"":""INSUFFICIENT"",""samples_needed"":28,""insufficient_reasons"":[""discounted_sample_mass_below_30""]}"
sim,sha256:442e7cbd340394e2b4cce6fa70065c960e0d6b84a6a1910bf2a4669a89ba4dd3,2026-10-05T00:01:34.750Z,synthetic-local,sim-r0,beam_quic,large,4,1.969763452855842,INSUFFICIENT,"{""contract_version"":1,""estimator"":""m0-decayed-beta-v1"",""methodology_hash"":""sha256:0da0241b9ce652df77f7b9ee40a713f7bfa93e3c62207c28e290da3d1c9a3f86"",""context"":{""source"":""sim"",""regime_id"":""sim-r0"",""region"":""synthetic-local"",""as_of_utc"":""2026-10-05T00:01:34.750Z""},""config"":{""route"":""beam_quic"",""tip_lamports"":""1000000"",""cu_price_micro_lamports"":""1000"",""cu_limit"":300000,""fee_bucket"":""local_median"",""tip_tier"":""x10"",""size_class"":""large""},""horizon_slots"":4,""half_life_s"":3600.0,""alpha"":2.969763452855842,""beta"":1.0,""p_hat"":0.7480958218604684,""p_interval_95"":[0.2887638983238815,0.9915110429484075],""n_effective"":1.969763452855842,""assignments"":2,""resolved"":2,""unresolved"":0,""unresolved_share"":0.0,""data_age_s"":71.5,""observation_window"":[""2026-10-05T00:00:08+00:00"",""2026-10-05T00:00:23.250+00:00""],""evidence"":""INSUFFICIENT"",""samples_needed"":29,""insufficient_reasons"":[""discounted_sample_mass_below_30""]}"
sim,sha256:44afc5e071737097fcf1636bdfa499e3968bc3161242015266d1f858204843fd,2026-10-05T00:01:34.750Z,synthetic-local,sim-r0,beam_quic,small,2,2.9690066219723388,INSUFFICIENT,"{""contract_version"":1,""estimator"":""m0-decayed-beta-v1"",""methodology_hash"":""sha256:0da0241b9ce652df77f7b9ee40a713f7bfa93e3c62207c28e290da3d1c9a3f86"",""context"":{""source"":""sim"",""regime_id"":""sim-r0"",""region"":""synthetic-local"",""as_of_utc"":""2026-10-05T00:01:34.750Z""},""config"":{""route"":""beam_quic"",""tip_lamports"":""500000"",""cu_price_micro_lamports"":""0"",""cu_limit"":25000,""fee_bucket"":""zero"",""tip_tier"":""x5"",""size_class"":""small""},""horizon_slots"":2,""half_life_s"":3600.0,""alpha"":3.9690066219723388,""beta"":1.0,""p_hat"":0.7987525322308643,""p_interval_95"":[0.3947820887874375,0.9936414241116336],""n_effective"":2.9690066219723388,""assignments"":3,""resolved"":3,""unresolved"":0,""unresolved_share"":0.0,""data_age_s"":34.75,""observation_window"":[""2026-10-05T00:00:04.250+00:00"",""2026-10-05T00:01:00+00:00""],""evidence"":""INSUFFICIENT"",""samples_needed"":28,""insufficient_reasons"":[""discounted_sample_mass_below_30""]}"
sim,sha256:44e20c0a2c48bc212097ed05b412e58bb5a02c33e7fd75e7fafe3785a9b5ed86,2026-10-05T00:01:34.750Z,synthetic-local,sim-r0,beam_http,small,4,2.958848129607844,INSUFFICIENT,"{""contract_version"":1,""estimator"":""m0-decayed-beta-v1"",""methodology_hash"":""sha256:0da0241b9ce652df77f7b9ee40a713f7bfa93e3c62207c28e290da3d1c9a3f86"",""context"":{""source"":""sim"",""regime_id"":""sim-r0"",""region"":""synthetic-local"",""as_of_utc"":""2026-10-05T00:01:34.750Z""},""config"":{""route"":""beam_http"",""tip_lamports"":""500000"",""cu_price_micro_lamports"":""0"",""cu_limit"":25000,""fee_bucket"":""zero"",""tip_tier"":""x5"",""size_class"":""small""},""horizon_slots"":4,""half_life_s"":3600.0,""alpha"":3.9588481296078437,""beta"":1.0,""p_hat"":0.7983402649439312,""p_interval_95"":[0.39384168856635526,0.9936251599819146],""n_effective"":2.958848129607844,""assignments"":3,""resolved"":3,""unresolved"":0,""unresolved_share"":0.0,""data_age_s"":60.5,""observation_window"":[""2026-10-05T00:00:06.750+00:00"",""2026-10-05T00:00:34.250+00:00""],""evidence"":""INSUFFICIENT"",""samples_needed"":28,""insufficient_reasons"":[""discounted_sample_mass_below_30""]}"
sim,sha256:455a92829e50b2eda1d1d9dc2c14ee27d1f57dc8e8f0aac48048e1c0ee1bfc68,2026-10-05T00:01:34.750Z,synthetic-local,sim-r0,beam_http,medium,1,0.9921846588343373,INSUFFICIENT,"{""contract_version"":1,""estimator"":""m0-decayed-beta-v1"",""methodology_hash"":""sha256:0da0241b9ce652df77f7b9ee40a713f7bfa93e3c62207c28e290da3d1c9a3f86"",""context"":{""source"":""sim"",""regime_id"":""sim-r0"",""region"":""synthetic-local"",""as_of_utc"":""2026-10-05T00:01:34.750Z""},""config"":{""route"":""beam_http"",""tip_lamports"":""1000000"",""cu_price_micro_lamports"":""1000"",""cu_limit"":100000,""fee_bucket"":""local_median"",""tip_tier"":""x10"",""size_class"":""medium""},""horizon_slots"":1,""half_life_s"":3600.0,""alpha"":1.9921846588343373,""beta"":1.0,""p_hat"":0.6657960273115066,""p_interval_95"":[0.15697394154975158,0.9873718479291131],""n_effective"":0.9921846588343373,""assignments"":1,""resolved"":1,""unresolved"":0,""unresolved_share"":0.0,""data_age_s"":40.75,""observation_window"":[""2026-10-05T00:00:54+00:00"",""2026-10-05T00:00:54+00:00""],""evidence"":""INSUFFICIENT"",""samples_needed"":30,""insufficient_reasons"":[""discounted_sample_mass_below_30""]}"
sim,sha256:4653cac389145df00fa21728ba4ae8946e677a2fc9df9b8e53e52a88f34fbdac,2026-10-05T00:01:34.750Z,synthetic-local,sim-r0,beam_http,medium,1,1.975463395313649,INSUFFICIENT,"{""contract_version"":1,""estimator"":""m0-decayed-beta-v1"",""methodology_hash"":""sha256:0da0241b9ce652df77f7b9ee40a713f7bfa93e3c62207c28e290da3d1c9a3f86"",""context"":{""source"":""sim"",""regime_id"":""sim-r0"",""region"":""synthetic-local"",""as_of_utc"":""2026-10-05T00:01:34.750Z""},""config"":{""route"":""beam_http"",""tip_lamports"":""200000"",""cu_price_micro_lamports"":""0"",""cu_limit"":100000,""fee_bucket"":""zero"",""tip_tier"":""x2"",""size_class"":""medium""},""horizon_slots"":1,""half_life_s"":3600.0,""alpha"":1.9899425217442572,""beta"":1.9855208735693914,""p_hat"":0.5005561173296272,""p_interval_95"":[0.09384096877041584,0.9067657019727167],""n_effective"":1.975463395313649,""assignments"":2,""resolved"":2,""unresolved"":0,""unresolved_share"":0.0,""data_age_s"":52.5,""observation_window"":[""2026-10-05T00:00:19+00:00"",""2026-10-05T00:00:42.250+00:00""],""evidence"":""INSUFFICIENT"",""samples_needed"":29,""insufficient_reasons"":[""discounted_sample_mass_below_30""]}"
sim,sha256:47bcec0d0a9e143844f00e44de1dd774170ebd1d80d27678a3b1a148e60b9654,2026-10-05T00:01:34.750Z,synthetic-local,sim-r0,beam_http,medium,4,2.9646382725136853,INSUFFICIENT,"{""contract_version"":1,""estimator"":""m0-decayed-beta-v1"",""methodology_hash"":""sha256:0da0241b9ce652df77f7b9ee40a713f7bfa93e3c62207c28e290da3d1c9a3f86"",""context"":{""source"":""sim"",""regime_id"":""sim-r0"",""region"":""synthetic-local"",""as_of_utc"":""2026-10-05T00:01:34.750Z""},""config"":{""route"":""beam_http"",""tip_lamports"":""100000"",""cu_price_micro_lamports"":""5000"",""cu_limit"":100000,""fee_bucket"":""local_p90"",""tip_tier"":""x1"",""size_class"":""medium""},""horizon_slots"":4,""half_life_s"":3600.0,""alpha"":3.9646382725136853,""beta"":1.0,""p_hat"":0.7985754560334398,""p_interval_95"":[0.39437801420591656,0.9936344404008557],""n_effective"":2.9646382725136853,""assignments"":3,""resolved"":3,""unresolved"":0,""unresolved_share"":0.0,""data_age_s"":60.0,""observation_window"":[""2026-10-05T00:00:31+00:00"",""2026-10-05T00:00:34.750+00:00""],""evidence"":""INSUFFICIENT"",""samples_needed"":28,""insufficient_reasons"":[""discounted_sample_mass_below_30""]}"
sim,sha256:49176448759cb40f45376ae82f13c99c1dcaa090fb5827429d838f9bf363b459,2026-10-05T00:01:34.750Z,synthetic-local,sim-r0,beam_quic,medium,2,1.9774628852383018,INSUFFICIENT,"{""contract_version"":1,""estimator"":""m0-decayed-beta-v1"",""methodology_hash"":""sha256:0da0241b9ce652df77f7b9ee40a713f7bfa93e3c62207c28e290da3d1c9a3f86"",""context"":{""source"":""sim"",""regime_id"":""sim-r0"",""region"":""synthetic-local"",""as_of_utc"":""2026-10-05T00:01:34.750Z""},""config"":{""route"":""beam_quic"",""tip_lamports"":""500000"",""cu_price_micro_lamports"":""0"",""cu_limit"":100000,""fee_bucket"":""zero"",""tip_tier"":""x5"",""size_class"":""medium""},""horizon_slots"":2,""half_life_s"":3600.0,""alpha"":2.977462885238302,""beta"":1.0,""p_hat"":0.7485834490847583,""p_interval_95"":[0.2896929193275327,0.9915329013770762],""n_effective"":1.9774628852383018,""assignments"":2,""resolved"":2,""unresolved"":0,""unresolved_share"":0.0,""data_age_s"":45.5,""observation_window"":[""2026-10-05T00:00:22.500+00:00"",""2026-10-05T00:00:49.250+00:00""],""evidence"":""INSUFFICIENT"",""samples_needed"":29,""insufficient_reasons"":[""discounted_sample_mass_below_30""]}"
sim,sha256:4a603f7f9a1ed69c0a0de35fd2294251c14b93b746b7b77fb6f113ec92537c39,2026-10-05T00:01:34.750Z,synthetic-local,sim-r0,beam_http,medium,4,4.935222096837146,INSUFFICIENT,"{""contract_version"":1,""estimator"":""m0-decayed-beta-v1"",""methodology_hash"":""sha256:0da0241b9ce652df77f7b9ee40a713f7bfa93e3c62207c28e290da3d1c9a3f86"",""context"":{""source"":""sim"",""regime_id"":""sim-r0"",""region"":""synthetic-local"",""as_of_utc"":""2026-10-05T00:01:34.750Z""},""config"":{""route"":""beam_http"",""tip_lamports"":""500000"",""cu_price_micro_lamports"":""1000"",""cu_limit"":100000,""fee_bucket"":""local_median"",""tip_tier"":""x5"",""size_class"":""medium""},""horizon_slots"":4,""half_life_s"":3600.0,""alpha"":5.935222096837146,""beta"":1.0,""p_hat"":0.8558085110992975,""p_interval_95"":[0.5371255536139825,0.9957433967370741],""n_effective"":4.935222096837146,""assignments"":5,""resolved"":5,""unresolved"":0,""unresolved_share"":0.0,""data_age_s"":39.75,""observation_window"":[""2026-10-05T00:00:08.750+00:00"",""2026-10-05T00:00:55+00:00""],""evidence"":""INSUFFICIENT"",""samples_needed"":26,""insufficient_reasons"":[""discounted_sample_mass_below_30""]}"
sim,sha256:4af82b3221dc8731d9117c531e60c56d270da5ce1fcc4de5364a7eb8637b6c46,2026-10-05T00:01:34.750Z,synthetic-local,sim-r0,beam_quic,large,1,2.9707853396273594,INSUFFICIENT,"{""contract_version"":1,""estimator"":""m0-decayed-beta-v1"",""methodology_hash"":""sha256:0da0241b9ce652df77f7b9ee40a713f7bfa93e3c62207c28e290da3d1c9a3f86"",""context"":{""source"":""sim"",""regime_id"":""sim-r0"",""region"":""synthetic-local"",""as_of_utc"":""2026-10-05T00:01:34.750Z""},""config"":{""route"":""beam_quic"",""tip_lamports"":""1000000"",""cu_price_micro_lamports"":""0"",""cu_limit"":300000,""fee_bucket"":""zero"",""tip_tier"":""x10"",""size_class"":""large""},""horizon_slots"":1,""half_life_s"":3600.0,""alpha"":3.9707853396273594,""beta"":1.0,""p_hat"":0.7988245454842019,""p_interval_95"":[0.39494648473045435,0.993644263371825],""n_effective"":2.9707853396273594,""assignments"":3,""resolved"":3,""unresolved"":0,""unresolved_share"":0.0,""data_age_s"":39.0,""observation_window"":[""2026-10-05T00:00:33.500+00:00"",""2026-10-05T00:00:55.750+00:00""],""evidence"":""INSUFFICIENT"",""samples_needed"":28,""insufficient_reasons"":[""discounted_sample_mass_below_30""]}"
sim,sha256:4c12486edc8ee0c9b05e199f1f7a2ffd8aa54cfac2809dd8932c1497aee1b657,2026-10-05T00:01:34.750Z,synthetic-local,sim-r0,beam_quic,medium,2,3.953461196772734,INSUFFICIENT,"{""contract_version"":1,""estimator"":""m0-decayed-beta-v1"",""methodology_hash"":""sha256:0da0241b9ce652df77f7b9ee40a713f7bfa93e3c62207c28e290da3d1c9a3f86"",""context"":{""source"":""sim"",""regime_id"":""sim-r0"",""region"":""synthetic-local"",""as_of_utc"":""2026-10-05T00:01:34.750Z""},""config"":{""route"":""beam_quic"",""tip_lamports"":""500000"",""cu_price_micro_lamports"":""5000"",""cu_limit"":100000,""fee_bucket"":""local_p90"",""tip_tier"":""x5"",""size_class"":""medium""},""horizon_slots"":2,""half_life_s"":3600.0,""alpha"":4.953461196772734,""beta"":1.0,""p_hat"":0.8320304832855747,""p_interval_95"":[0.47487320400743604,0.9949019048079819],""n_effective"":3.953461196772734,""assignments"":4,""resolved"":4,""unresolved"":0,""unresolved_share"":0.0,""data_age_s"":37.0,""observation_window"":[""2026-10-05T00:00:07.500+00:00"",""2026-10-05T00:00:57.750+00:00""],""evidence"":""INSUFFICIENT"",""samples_needed"":27,""insufficient_reasons"":[""discounted_sample_mass_below_30""]}"
sim,sha256:4ca1f32871695cac2f2784ead3cb37963e1d211476378fd7eea26e336717c1de,2026-10-05T00:01:34.750Z,synthetic-local,sim-r0,beam_http,medium,1,2.9646382725136853,INSUFFICIENT,"{""contract_version"":1,""estimator"":""m0-decayed-beta-v1"",""methodology_hash"":""sha256:0da0241b9ce652df77f7b9ee40a713f7bfa93e3c62207c28e290da3d1c9a3f86"",""context"":{""source"":""sim"",""regime_id"":""sim-r0"",""region"":""synthetic-local"",""as_of_utc"":""2026-10-05T00:01:34.750Z""},""config"":{""route"":""beam_http"",""tip_lamports"":""100000"",""cu_price_micro_lamports"":""5000"",""cu_limit"":100000,""fee_bucket"":""local_p90"",""tip_tier"":""x1"",""size_class"":""medium""},""horizon_slots"":1,""half_life_s"":3600.0,""alpha"":2.976124252160789,""beta"":1.9885140203528962,""p_hat"":0.5994644702793068,""p_interval_95"":[0.19254595187887802,0.9328258507392839],""n_effective"":2.9646382725136853,""assignments"":3,""resolved"":3,""unresolved"":0,""unresolved_share"":0.0,""data_age_s"":60.0,""observation_window"":[""2026-10-05T00:00:31+00:00"",""2026-10-05T00:00:34.750+00:00""],""evidence"":""INSUFFICIENT"",""samples_needed"":28,""insufficient_reasons"":[""discounted_sample_mass_below_30""]}"
sim,sha256:4dcade5a440adb9221c8429fb33d0377ad913ac8ab851b58df2191e358b6086f,2026-10-05T00:01:34.750Z,synthetic-local,sim-r0,beam_http,small,2,2.958848129607844,INSUFFICIENT,"{""contract_version"":1,""estimator"":""m0-decayed-beta-v1"",""methodology_hash"":""sha256:0da0241b9ce652df77f7b9ee40a713f7bfa93e3c62207c28e290da3d1c9a3f86"",""context"":{""source"":""sim"",""regime_id"":""sim-r0"",""region"":""synthetic-local"",""as_of_utc"":""2026-10-05T00:01:34.750Z""},""config"":{""route"":""beam_http"",""tip_lamports"":""500000"",""cu_price_micro_lamports"":""0"",""cu_limit"":25000,""fee_bucket"":""zero"",""tip_tier"":""x5"",""size_class"":""small""},""horizon_slots"":2,""half_life_s"":3600.0,""alpha"":3.9588481296078437,""beta"":1.0,""p_hat"":0.7983402649439312,""p_interval_95"":[0.39384168856635526,0.9936251599819146],""n_effective"":2.958848129607844,""assignments"":3,""resolved"":3,""unresolved"":0,""unresolved_share"":0.0,""data_age_s"":60.5,""observation_window"":[""2026-10-05T00:00:06.750+00:00"",""2026-10-05T00:00:34.250+00:00""],""evidence"":""INSUFFICIENT"",""samples_needed"":28,""insufficient_reasons"":[""discounted_sample_mass_below_30""]}"
sim,sha256:4de7f843331e77465a45372c08fcec39cfdefb5bfc7b61731eb9d7442bebb1f9,2026-10-05T00:01:34.750Z,synthetic-local,sim-r0,rpc,large,1,3.9450335673050336,INSUFFICIENT,"{""contract_version"":1,""estimator"":""m0-decayed-beta-v1"",""methodology_hash"":""sha256:0da0241b9ce652df77f7b9ee40a713f7bfa93e3c62207c28e290da3d1c9a3f86"",""context"":{""source"":""sim"",""regime_id"":""sim-r0"",""region"":""synthetic-local"",""as_of_utc"":""2026-10-05T00:01:34.750Z""},""config"":{""route"":""rpc"",""tip_lamports"":""0"",""cu_price_micro_lamports"":""5000"",""cu_limit"":300000,""fee_bucket"":""local_p90"",""tip_tier"":""none"",""size_class"":""large""},""horizon_slots"":1,""half_life_s"":3600.0,""alpha"":1.9873727035533442,""beta"":3.9576608637516895,""p_hat"":0.33429125017611094,""p_interval_95"":[0.05246738342734822,0.7189221053870956],""n_effective"":3.9450335673050336,""assignments"":4,""resolved"":4,""unresolved"":0,""unresolved_share"":0.0,""data_age_s"":58.25,""observation_window"":[""2026-10-05T00:00:10.250+00:00"",""2026-10-05T00:00:36.500+00:00""],""evidence"":""INSUFFICIENT"",""samples_needed"":27,""insufficient_reasons"":[""discounted_sample_mass_below_30""]}"
sim,sha256:4e680dcc6bd2faf0c00aaad7107a3b3b60833eadd042c7f3f0ae6e234ab31517,2026-10-05T00:01:34.750Z,synthetic-local,sim-r0,beam_quic,large,2,2.952917597113876,INSUFFICIENT,"{""contract_version"":1,""estimator"":""m0-decayed-beta-v1"",""methodology_hash"":""sha256:0da0241b9ce652df77f7b9ee40a713f7bfa93e3c62207c28e290da3d1c9a3f86"",""context"":{""source"":""sim"",""regime_id"":""sim-r0"",""region"":""synthetic-local"",""as_of_utc"":""2026-10-05T00:01:34.750Z""},""config"":{""route"":""beam_quic"",""tip_lamports"":""500000"",""cu_price_micro_lamports"":""1000"",""cu_limit"":300000,""fee_bucket"":""local_median"",""tip_tier"":""x5"",""size_class"":""large""},""horizon_slots"":2,""half_life_s"":3600.0,""alpha"":3.952917597113876,""beta"":1.0,""p_hat"":0.7980988012837702,""p_interval_95"":[0.3932914896852394,0.9936156264530602],""n_effective"":2.952917597113876,""assignments"":3,""resolved"":3,""unresolved"":0,""unresolved_share"":0.0,""data_age_s"":68.25,""observation_window"":[""2026-10-05T00:00:03.500+00:00"",""2026-10-05T00:00:26.500+00:00""],""evidence"":""INSUFFICIENT"",""samples_needed"":28,""insufficient_reasons"":[""discounted_sample_mass_below_30""]}"
sim,sha256:502edf120723337d09a5200ab2de9aa95048f8339f5262329c21508ccd4e4e8c,2026-10-05T00:01:34.750Z,synthetic-local,sim-r0,beam_http,small,2,5.921460147280182,INSUFFICIENT,"{""contract_version"":1,""estimator"":""m0-decayed-beta-v1"",""methodology_hash"":""sha256:0da0241b9ce652df77f7b9ee40a713f7bfa93e3c62207c28e290da3d1c9a3f86"",""context"":{""source"":""sim"",""regime_id"":""sim-r0"",""region"":""synthetic-local"",""as_of_utc"":""2026-10-05T00:01:34.750Z""},""config"":{""route"":""beam_http"",""tip_lamports"":""100000"",""cu_price_micro_lamports"":""1000"",""cu_limit"":25000,""fee_bucket"":""local_median"",""tip_tier"":""x1"",""size_class"":""small""},""horizon_slots"":2,""half_life_s"":3600.0,""alpha"":6.921460147280182,""beta"":1.0,""p_hat"":0.8737606474807112,""p_interval_95"":[0.5868637442020497,0.9963488109132161],""n_effective"":5.921460147280182,""assignments"":6,""resolved"":6,""unresolved"":0,""unresolved_share"":0.0,""data_age_s"":42.0,""observation_window"":[""2026-10-05T00:00:05.250+00:00"",""2026-10-05T00:00:52.750+00:00""],""evidence"":""INSUFFICIENT"",""samples_needed"":25,""insufficient_reasons"":[""discounted_sample_mass_below_30""]}"
sim,sha256:50a747f1871b5b4a68f800c609a9cff42ffe131de57260fe0f98db3c29f1eb81,2026-10-05T00:01:34.750Z,synthetic-local,sim-r0,beam_quic,large,2,2.9660005937401115,INSUFFICIENT,"{""contract_version"":1,""estimator"":""m0-decayed-beta-v1"",""methodology_hash"":""sha256:0da0241b9ce652df77f7b9ee40a713f7bfa93e3c62207c28e290da3d1c9a3f86"",""context"":{""source"":""sim"",""regime_id"":""sim-r0"",""region"":""synthetic-local"",""as_of_utc"":""2026-10-05T00:01:34.750Z""},""config"":{""route"":""beam_quic"",""tip_lamports"":""1000000"",""cu_price_micro_lamports"":""5000"",""cu_limit"":300000,""fee_bucket"":""local_p90"",""tip_tier"":""x10"",""size_class"":""large""},""horizon_slots"":2,""half_life_s"":3600.0,""alpha"":2.975915108367919,""beta"":1.9900854853721925,""p_hat"":0.5992579042618736,""p_interval_95"":[0.19242580546100707,0.9327029346086104],""n_effective"":2.9660005937401115,""assignments"":3,""resolved"":3,""unresolved"":0,""unresolved_share"":0.0,""data_age_s"":35.0,""observation_window"":[""2026-10-05T00:00:03.750+00:00"",""2026-10-05T00:00:59.750+00:00""],""evidence"":""INSUFFICIENT"",""samples_needed"":28,""insufficient_reasons"":[""discounted_sample_mass_below_30""]}"
sim,sha256:50dda72b6f62a0a2e96c879f82f3d78957bc0724a1f6307755b839bba7505d5c,2026-10-05T00:01:34.750Z,synthetic-local,sim-r0,beam_http,large,4,2.955095572340338,INSUFFICIENT,"{""contract_version"":1,""estimator"":""m0-decayed-beta-v1"",""methodology_hash"":""sha256:0da0241b9ce652df77f7b9ee40a713f7bfa93e3c62207c28e290da3d1c9a3f86"",""context"":{""source"":""sim"",""regime_id"":""sim-r0"",""region"":""synthetic-local"",""as_of_utc"":""2026-10-05T00:01:34.750Z""},""config"":{""route"":""beam_http"",""tip_lamports"":""500000"",""cu_price_micro_lamports"":""1000"",""cu_limit"":300000,""fee_bucket"":""local_median"",""tip_tier"":""x5"",""size_class"":""large""},""horizon_slots"":4,""half_life_s"":3600.0,""alpha"":3.955095572340338,""beta"":1.0,""p_hat"":0.7981875454467389,""p_interval_95"":[0.3934936513474123,0.9936191309321469],""n_effective"":2.955095572340338,""assignments"":3,""resolved"":3,""unresolved"":0,""unresolved_share"":0.0,""data_age_s"":71.75,""observation_window"":[""2026-10-05T00:00:05.750+00:00"",""2026-10-05T00:00:23+00:00""],""evidence"":""INSUFFICIENT"",""samples_needed"":28,""insufficient_reasons"":[""discounted_sample_mass_below_30""]}"
sim,sha256:53c579ccfe1cb36ae4456f3302c8dbf2bf94e37da9d1ea00f78819d4227182c0,2026-10-05T00:01:34.750Z,synthetic-local,sim-r0,beam_quic,medium,4,0.9879431971405159,INSUFFICIENT,"{""contract_version"":1,""estimator"":""m0-decayed-beta-v1"",""methodology_hash"":""sha256:0da0241b9ce652df77f7b9ee40a713f7bfa93e3c62207c28e290da3d1c9a3f86"",""context"":{""source"":""sim"",""regime_id"":""sim-r0"",""region"":""synthetic-local"",""as_of_utc"":""2026-10-05T00:01:34.750Z""},""config"":{""route"":""beam_quic"",""tip_lamports"":""100000"",""cu_price_micro_lamports"":""0"",""cu_limit"":100000,""fee_bucket"":""zero"",""tip_tier"":""x1"",""size_class"":""medium""},""horizon_slots"":4,""half_life_s"":3600.0,""alpha"":1.987943197140516,""beta"":1.0,""p_hat"":0.6653216162352057,""p_interval_95"":[0.15635500460357704,0.9873450757981337],""n_effective"":0.9879431971405159,""assignments"":1,""resolved"":1,""unresolved"":0,""unresolved_share"":0.0,""data_age_s"":63.0,""observation_window"":[""2026-10-05T00:00:31.750+00:00"",""2026-10-05T00:00:31.750+00:00""],""evidence"":""INSUFFICIENT"",""samples_needed"":30,""insufficient_reasons"":[""discounted_sample_mass_below_30""]}"
sim,sha256:53e721586a7e5dec6e8b28bbdda3ab1d11d7e1793e7513005b37da40378a790c,2026-10-05T00:01:34.750Z,synthetic-local,sim-r0,beam_http,small,1,0.9908006132652294,INSUFFICIENT,"{""contract_version"":1,""estimator"":""m0-decayed-beta-v1"",""methodology_hash"":""sha256:0da0241b9ce652df77f7b9ee40a713f7bfa93e3c62207c28e290da3d1c9a3f86"",""context"":{""source"":""sim"",""regime_id"":""sim-r0"",""region"":""synthetic-local"",""as_of_utc"":""2026-10-05T00:01:34.750Z""},""config"":{""route"":""beam_http"",""tip_lamports"":""1000000"",""cu_price_micro_lamports"":""1000"",""cu_limit"":25000,""fee_bucket"":""local_median"",""tip_tier"":""x10"",""size_class"":""small""},""horizon_slots"":1,""half_life_s"":3600.0,""alpha"":1.9908006132652294,""beta"":1.0,""p_hat"":0.6656413685470519,""p_interval_95"":[0.15677199541263281,0.9873631242846843],""n_effective"":0.9908006132652294,""assignments"":1,""resolved"":1,""unresolved"":0,""unresolved_share"":0.0,""data_age_s"":48.0,""observation_window"":[""2026-10-05T00:00:46.750+00:00"",""2026-10-05T00:00:46.750+00:00""],""evidence"":""INSUFFICIENT"",""samples_needed"":30,""insufficient_reasons"":[""discounted_sample_mass_below_30""]}"
sim,sha256:568518f32f91b64eccc190389360b37f30be9853d1c1ac8100580181da0b052c,2026-10-05T00:01:34.750Z,synthetic-local,sim-r0,beam_http,small,4,1.9792657224947439,INSUFFICIENT,"{""contract_version"":1,""estimator"":""m0-decayed-beta-v1"",""methodology_hash"":""sha256:0da0241b9ce652df77f7b9ee40a713f7bfa93e3c62207c28e290da3d1c9a3f86"",""context"":{""source"":""sim"",""regime_id"":""sim-r0"",""region"":""synthetic-local"",""as_of_utc"":""2026-10-05T00:01:34.750Z""},""config"":{""route"":""beam_http"",""tip_lamports"":""200000"",""cu_price_micro_lamports"":""5000"",""cu_limit"":25000,""fee_bucket"":""local_p90"",""tip_tier"":""x2"",""size_class"":""small""},""horizon_slots"":4,""half_life_s"":3600.0,""alpha"":2.979265722494744,""beta"":1.0,""p_hat"":0.7486973553067815,""p_interval_95"":[0.28991018748435515,0.9915380033162506],""n_effective"":1.9792657224947439,""assignments"":2,""resolved"":2,""unresolved"":0,""unresolved_share"":0.0,""data_age_s"":53.0,""observation_window"":[""2026-10-05T00:00:39.500+00:00"",""2026-10-05T00:00:41.750+00:00""],""evidence"":""INSUFFICIENT"",""samples_needed"":29,""insufficient_reasons"":[""discounted_sample_mass_below_30""]}"
sim,sha256:58114749f5a926304496a2ba2f3d34500cfdb63c3c946b1a0c13aa5095962487,2026-10-05T00:01:34.750Z,synthetic-local,sim-r0,beam_quic,large,2,4.934796493109502,INSUFFICIENT,"{""contract_version"":1,""estimator"":""m0-decayed-beta-v1"",""methodology_hash"":""sha256:0da0241b9ce652df77f7b9ee40a713f7bfa93e3c62207c28e290da3d1c9a3f86"",""context"":{""source"":""sim"",""regime_id"":""sim-r0"",""region"":""synthetic-local"",""as_of_utc"":""2026-10-05T00:01:34.750Z""},""config"":{""route"":""beam_quic"",""tip_lamports"":""500000"",""cu_price_micro_lamports"":""0"",""cu_limit"":300000,""fee_bucket"":""zero"",""tip_tier"":""x5"",""size_class"":""large""},""horizon_slots"":2,""half_life_s"":3600.0,""alpha"":5.934796493109502,""beta"":1.0,""p_hat"":0.8557996617501881,""p_interval_95"":[0.5371016136652509,0.9957430921327339],""n_effective"":4.934796493109502,""assignments"":5,""resolved"":5,""unresolved"":0,""unresolved_share"":0.0,""data_age_s"":53.25,""observation_window"":[""2026-10-05T00:00:01.500+00:00"",""2026-10-05T00:00:41.500+00:00""],""evidence"":""INSUFFICIENT"",""samples_needed"":26,""insufficient_reasons"":[""discounted_sample_mass_below_30""]}"
sim,sha256:58cfd59df2f3ec90730e8d0579320d94f85dca1a7a4fc7c601ffd658f43425cd,2026-10-05T00:01:34.750Z,synthetic-local,sim-r0,beam_http,medium,2,1.9787964326817908,INSUFFICIENT,"{""contract_version"":1,""estimator"":""m0-decayed-beta-v1"",""methodology_hash"":""sha256:0da0241b9ce652df77f7b9ee40a713f7bfa93e3c62207c28e290da3d1c9a3f86"",""context"":{""source"":""sim"",""regime_id"":""sim-r0"",""region"":""synthetic-local"",""as_of_utc"":""2026-10-05T00:01:34.750Z""},""config"":{""route"":""beam_http"",""tip_lamports"":""200000"",""cu_price_micro_lamports"":""5000"",""cu_limit"":100000,""fee_bucket"":""local_p90"",""tip_tier"":""x2"",""size_class"":""medium""},""horizon_slots"":2,""half_life_s"":3600.0,""alpha"":2.978796432681791,""beta"":1.0,""p_hat"":0.7486677147425762,""p_interval_95"":[0.2898536408651592,0.9915366758415978],""n_effective"":1.9787964326817908,""assignments"":2,""resolved"":2,""unresolved"":0,""unresolved_share"":0.0,""data_age_s"":41.5,""observation_window"":[""2026-10-05T00:00:25.500+00:00"",""2026-10-05T00:00:53.250+00:00""],""evidence"":""INSUFFICIENT"",""samples_needed"":29,""insufficient_reasons"":[""discounted_sample_mass_below_30""]}"
sim,sha256:5916f204e330e977b22c572c0ecaa225811cf11b343306b6fadc8d50ace51d08,2026-10-05T00:01:34.750Z,synthetic-local,sim-r0,beam_quic,small,1,5.938014817277222,INSUFFICIENT,"{""contract_version"":1,""estimator"":""m0-decayed-beta-v1"",""methodology_hash"":""sha256:0da0241b9ce652df77f7b9ee40a713f7bfa93e3c62207c28e290da3d1c9a3f86"",""context"":{""source"":""sim"",""regime_id"":""sim-r0"",""region"":""synthetic-local"",""as_of_utc"":""2026-10-05T00:01:34.750Z""},""config"":{""route"":""beam_quic"",""tip_lamports"":""500000"",""cu_price_micro_lamports"":""5000"",""cu_limit"":25000,""fee_bucket"":""local_p90"",""tip_tier"":""x5"",""size_class"":""small""},""horizon_slots"":1,""half_life_s"":3600.0,""alpha"":5.949024858979575,""beta"":1.9889899582976467,""p_hat"":0.7494348393040818,""p_interval_95"":[0.4193405744294022,0.963504458232346],""n_effective"":5.938014817277222,""assignments"":6,""resolved"":6,""unresolved"":0,""unresolved_share"":0.0,""data_age_s"":34.5,""observation_window"":[""2026-10-05T00:00:11.500+00:00"",""2026-10-05T00:01:00.250+00:00""],""evidence"":""INSUFFICIENT"",""samples_needed"":25,""insufficient_reasons"":[""discounted_sample_mass_below_30""]}"
sim,sha256:599de48dc950a6dc2e82253fff69fa78b924f3f84c288491cb6672d1bc2b581b,2026-10-05T00:01:34.750Z,synthetic-local,sim-r0,beam_http,small,1,3.951290381328443,INSUFFICIENT,"{""contract_version"":1,""estimator"":""m0-decayed-beta-v1"",""methodology_hash"":""sha256:0da0241b9ce652df77f7b9ee40a713f7bfa93e3c62207c28e290da3d1c9a3f86"",""context"":{""source"":""sim"",""regime_id"":""sim-r0"",""region"":""synthetic-local"",""as_of_utc"":""2026-10-05T00:01:34.750Z""},""config"":{""route"":""beam_http"",""tip_lamports"":""100000"",""cu_price_micro_lamports"":""5000"",""cu_limit"":25000,""fee_bucket"":""local_p90"",""tip_tier"":""x1"",""size_class"":""small""},""horizon_slots"":1,""half_life_s"":3600.0,""alpha"":3.958580234081939,""beta"":1.9927101472465039,""p_hat"":0.6651633478516819,""p_interval_95"":[0.28073436428373455,0.9472175234245079],""n_effective"":3.951290381328443,""assignments"":4,""resolved"":4,""unresolved"":0,""unresolved_share"":0.0,""data_age_s"":38.0,""observation_window"":[""2026-10-05T00:00:02.500+00:00"",""2026-10-05T00:00:56.750+00:00""],""evidence"":""INSUFFICIENT"",""samples_needed"":27,""insufficient_reasons"":[""discounted_sample_mass_below_30""]}"
sim,sha256:5bbd74b28b8db8a5004aeb407330d6200687e2c067a4256deec6617f018f7cbf,2026-10-05T00:01:34.750Z,synthetic-local,sim-r0,rpc,small,4,1.9761720210843565,INSUFFICIENT,"{""contract_version"":1,""estimator"":""m0-decayed-beta-v1"",""methodology_hash"":""sha256:0da0241b9ce652df77f7b9ee40a713f7bfa93e3c62207c28e290da3d1c9a3f86"",""context"":{""source"":""sim"",""regime_id"":""sim-r0"",""region"":""synthetic-local"",""as_of_utc"":""2026-10-05T00:01:34.750Z""},""config"":{""route"":""rpc"",""tip_lamports"":""0"",""cu_price_micro_lamports"":""1000"",""cu_limit"":25000,""fee_bucket"":""local_median"",""tip_tier"":""none"",""size_class"":""small""},""horizon_slots"":4,""half_life_s"":3600.0,""alpha"":2.9761720210843565,""beta"":1.0,""p_hat"":0.7485018267073651,""p_interval_95"":[0.2895372898654994,0.9915292445149595],""n_effective"":1.9761720210843565,""assignments"":2,""resolved"":2,""unresolved"":0,""unresolved_share"":0.0,""data_age_s"":59.5,""observation_window"":[""2026-10-05T00:00:29.750+00:00"",""2026-10-05T00:00:35.250+00:00""],""evidence"":""INSUFFICIENT"",""samples_needed"":29,""insufficient_reasons"":[""discounted_sample_mass_below_30""]}"
sim,sha256:5c5dff1ad891e984e53ec95ad55214bcd2aacd7c19f4082c11cbf3ae503815d2,2026-10-05T00:01:34.750Z,synthetic-local,sim-r0,beam_http,large,2,1.9793155164364644,INSUFFICIENT,"{""contract_version"":1,""estimator"":""m0-decayed-beta-v1"",""methodology_hash"":""sha256:0da0241b9ce652df77f7b9ee40a713f7bfa93e3c62207c28e290da3d1c9a3f86"",""context"":{""source"":""sim"",""regime_id"":""sim-r0"",""region"":""synthetic-local"",""as_of_utc"":""2026-10-05T00:01:34.750Z""},""config"":{""route"":""beam_http"",""tip_lamports"":""100000"",""cu_price_micro_lamports"":""0"",""cu_limit"":300000,""fee_bucket"":""zero"",""tip_tier"":""x1"",""size_class"":""large""},""horizon_slots"":2,""half_life_s"":3600.0,""alpha"":1.0,""beta"":2.9793155164364644,""p_hat"":0.25129950009480895,""p_interval_95"":[0.008461855856639888,0.7100838130412761],""n_effective"":1.9793155164364644,""assignments"":2,""resolved"":2,""unresolved"":0,""unresolved_share"":0.0,""data_age_s"":46.25,""observation_window"":[""2026-10-05T00:00:33+00:00"",""2026-10-05T00:00:48.500+00:00""],""evidence"":""INSUFFICIENT"",""samples_needed"":29,""insufficient_reasons"":[""discounted_sample_mass_below_30""]}"
sim,sha256:5e2c1706bb1b16e9b81e3397c1477e5543acec8f8606be0ad0ebbce67551a453,2026-10-05T00:01:34.750Z,synthetic-local,sim-r0,beam_quic,medium,1,0.9910391039953872,INSUFFICIENT,"{""contract_version"":1,""estimator"":""m0-decayed-beta-v1"",""methodology_hash"":""sha256:0da0241b9ce652df77f7b9ee40a713f7bfa93e3c62207c28e290da3d1c9a3f86"",""context"":{""source"":""sim"",""regime_id"":""sim-r0"",""region"":""synthetic-local"",""as_of_utc"":""2026-10-05T00:01:34.750Z""},""config"":{""route"":""beam_quic"",""tip_lamports"":""200000"",""cu_price_micro_lamports"":""0"",""cu_limit"":100000,""fee_bucket"":""zero"",""tip_tier"":""x2"",""size_class"":""medium""},""horizon_slots"":1,""half_life_s"":3600.0,""alpha"":1.9910391039953872,""beta"":1.0,""p_hat"":0.6656680286579288,""p_interval_95"":[0.15680679508013273,0.9873646283520334],""n_effective"":0.9910391039953872,""assignments"":1,""resolved"":1,""unresolved"":0,""unresolved_share"":0.0,""data_age_s"":46.75,""observation_window"":[""2026-10-05T00:00:48+00:00"",""2026-10-05T00:00:48+00:00""],""evidence"":""INSUFFICIENT"",""samples_needed"":30,""insufficient_reasons"":[""discounted_sample_mass_below_30""]}"
sim,sha256:5e604f42c844bf9d2b54096033bd062d02e369b276d6f38ddc32c67e78d2aae4,2026-10-05T00:01:34.750Z,synthetic-local,sim-r0,beam_http,large,1,2.960524740423411,INSUFFICIENT,"{""contract_version"":1,""estimator"":""m0-decayed-beta-v1"",""methodology_hash"":""sha256:0da0241b9ce652df77f7b9ee40a713f7bfa93e3c62207c28e290da3d1c9a3f86"",""context"":{""source"":""sim"",""regime_id"":""sim-r0"",""region"":""synthetic-local"",""as_of_utc"":""2026-10-05T00:01:34.750Z""},""config"":{""route"":""beam_http"",""tip_lamports"":""100000"",""cu_price_micro_lamports"":""1000"",""cu_limit"":300000,""fee_bucket"":""local_median"",""tip_tier"":""x1"",""size_class"":""large""},""horizon_slots"":1,""half_life_s"":3600.0,""alpha"":2.968626594379207,""beta"":1.9918981460442042,""p_hat"":0.5984501135913731,""p_interval_95"":[0.19160533643165295,0.9324256434008222],""n_effective"":2.960524740423411,""assignments"":3,""resolved"":3,""unresolved"":0,""unresolved_share"":0.0,""data_age_s"":42.25,""observation_window"":[""2026-10-05T00:00:04+00:00"",""2026-10-05T00:00:52.500+00:00""],""evidence"":""INSUFFICIENT"",""samples_needed"":28,""insufficient_reasons"":[""discounted_sample_mass_below_30""]}"
sim,sha256:5ff43ab2409eb553b7f82f856f84b31d17b0d6d64431a08aa5c8c66ee7696f96,2026-10-05T00:01:34.750Z,synthetic-local,sim-r0,beam_http,small,4,2.958848129607844,INSUFFICIENT,"{""contract_version"":1,""estimator"":""m0-decayed-beta-v1"",""methodology_hash"":""sha256:0da0241b9ce652df77f7b9ee40a713f7bfa93e3c62207c28e290da3d1c9a3f86"",""context"":{""source"":""sim"",""regime_id"":""sim-r0"",""region"":""synthetic-local"",""as_of_utc"":""2026-10-05T00:01:34.750Z""},""config"":{""route"":""beam_http"",""tip_lamports"":""500000"",""cu_price_micro_lamports"":""0"",""cu_limit"":25000,""fee_bucket"":""zero"",""tip_tier"":""x5"",""size_class"":""small""},""horizon_slots"":4,""half_life_s"":3600.0,""alpha"":3.958848129607844,""beta"":1.0,""p_hat"":0.7983402649439313,""p_interval_95"":[0.39384168856635526,0.9936251599819146],""n_effective"":2.958848129607844,""assignments"":3,""resolved"":3,""unresolved"":0,""unresolved_share"":0.0,""data_age_s"":60.5,""observation_window"":[""2026-10-05T00:00:06.750+00:00"",""2026-10-05T00:00:34.250+00:00""],""evidence"":""INSUFFICIENT"",""samples_needed"":28,""insufficient_reasons"":[""discounted_sample_mass_below_30""]}"
sim,sha256:604cbde1dad478ee3b7c30a4fec2e6729950eee00764446f210daebf1c9567b1,2026-10-05T00:01:34.750Z,synthetic-local,sim-r0,beam_http,small,2,5.9214601472801816,INSUFFICIENT,"{""contract_version"":1,""estimator"":""m0-decayed-beta-v1"",""methodology_hash"":""sha256:0da0241b9ce652df77f7b9ee40a713f7bfa93e3c62207c28e290da3d1c9a3f86"",""context"":{""source"":""sim"",""regime_id"":""sim-r0"",""region"":""synthetic-local"",""as_of_utc"":""2026-10-05T00:01:34.750Z""},""config"":{""route"":""beam_http"",""tip_lamports"":""100000"",""cu_price_micro_lamports"":""1000"",""cu_limit"":25000,""fee_bucket"":""local_median"",""tip_tier"":""x1"",""size_class"":""small""},""horizon_slots"":2,""half_life_s"":3600.0,""alpha"":6.9214601472801816,""beta"":1.0,""p_hat"":0.8737606474807112,""p_interval_95"":[0.5868637442020492,0.9963488109132161],""n_effective"":5.9214601472801816,""assignments"":6,""resolved"":6,""unresolved"":0,""unresolved_share"":0.0,""data_age_s"":42.0,""observation_window"":[""2026-10-05T00:00:05.250+00:00"",""2026-10-05T00:00:52.750+00:00""],""evidence"":""INSUFFICIENT"",""samples_needed"":25,""insufficient_reasons"":[""discounted_sample_mass_below_30""]}"
sim,sha256:6056e58bb2f8293bb6152a1ef90c578dd0519dec2bc69f6120c5b06643c7da48,2026-10-05T00:01:34.750Z,synthetic-local,sim-r0,beam_http,large,2,1.9696675722290022,INSUFFICIENT,"{""contract_version"":1,""estimator"":""m0-decayed-beta-v1"",""methodology_hash"":""sha256:0da0241b9ce652df77f7b9ee40a713f7bfa93e3c62207c28e290da3d1c9a3f86"",""context"":{""source"":""sim"",""regime_id"":""sim-r0"",""region"":""synthetic-local"",""as_of_utc"":""2026-10-05T00:01:34.750Z""},""config"":{""route"":""beam_http"",""tip_lamports"":""1000000"",""cu_price_micro_lamports"":""5000"",""cu_limit"":300000,""fee_bucket"":""local_p90"",""tip_tier"":""x10"",""size_class"":""large""},""horizon_slots"":2,""half_life_s"":3600.0,""alpha"":2.9696675722290022,""beta"":1.0,""p_hat"":0.7480897375397881,""p_interval_95"":[0.288752317756956,0.9915107700350658],""n_effective"":1.9696675722290022,""assignments"":2,""resolved"":2,""unresolved"":0,""unresolved_share"":0.0,""data_age_s"":74.0,""observation_window"":[""2026-10-05T00:00:10+00:00"",""2026-10-05T00:00:20.750+00:00""],""evidence"":""INSUFFICIENT"",""samples_needed"":29,""insufficient_reasons"":[""discounted_sample_mass_below_30""]}"
sim,sha256:6129ef4cfdcd556a19ce4b980c2130325cdc371f2a1f1e8545672e781a8c4316,2026-10-05T00:01:34.750Z,synthetic-local,sim-r0,beam_quic,large,2,1.9795550920090568,INSUFFICIENT,"{""contract_version"":1,""estimator"":""m0-decayed-beta-v1"",""methodology_hash"":""sha256:0da0241b9ce652df77f7b9ee40a713f7bfa93e3c62207c28e290da3d1c9a3f86"",""context"":{""source"":""sim"",""regime_id"":""sim-r0"",""region"":""synthetic-local"",""as_of_utc"":""2026-10-05T00:01:34.750Z""},""config"":{""route"":""beam_quic"",""tip_lamports"":""100000"",""cu_price_micro_lamports"":""1000"",""cu_limit"":300000,""fee_bucket"":""local_median"",""tip_tier"":""x1"",""size_class"":""large""},""horizon_slots"":2,""half_life_s"":3600.0,""alpha"":1.9878956434210262,""beta"":1.9916594485880303,""p_hat"":0.49952710729214905,""p_interval_95"":[0.0934067041430248,0.9060770230768904],""n_effective"":1.9795550920090568,""assignments"":2,""resolved"":2,""unresolved"":0,""unresolved_share"":0.0,""data_age_s"":43.5,""observation_window"":[""2026-10-05T00:00:31.500+00:00"",""2026-10-05T00:00:51.250+00:00""],""evidence"":""INSUFFICIENT"",""samples_needed"":29,""insufficient_reasons"":[""discounted_sample_mass_below_30""]}"
sim,sha256:6291b2d3fbcdb8d24bda9b8682b88729217bce153b06ffed12635f385c9be7d8,2026-10-05T00:01:34.750Z,synthetic-local,sim-r0,beam_quic,large,4,3.9443795382225693,INSUFFICIENT,"{""contract_version"":1,""estimator"":""m0-decayed-beta-v1"",""methodology_hash"":""sha256:0da0241b9ce652df77f7b9ee40a713f7bfa93e3c62207c28e290da3d1c9a3f86"",""context"":{""source"":""sim"",""regime_id"":""sim-r0"",""region"":""synthetic-local"",""as_of_utc"":""2026-10-05T00:01:34.750Z""},""config"":{""route"":""beam_quic"",""tip_lamports"":""200000"",""cu_price_micro_lamports"":""0"",""cu_limit"":300000,""fee_bucket"":""zero"",""tip_tier"":""x2"",""size_class"":""large""},""horizon_slots"":4,""half_life_s"":3600.0,""alpha"":4.944379538222569,""beta"":1.0,""p_hat"":0.8317738641064277,""p_interval_95"":[0.4742240918551909,0.9948925647638307],""n_effective"":3.9443795382225693,""assignments"":4,""resolved"":4,""unresolved"":0,""unresolved_share"":0.0,""data_age_s"":49.5,""observation_window"":[""2026-10-05T00:00:02+00:00"",""2026-10-05T00:00:45.250+00:00""],""evidence"":""INSUFFICIENT"",""samples_needed"":27,""insufficient_reasons"":[""discounted_sample_mass_below_30""]}"
sim,sha256:62bd1ae1cd5972c14b1201fb9b5fc23d1d681ec0ee8c28e98aa66c04cda48e23,2026-10-05T00:01:34.750Z,synthetic-local,sim-r0,beam_quic,medium,2,0.9853311387761363,INSUFFICIENT,"{""contract_version"":1,""estimator"":""m0-decayed-beta-v1"",""methodology_hash"":""sha256:0da0241b9ce652df77f7b9ee40a713f7bfa93e3c62207c28e290da3d1c9a3f86"",""context"":{""source"":""sim"",""regime_id"":""sim-r0"",""region"":""synthetic-local"",""as_of_utc"":""2026-10-05T00:01:34.750Z""},""config"":{""route"":""beam_quic"",""tip_lamports"":""1000000"",""cu_price_micro_lamports"":""1000"",""cu_limit"":100000,""fee_bucket"":""local_median"",""tip_tier"":""x10"",""size_class"":""medium""},""horizon_slots"":2,""half_life_s"":3600.0,""alpha"":1.9853311387761363,""beta"":1.0,""p_hat"":0.6650287845756504,""p_interval_95"":[0.15597374379507623,0.9873285319178284],""n_effective"":0.9853311387761363,""assignments"":1,""resolved"":1,""unresolved"":0,""unresolved_share"":0.0,""data_age_s"":76.75,""observation_window"":[""2026-10-05T00:00:18+00:00"",""2026-10-05T00:00:18+00:00""],""evidence"":""INSUFFICIENT"",""samples_needed"":30,""insufficient_reasons"":[""discounted_sample_mass_below_30""]}"
sim,sha256:62d1b1bea80012447a087dbd407f4a2cb48d1c2997fd4665824d0cb96a7f22cc,2026-10-05T00:01:34.750Z,synthetic-local,sim-r0,beam_http,large,1,1.9793155164364644,INSUFFICIENT,"{""contract_version"":1,""estimator"":""m0-decayed-beta-v1"",""methodology_hash"":""sha256:0da0241b9ce652df77f7b9ee40a713f7bfa93e3c62207c28e290da3d1c9a3f86"",""context"":{""source"":""sim"",""regime_id"":""sim-r0"",""region"":""synthetic-local"",""as_of_utc"":""2026-10-05T00:01:34.750Z""},""config"":{""route"":""beam_http"",""tip_lamports"":""100000"",""cu_price_micro_lamports"":""0"",""cu_limit"":300000,""fee_bucket"":""zero"",""tip_tier"":""x1"",""size_class"":""large""},""horizon_slots"":1,""half_life_s"":3600.0,""alpha"":1.0,""beta"":2.9793155164364644,""p_hat"":0.25129950009480895,""p_interval_95"":[0.008461855856639888,0.7100838130412761],""n_effective"":1.9793155164364644,""assignments"":2,""resolved"":2,""unresolved"":0,""unresolved_share"":0.0,""data_age_s"":46.25,""observation_window"":[""2026-10-05T00:00:33+00:00"",""2026-10-05T00:00:48.500+00:00""],""evidence"":""INSUFFICIENT"",""samples_needed"":29,""insufficient_reasons"":[""discounted_sample_mass_below_30""]}"
sim,sha256:6399434efd2365a01df4460b665a4a6ba6823cb4a4d8e541a575bc380cf90f13,2026-10-05T00:01:34.750Z,synthetic-local,sim-r0,beam_http,large,4,2.9631212239545963,INSUFFICIENT,"{""contract_version"":1,""estimator"":""m0-decayed-beta-v1"",""methodology_hash"":""sha256:0da0241b9ce652df77f7b9ee40a713f7bfa93e3c62207c28e290da3d1c9a3f86"",""context"":{""source"":""sim"",""regime_id"":""sim-r0"",""region"":""synthetic-local"",""as_of_utc"":""2026-10-05T00:01:34.750Z""},""config"":{""route"":""beam_http"",""tip_lamports"":""200000"",""cu_price_micro_lamports"":""0"",""cu_limit"":300000,""fee_bucket"":""zero"",""tip_tier"":""x2"",""size_class"":""large""},""horizon_slots"":4,""half_life_s"":3600.0,""alpha"":3.9631212239545963,""beta"":1.0,""p_hat"":0.7985138877580742,""p_interval_95"":[0.39423757499598555,0.9936320114945432],""n_effective"":2.9631212239545963,""assignments"":3,""resolved"":3,""unresolved"":0,""unresolved_share"":0.0,""data_age_s"":51.0,""observation_window"":[""2026-10-05T00:00:22.750+00:00"",""2026-10-05T00:00:43.750+00:00""],""evidence"":""INSUFFICIENT"",""samples_needed"":28,""insufficient_reasons"":[""discounted_sample_mass_below_30""]}"
sim,sha256:645382992c8659c6004dd2d4fcbbfabff1cf5b1746e6ee0c9566c91cafb88c02,2026-10-05T00:01:34.750Z,synthetic-local,sim-r0,beam_quic,medium,4,1.9774628852383018,INSUFFICIENT,"{""contract_version"":1,""estimator"":""m0-decayed-beta-v1"",""methodology_hash"":""sha256:0da0241b9ce652df77f7b9ee40a713f7bfa93e3c62207c28e290da3d1c9a3f86"",""context"":{""source"":""sim"",""regime_id"":""sim-r0"",""region"":""synthetic-local"",""as_of_utc"":""2026-10-05T00:01:34.750Z""},""config"":{""route"":""beam_quic"",""tip_lamports"":""500000"",""cu_price_micro_lamports"":""0"",""cu_limit"":100000,""fee_bucket"":""zero"",""tip_tier"":""x5"",""size_class"":""medium""},""horizon_slots"":4,""half_life_s"":3600.0,""alpha"":2.977462885238302,""beta"":1.0,""p_hat"":0.7485834490847583,""p_interval_95"":[0.2896929193275327,0.9915329013770762],""n_effective"":1.9774628852383018,""assignments"":2,""resolved"":2,""unresolved"":0,""unresolved_share"":0.0,""data_age_s"":45.5,""observation_window"":[""2026-10-05T00:00:22.500+00:00"",""2026-10-05T00:00:49.250+00:00""],""evidence"":""INSUFFICIENT"",""samples_needed"":29,""insufficient_reasons"":[""discounted_sample_mass_below_30""]}"
sim,sha256:662605a767af2d4eb9c0018803db29f6130f0a6e152035b0fae33abcd555cddd,2026-10-05T00:01:34.750Z,synthetic-local,sim-r0,beam_quic,small,4,2.957572350317995,INSUFFICIENT,"{""contract_version"":1,""estimator"":""m0-decayed-beta-v1"",""methodology_hash"":""sha256:0da0241b9ce652df77f7b9ee40a713f7bfa93e3c62207c28e290da3d1c9a3f86"",""context"":{""source"":""sim"",""regime_id"":""sim-r0"",""region"":""synthetic-local"",""as_of_utc"":""2026-10-05T00:01:34.750Z""},""config"":{""route"":""beam_quic"",""tip_lamports"":""200000"",""cu_price_micro_lamports"":""5000"",""cu_limit"":25000,""fee_bucket"":""local_p90"",""tip_tier"":""x2"",""size_class"":""small""},""horizon_slots"":4,""half_life_s"":3600.0,""alpha"":3.957572350317995,""beta"":1.0,""p_hat"":0.7982883699244738,""p_interval_95"":[0.39372340381367776,0.9936231115285692],""n_effective"":2.957572350317995,""assignments"":3,""resolved"":3,""unresolved"":0,""unresolved_share"":0.0,""data_age_s"":52.0,""observation_window"":[""2026-10-05T00:00:08.250+00:00"",""2026-10-05T00:00:42.750+00:00""],""evidence"":""INSUFFICIENT"",""samples_needed"":28,""insufficient_reasons"":[""discounted_sample_mass_below_30""]}"
sim,sha256:66f608f71f2d17cbb0355361a1887973241831752f38f5c671b44f33056087fb,2026-10-05T00:01:34.750Z,synthetic-local,sim-r0,beam_quic,large,2,0.9849043690367858,INSUFFICIENT,"{""contract_version"":1,""estimator"":""m0-decayed-beta-v1"",""methodology_hash"":""sha256:0da0241b9ce652df77f7b9ee40a713f7bfa93e3c62207c28e290da3d1c9a3f86"",""context"":{""source"":""sim"",""regime_id"":""sim-r0"",""region"":""synthetic-local"",""as_of_utc"":""2026-10-05T00:01:34.750Z""},""config"":{""route"":""beam_quic"",""tip_lamports"":""500000"",""cu_price_micro_lamports"":""5000"",""cu_limit"":300000,""fee_bucket"":""local_p90"",""tip_tier"":""x5"",""size_class"":""large""},""horizon_slots"":2,""half_life_s"":3600.0,""alpha"":1.9849043690367858,""beta"":1.0,""p_hat"":0.6649808917252866,""p_interval_95"":[0.1559114449079797,0.9873258247930778],""n_effective"":0.9849043690367858,""assignments"":1,""resolved"":1,""unresolved"":0,""unresolved_share"":0.0,""data_age_s"":79.0,""observation_window"":[""2026-10-05T00:00:15.750+00:00"",""2026-10-05T00:00:15.750+00:00""],""evidence"":""INSUFFICIENT"",""samples_needed"":30,""insufficient_reasons"":[""discounted_sample_mass_below_30""]}"
sim,sha256:67cb6d2a5acd94ba724b7656961638ac66f6efc746c7b23ad1d2bcca5cfd2384,2026-10-05T00:01:34.750Z,synthetic-local,sim-r0,beam_quic,medium,4,1.9758522358561224,INSUFFICIENT,"{""contract_version"":1,""estimator"":""m0-decayed-beta-v1"",""methodology_hash"":""sha256:0da0241b9ce652df77f7b9ee40a713f7bfa93e3c62207c28e290da3d1c9a3f86"",""context"":{""source"":""sim"",""regime_id"":""sim-r0"",""region"":""synthetic-local"",""as_of_utc"":""2026-10-05T00:01:34.750Z""},""config"":{""route"":""beam_quic"",""tip_lamports"":""200000"",""cu_price_micro_lamports"":""1000"",""cu_limit"":100000,""fee_bucket"":""local_median"",""tip_tier"":""x2"",""size_class"":""medium""},""horizon_slots"":4,""half_life_s"":3600.0,""alpha"":2.9758522358561224,""beta"":1.0,""p_hat"":0.7484815982391082,""p_interval_95"":[0.28949872790970577,0.9915283381138311],""n_effective"":1.9758522358561224,""assignments"":2,""resolved"":2,""unresolved"":0,""unresolved_share"":0.0,""data_age_s"":44.0,""observation_window"":[""2026-10-05T00:00:12.500+00:00"",""2026-10-05T00:00:50.750+00:00""],""evidence"":""INSUFFICIENT"",""samples_needed"":29,""insufficient_reasons"":[""discounted_sample_mass_below_30""]}"
sim,sha256:68922eda07e17a1670673ad9906d5b0e4d3990f23284fde2bfd6a89d599cc2c6,2026-10-05T00:01:34.750Z,synthetic-local,sim-r0,beam_http,medium,4,1.9810766938430593,INSUFFICIENT,"{""contract_version"":1,""estimator"":""m0-decayed-beta-v1"",""methodology_hash"":""sha256:0da0241b9ce652df77f7b9ee40a713f7bfa93e3c62207c28e290da3d1c9a3f86"",""context"":{""source"":""sim"",""regime_id"":""sim-r0"",""region"":""synthetic-local"",""as_of_utc"":""2026-10-05T00:01:34.750Z""},""config"":{""route"":""beam_http"",""tip_lamports"":""1000000"",""cu_price_micro_lamports"":""5000"",""cu_limit"":100000,""fee_bucket"":""local_p90"",""tip_tier"":""x10"",""size_class"":""medium""},""horizon_slots"":4,""half_life_s"":3600.0,""alpha"":2.9810766938430593,""beta"":1.0,""p_hat"":0.74881167158961,""p_interval_95"":[0.2901283351023668,0.9915431220881519],""n_effective"":1.9810766938430593,""assignments"":2,""resolved"":2,""unresolved"":0,""unresolved_share"":0.0,""data_age_s"":48.75,""observation_window"":[""2026-10-05T00:00:44.750+00:00"",""2026-10-05T00:00:46+00:00""],""evidence"":""INSUFFICIENT"",""samples_needed"":29,""insufficient_reasons"":[""discounted_sample_mass_below_30""]}"
sim,sha256:69fe79aeba2d87520d2907ba19745f79a08c9d4b8ed89b434dea1c86ec607dcb,2026-10-05T00:01:34.750Z,synthetic-local,sim-r0,beam_quic,large,2,1.969763452855842,INSUFFICIENT,"{""contract_version"":1,""estimator"":""m0-decayed-beta-v1"",""methodology_hash"":""sha256:0da0241b9ce652df77f7b9ee40a713f7bfa93e3c62207c28e290da3d1c9a3f86"",""context"":{""source"":""sim"",""regime_id"":""sim-r0"",""region"":""synthetic-local"",""as_of_utc"":""2026-10-05T00:01:34.750Z""},""config"":{""route"":""beam_quic"",""tip_lamports"":""1000000"",""cu_price_micro_lamports"":""1000"",""cu_limit"":300000,""fee_bucket"":""local_median"",""tip_tier"":""x10"",""size_class"":""large""},""horizon_slots"":2,""half_life_s"":3600.0,""alpha"":2.969763452855842,""beta"":1.0,""p_hat"":0.7480958218604684,""p_interval_95"":[0.2887638983238815,0.9915110429484075],""n_effective"":1.969763452855842,""assignments"":2,""resolved"":2,""unresolved"":0,""unresolved_share"":0.0,""data_age_s"":71.5,""observation_window"":[""2026-10-05T00:00:08+00:00"",""2026-10-05T00:00:23.250+00:00""],""evidence"":""INSUFFICIENT"",""samples_needed"":29,""insufficient_reasons"":[""discounted_sample_mass_below_30""]}"
sim,sha256:6a4ee8a844b734a04d94fd20803d4c1cfc84e72f6793fe6c9e37e513aa64ccc3,2026-10-05T00:01:34.750Z,synthetic-local,sim-r0,beam_http,small,4,1.9699515172718907,INSUFFICIENT,"{""contract_version"":1,""estimator"":""m0-decayed-beta-v1"",""methodology_hash"":""sha256:0da0241b9ce652df77f7b9ee40a713f7bfa93e3c62207c28e290da3d1c9a3f86"",""context"":{""source"":""sim"",""regime_id"":""sim-r0"",""region"":""synthetic-local"",""as_of_utc"":""2026-10-05T00:01:34.750Z""},""config"":{""route"":""beam_http"",""tip_lamports"":""500000"",""cu_price_micro_lamports"":""1000"",""cu_limit"":25000,""fee_bucket"":""local_median"",""tip_tier"":""x5"",""size_class"":""small""},""horizon_slots"":4,""half_life_s"":3600.0,""alpha"":2.9699515172718907,""beta"":1.0,""p_hat"":0.7481077550571223,""p_interval_95"":[0.2887866121267023,0.9915115782015012],""n_effective"":1.9699515172718907,""assignments"":2,""resolved"":2,""unresolved"":0,""unresolved_share"":0.0,""data_age_s"":74.75,""observation_window"":[""2026-10-05T00:00:12.250+00:00"",""2026-10-05T00:00:20+00:00""],""evidence"":""INSUFFICIENT"",""samples_needed"":29,""insufficient_reasons"":[""discounted_sample_mass_below_30""]}"
sim,sha256:6a9190bc5b5ebde04272370e2e07510d5011f23e875687d96fd7474424724523,2026-10-05T00:01:34.750Z,synthetic-local,sim-r0,beam_http,medium,1,1.9787964326817908,INSUFFICIENT,"{""contract_version"":1,""estimator"":""m0-decayed-beta-v1"",""methodology_hash"":""sha256:0da0241b9ce652df77f7b9ee40a713f7bfa93e3c62207c28e290da3d1c9a3f86"",""context"":{""source"":""sim"",""regime_id"":""sim-r0"",""region"":""synthetic-local"",""as_of_utc"":""2026-10-05T00:01:34.750Z""},""config"":{""route"":""beam_http"",""tip_lamports"":""200000"",""cu_price_micro_lamports"":""5000"",""cu_limit"":100000,""fee_bucket"":""local_p90"",""tip_tier"":""x2"",""size_class"":""medium""},""horizon_slots"":1,""half_life_s"":3600.0,""alpha"":2.978796432681791,""beta"":1.0,""p_hat"":0.7486677147425762,""p_interval_95"":[0.2898536408651592,0.9915366758415978],""n_effective"":1.9787964326817908,""assignments"":2,""resolved"":2,""unresolved"":0,""unresolved_share"":0.0,""data_age_s"":41.5,""observation_window"":[""2026-10-05T00:00:25.500+00:00"",""2026-10-05T00:00:53.250+00:00""],""evidence"":""INSUFFICIENT"",""samples_needed"":29,""insufficient_reasons"":[""discounted_sample_mass_below_30""]}"
sim,sha256:712b50cef4813b25f963fcee458f78f7a12f7ca3a2d5af41d94a7948e6a90f51,2026-10-05T00:01:34.750Z,synthetic-local,sim-r0,rpc,medium,2,3.9535577922587795,INSUFFICIENT,"{""contract_version"":1,""estimator"":""m0-decayed-beta-v1"",""methodology_hash"":""sha256:0da0241b9ce652df77f7b9ee40a713f7bfa93e3c62207c28e290da3d1c9a3f86"",""context"":{""source"":""sim"",""regime_id"":""sim-r0"",""region"":""synthetic-local"",""as_of_utc"":""2026-10-05T00:01:34.750Z""},""config"":{""route"":""rpc"",""tip_lamports"":""0"",""cu_price_micro_lamports"":""0"",""cu_limit"":100000,""fee_bucket"":""zero"",""tip_tier"":""none"",""size_class"":""medium""},""horizon_slots"":2,""half_life_s"":3600.0,""alpha"":4.9535577922587795,""beta"":1.0,""p_hat"":0.8320332085630767,""p_interval_95"":[0.47488010014813475,0.9949020039681418],""n_effective"":3.9535577922587795,""assignments"":4,""resolved"":4,""unresolved"":0,""unresolved_share"":0.0,""data_age_s"":44.5,""observation_window"":[""2026-10-05T00:00:02.750+00:00"",""2026-10-05T00:00:50.250+00:00""],""evidence"":""INSUFFICIENT"",""samples_needed"":27,""insufficient_reasons"":[""discounted_sample_mass_below_30""]}"
sim,sha256:713aaa590a50b862aa7d0a8ab3aef452d9e8f068022bb9a602c796073c0646a3,2026-10-05T00:01:34.750Z,synthetic-local,sim-r0,beam_quic,large,4,1.9795550920090568,INSUFFICIENT,"{""contract_version"":1,""estimator"":""m0-decayed-beta-v1"",""methodology_hash"":""sha256:0da0241b9ce652df77f7b9ee40a713f7bfa93e3c62207c28e290da3d1c9a3f86"",""context"":{""source"":""sim"",""regime_id"":""sim-r0"",""region"":""synthetic-local"",""as_of_utc"":""2026-10-05T00:01:34.750Z""},""config"":{""route"":""beam_quic"",""tip_lamports"":""100000"",""cu_price_micro_lamports"":""1000"",""cu_limit"":300000,""fee_bucket"":""local_median"",""tip_tier"":""x1"",""size_class"":""large""},""horizon_slots"":4,""half_life_s"":3600.0,""alpha"":2.9795550920090568,""beta"":1.0,""p_hat"":0.7487156285364666,""p_interval_95"":[0.2899450514004799,0.9915388216449093],""n_effective"":1.9795550920090568,""assignments"":2,""resolved"":2,""unresolved"":0,""unresolved_share"":0.0,""data_age_s"":43.5,""observation_window"":[""2026-10-05T00:00:31.500+00:00"",""2026-10-05T00:00:51.250+00:00""],""evidence"":""INSUFFICIENT"",""samples_needed"":29,""insufficient_reasons"":[""discounted_sample_mass_below_30""]}"
sim,sha256:71ad5a39c4d4750a4ea0f5f0e9ca94aec94eff16d9b1563c81830ffd0018e7fd,2026-10-05T00:01:34.750Z,synthetic-local,sim-r0,beam_quic,medium,2,1.9758522358561224,INSUFFICIENT,"{""contract_version"":1,""estimator"":""m0-decayed-beta-v1"",""methodology_hash"":""sha256:0da0241b9ce652df77f7b9ee40a713f7bfa93e3c62207c28e290da3d1c9a3f86"",""context"":{""source"":""sim"",""regime_id"":""sim-r0"",""region"":""synthetic-local"",""as_of_utc"":""2026-10-05T00:01:34.750Z""},""config"":{""route"":""beam_quic"",""tip_lamports"":""200000"",""cu_price_micro_lamports"":""1000"",""cu_limit"":100000,""fee_bucket"":""local_median"",""tip_tier"":""x2"",""size_class"":""medium""},""horizon_slots"":2,""half_life_s"":3600.0,""alpha"":2.9758522358561224,""beta"":1.0,""p_hat"":0.7484815982391082,""p_interval_95"":[0.28949872790970577,0.9915283381138311],""n_effective"":1.9758522358561224,""assignments"":2,""resolved"":2,""unresolved"":0,""unresolved_share"":0.0,""data_age_s"":44.0,""observation_window"":[""2026-10-05T00:00:12.500+00:00"",""2026-10-05T00:00:50.750+00:00""],""evidence"":""INSUFFICIENT"",""samples_needed"":29,""insufficient_reasons"":[""discounted_sample_mass_below_30""]}"
sim,sha256:71ec11dd6f354318460b2a56162fa9273ce7750d168cf52b2dd320265f6aea68,2026-10-05T00:01:34.750Z,synthetic-local,sim-r0,beam_quic,medium,4,0.9853311387761363,INSUFFICIENT,"{""contract_version"":1,""estimator"":""m0-decayed-beta-v1"",""methodology_hash"":""sha256:0da0241b9ce652df77f7b9ee40a713f7bfa93e3c62207c28e290da3d1c9a3f86"",""context"":{""source"":""sim"",""regime_id"":""sim-r0"",""region"":""synthetic-local"",""as_of_utc"":""2026-10-05T00:01:34.750Z""},""config"":{""route"":""beam_quic"",""tip_lamports"":""1000000"",""cu_price_micro_lamports"":""1000"",""cu_limit"":100000,""fee_bucket"":""local_median"",""tip_tier"":""x10"",""size_class"":""medium""},""horizon_slots"":4,""half_life_s"":3600.0,""alpha"":1.9853311387761363,""beta"":1.0,""p_hat"":0.6650287845756504,""p_interval_95"":[0.15597374379507623,0.9873285319178284],""n_effective"":0.9853311387761363,""assignments"":1,""resolved"":1,""unresolved"":0,""unresolved_share"":0.0,""data_age_s"":76.75,""observation_window"":[""2026-10-05T00:00:18+00:00"",""2026-10-05T00:00:18+00:00""],""evidence"":""INSUFFICIENT"",""samples_needed"":30,""insufficient_reasons"":[""discounted_sample_mass_below_30""]}"
sim,sha256:72d7214a1ed5ba7fd0b54b5d73825ad76669a30e07e86cda2bf76d8a4bd6db30,2026-10-05T00:01:34.750Z,synthetic-local,sim-r0,beam_quic,small,4,1.970715529648725,INSUFFICIENT,"{""contract_version"":1,""estimator"":""m0-decayed-beta-v1"",""methodology_hash"":""sha256:0da0241b9ce652df77f7b9ee40a713f7bfa93e3c62207c28e290da3d1c9a3f86"",""context"":{""source"":""sim"",""regime_id"":""sim-r0"",""region"":""synthetic-local"",""as_of_utc"":""2026-10-05T00:01:34.750Z""},""config"":{""route"":""beam_quic"",""tip_lamports"":""200000"",""cu_price_micro_lamports"":""1000"",""cu_limit"":25000,""fee_bucket"":""local_median"",""tip_tier"":""x2"",""size_class"":""small""},""horizon_slots"":4,""half_life_s"":3600.0,""alpha"":2.970715529648725,""beta"":1.0,""p_hat"":0.7481562220881468,""p_interval_95"":[0.2888788758239146,0.9915137519752291],""n_effective"":1.970715529648725,""assignments"":2,""resolved"":2,""unresolved"":0,""unresolved_share"":0.0,""data_age_s"":64.0,""observation_window"":[""2026-10-05T00:00:05.500+00:00"",""2026-10-05T00:00:30.750+00:00""],""evidence"":""INSUFFICIENT"",""samples_needed"":29,""insufficient_reasons"":[""discounted_sample_mass_below_30""]}"
sim,sha256:75016fa54278924cc7facc0ba3cf4c5043a318f20e10747c2bea626109219e48,2026-10-05T00:01:34.750Z,synthetic-local,sim-r0,beam_http,medium,4,1.9781227380744313,INSUFFICIENT,"{""contract_version"":1,""estimator"":""m0-decayed-beta-v1"",""methodology_hash"":""sha256:0da0241b9ce652df77f7b9ee40a713f7bfa93e3c62207c28e290da3d1c9a3f86"",""context"":{""source"":""sim"",""regime_id"":""sim-r0"",""region"":""synthetic-local"",""as_of_utc"":""2026-10-05T00:01:34.750Z""},""config"":{""route"":""beam_http"",""tip_lamports"":""500000"",""cu_price_micro_lamports"":""0"",""cu_limit"":100000,""fee_bucket"":""zero"",""tip_tier"":""x5"",""size_class"":""medium""},""horizon_slots"":4,""half_life_s"":3600.0,""alpha"":2.9781227380744313,""beta"":1.0,""p_hat"":0.7486251516502883,""p_interval_95"":[0.2897724528270593,0.9915347694411969],""n_effective"":1.9781227380744313,""assignments"":2,""resolved"":2,""unresolved"":0,""unresolved_share"":0.0,""data_age_s"":57.0,""observation_window"":[""2026-10-05T00:00:37.500+00:00"",""2026-10-05T00:00:37.750+00:00""],""evidence"":""INSUFFICIENT"",""samples_needed"":29,""insufficient_reasons"":[""discounted_sample_mass_below_30""]}"
sim,sha256:750a98100ce17baad690753bdbba8b6480bb67708594af7065ca7e834a477b3b,2026-10-05T00:01:34.750Z,synthetic-local,sim-r0,beam_http,large,2,3.9483259951110474,INSUFFICIENT,"{""contract_version"":1,""estimator"":""m0-decayed-beta-v1"",""methodology_hash"":""sha256:0da0241b9ce652df77f7b9ee40a713f7bfa93e3c62207c28e290da3d1c9a3f86"",""context"":{""source"":""sim"",""regime_id"":""sim-r0"",""region"":""synthetic-local"",""as_of_utc"":""2026-10-05T00:01:34.750Z""},""config"":{""route"":""beam_http"",""tip_lamports"":""1000000"",""cu_price_micro_lamports"":""0"",""cu_limit"":300000,""fee_bucket"":""zero"",""tip_tier"":""x10"",""size_class"":""large""},""horizon_slots"":2,""half_life_s"":3600.0,""alpha"":3.9639903648723416,""beta"":1.9843356302387058,""p_hat"":0.6664043578193867,""p_interval_95"":[0.28184260889961144,0.947791070482098],""n_effective"":3.9483259951110474,""assignments"":4,""resolved"":4,""unresolved"":0,""unresolved_share"":0.0,""data_age_s"":37.25,""observation_window"":[""2026-10-05T00:00:12.750+00:00"",""2026-10-05T00:00:57.500+00:00""],""evidence"":""INSUFFICIENT"",""samples_needed"":27,""insufficient_reasons"":[""discounted_sample_mass_below_30""]}"
sim,sha256:76076b5197bac93ed1d8a40b89b0cacc78e1705143248a12c222a1a42da157e7,2026-10-05T00:01:34.750Z,synthetic-local,sim-r0,beam_quic,small,1,2.9569548764318796,INSUFFICIENT,"{""contract_version"":1,""estimator"":""m0-decayed-beta-v1"",""methodology_hash"":""sha256:0da0241b9ce652df77f7b9ee40a713f7bfa93e3c62207c28e290da3d1c9a3f86"",""context"":{""source"":""sim"",""regime_id"":""sim-r0"",""region"":""synthetic-local"",""as_of_utc"":""2026-10-05T00:01:34.750Z""},""config"":{""route"":""beam_quic"",""tip_lamports"":""1000000"",""cu_price_micro_lamports"":""0"",""cu_limit"":25000,""fee_bucket"":""zero"",""tip_tier"":""x10"",""size_class"":""small""},""horizon_slots"":1,""half_life_s"":3600.0,""alpha"":3.95695487643188,""beta"":1.0,""p_hat"":0.7982632432757143,""p_interval_95"":[0.39366613967344477,0.9936221196095809],""n_effective"":2.9569548764318796,""assignments"":3,""resolved"":3,""unresolved"":0,""unresolved_share"":0.0,""data_age_s"":54.25,""observation_window"":[""2026-10-05T00:00:04.500+00:00"",""2026-10-05T00:00:40.500+00:00""],""evidence"":""INSUFFICIENT"",""samples_needed"":28,""insufficient_reasons"":[""discounted_sample_mass_below_30""]}"
sim,sha256:7627181d461ed8e2aac73766c8ae97dc61d0e36837438fc1931570980f9d1765,2026-10-05T00:01:34.750Z,synthetic-local,sim-r0,beam_quic,small,1,1.9672979359801923,INSUFFICIENT,"{""contract_version"":1,""estimator"":""m0-decayed-beta-v1"",""methodology_hash"":""sha256:0da0241b9ce652df77f7b9ee40a713f7bfa93e3c62207c28e290da3d1c9a3f86"",""context"":{""source"":""sim"",""regime_id"":""sim-r0"",""region"":""synthetic-local"",""as_of_utc"":""2026-10-05T00:01:34.750Z""},""config"":{""route"":""beam_quic"",""tip_lamports"":""100000"",""cu_price_micro_lamports"":""5000"",""cu_limit"":25000,""fee_bucket"":""local_p90"",""tip_tier"":""x1"",""size_class"":""small""},""horizon_slots"":1,""half_life_s"":3600.0,""alpha"":1.9841461236312803,""beta"":1.9831518123489122,""p_hat"":0.5001253134121023,""p_interval_95"":[0.09335137018278247,0.9067851268349565],""n_effective"":1.9672979359801923,""assignments"":2,""resolved"":2,""unresolved"":0,""unresolved_share"":0.0,""data_age_s"":83.0,""observation_window"":[""2026-10-05T00:00:06.500+00:00"",""2026-10-05T00:00:11.750+00:00""],""evidence"":""INSUFFICIENT"",""samples_needed"":29,""insufficient_reasons"":[""discounted_sample_mass_below_30""]}"
sim,sha256:762a1eb1764644e9c9ada008da06644a83ea0496f52a521a7413716043c01e70,2026-10-05T00:01:34.750Z,synthetic-local,sim-r0,rpc,small,1,2.971510821692533,INSUFFICIENT,"{""contract_version"":1,""estimator"":""m0-decayed-beta-v1"",""methodology_hash"":""sha256:0da0241b9ce652df77f7b9ee40a713f7bfa93e3c62207c28e290da3d1c9a3f86"",""context"":{""source"":""sim"",""regime_id"":""sim-r0"",""region"":""synthetic-local"",""as_of_utc"":""2026-10-05T00:01:34.750Z""},""config"":{""route"":""rpc"",""tip_lamports"":""0"",""cu_price_micro_lamports"":""5000"",""cu_limit"":25000,""fee_bucket"":""local_p90"",""tip_tier"":""none"",""size_class"":""small""},""horizon_slots"":1,""half_life_s"":3600.0,""alpha"":1.9931881054924019,""beta"":2.978322716200131,""p_hat"":0.4009220088178,""p_interval_95"":[0.06748577629636415,0.8075383123293927],""n_effective"":2.971510821692533,""assignments"":3,""resolved"":3,""unresolved"":0,""unresolved_share"":0.0,""data_age_s"":35.5,""observation_window"":[""2026-10-05T00:00:22+00:00"",""2026-10-05T00:00:59.250+00:00""],""evidence"":""INSUFFICIENT"",""samples_needed"":28,""insufficient_reasons"":[""discounted_sample_mass_below_30""]}"
sim,sha256:7651b4b88209e4e60eff6625d8f4b87983ea2492258550c7456050a9f32fc295,2026-10-05T00:01:34.750Z,synthetic-local,sim-r0,beam_quic,medium,1,2.9633712222405375,INSUFFICIENT,"{""contract_version"":1,""estimator"":""m0-decayed-beta-v1"",""methodology_hash"":""sha256:0da0241b9ce652df77f7b9ee40a713f7bfa93e3c62207c28e290da3d1c9a3f86"",""context"":{""source"":""sim"",""regime_id"":""sim-r0"",""region"":""synthetic-local"",""as_of_utc"":""2026-10-05T00:01:34.750Z""},""config"":{""route"":""beam_quic"",""tip_lamports"":""200000"",""cu_price_micro_lamports"":""5000"",""cu_limit"":100000,""fee_bucket"":""local_p90"",""tip_tier"":""x2"",""size_class"":""medium""},""horizon_slots"":1,""half_life_s"":3600.0,""alpha"":2.979177725378074,""beta"":1.9841934968624633,""p_hat"":0.6002327031330189,""p_interval_95"":[0.1931169911554928,0.9332106345685198],""n_effective"":2.9633712222405375,""assignments"":3,""resolved"":3,""unresolved"":0,""unresolved_share"":0.0,""data_age_s"":40.25,""observation_window"":[""2026-10-05T00:00:12+00:00"",""2026-10-05T00:00:54.500+00:00""],""evidence"":""INSUFFICIENT"",""samples_needed"":28,""insufficient_reasons"":[""discounted_sample_mass_below_30""]}"
sim,sha256:76be7d7cbea99173c2c47340f30e34620c15813032193451814e993d9cd7a444,2026-10-05T00:01:34.750Z,synthetic-local,sim-r0,beam_quic,small,1,3.9559387004953575,INSUFFICIENT,"{""contract_version"":1,""estimator"":""m0-decayed-beta-v1"",""methodology_hash"":""sha256:0da0241b9ce652df77f7b9ee40a713f7bfa93e3c62207c28e290da3d1c9a3f86"",""context"":{""source"":""sim"",""regime_id"":""sim-r0"",""region"":""synthetic-local"",""as_of_utc"":""2026-10-05T00:01:34.750Z""},""config"":{""route"":""beam_quic"",""tip_lamports"":""100000"",""cu_price_micro_lamports"":""0"",""cu_limit"":25000,""fee_bucket"":""zero"",""tip_tier"":""x1"",""size_class"":""small""},""horizon_slots"":1,""half_life_s"":3600.0,""alpha"":4.9559387004953575,""beta"":1.0,""p_hat"":0.8321003539010854,""p_interval_95"":[0.47505002449953626,0.9949044468723509],""n_effective"":3.9559387004953575,""assignments"":4,""resolved"":4,""unresolved"":0,""unresolved_share"":0.0,""data_age_s"":37.75,""observation_window"":[""2026-10-05T00:00:07.250+00:00"",""2026-10-05T00:00:57+00:00""],""evidence"":""INSUFFICIENT"",""samples_needed"":27,""insufficient_reasons"":[""discounted_sample_mass_below_30""]}"
sim,sha256:773b29378a9406666e39bdcd47492ad0693abf48fa75aaffd121456cacbaeaa5,2026-10-05T00:01:34.750Z,synthetic-local,sim-r0,rpc,large,1,0.9839092916771621,INSUFFICIENT,"{""contract_version"":1,""estimator"":""m0-decayed-beta-v1"",""methodology_hash"":""sha256:0da0241b9ce652df77f7b9ee40a713f7bfa93e3c62207c28e290da3d1c9a3f86"",""context"":{""source"":""sim"",""regime_id"":""sim-r0"",""region"":""synthetic-local"",""as_of_utc"":""2026-10-05T00:01:34.750Z""},""config"":{""route"":""rpc"",""tip_lamports"":""0"",""cu_price_micro_lamports"":""0"",""cu_limit"":300000,""fee_bucket"":""zero"",""tip_tier"":""none"",""size_class"":""large""},""horizon_slots"":1,""half_life_s"":3600.0,""alpha"":1.9839092916771621,""beta"":1.0,""p_hat"":0.6648691691837819,""p_interval_95"":[0.15576617839695256,0.98731950823265],""n_effective"":0.9839092916771621,""assignments"":1,""resolved"":1,""unresolved"":0,""unresolved_share"":0.0,""data_age_s"":84.25,""observation_window"":[""2026-10-05T00:00:10.500+00:00"",""2026-10-05T00:00:10.500+00:00""],""evidence"":""INSUFFICIENT"",""samples_needed"":30,""insufficient_reasons"":[""discounted_sample_mass_below_30""]}"
sim,sha256:7753018677da6e1a00945f59aaf0aeff2b63b5a32dc67b46fe90279daa441634,2026-10-05T00:01:34.750Z,synthetic-local,sim-r0,beam_http,small,2,5.917854899281779,INSUFFICIENT,"{""contract_version"":1,""estimator"":""m0-decayed-beta-v1"",""methodology_hash"":""sha256:0da0241b9ce652df77f7b9ee40a713f7bfa93e3c62207c28e290da3d1c9a3f86"",""context"":{""source"":""sim"",""regime_id"":""sim-r0"",""region"":""synthetic-local"",""as_of_utc"":""2026-10-05T00:01:34.750Z""},""config"":{""route"":""beam_http"",""tip_lamports"":""200000"",""cu_price_micro_lamports"":""1000"",""cu_limit"":25000,""fee_bucket"":""local_median"",""tip_tier"":""x2"",""size_class"":""small""},""horizon_slots"":2,""half_life_s"":3600.0,""alpha"":6.917854899281779,""beta"":1.0,""p_hat"":0.873703166738922,""p_interval_95"":[0.5867007630419772,0.996346911571671],""n_effective"":5.917854899281779,""assignments"":6,""resolved"":6,""unresolved"":0,""unresolved_share"":0.0,""data_age_s"":35.75,""observation_window"":[""2026-10-05T00:00:09.750+00:00"",""2026-10-05T00:00:59+00:00""],""evidence"":""INSUFFICIENT"",""samples_needed"":25,""insufficient_reasons"":[""discounted_sample_mass_below_30""]}"
sim,sha256:783f1467c13ca4e713cb359410a8a908ab3e5b9b495ecbad48c14fc7f1085e7d,2026-10-05T00:01:34.750Z,synthetic-local,sim-r0,beam_quic,medium,1,1.9758522358561228,INSUFFICIENT,"{""contract_version"":1,""estimator"":""m0-decayed-beta-v1"",""methodology_hash"":""sha256:0da0241b9ce652df77f7b9ee40a713f7bfa93e3c62207c28e290da3d1c9a3f86"",""context"":{""source"":""sim"",""regime_id"":""sim-r0"",""region"":""synthetic-local"",""as_of_utc"":""2026-10-05T00:01:34.750Z""},""config"":{""route"":""beam_quic"",""tip_lamports"":""200000"",""cu_price_micro_lamports"":""1000"",""cu_limit"":100000,""fee_bucket"":""local_median"",""tip_tier"":""x2"",""size_class"":""medium""},""horizon_slots"":1,""half_life_s"":3600.0,""alpha"":2.975852235856123,""beta"":1.0,""p_hat"":0.7484815982391083,""p_interval_95"":[0.28949872790970566,0.9915283381138311],""n_effective"":1.9758522358561228,""assignments"":2,""resolved"":2,""unresolved"":0,""unresolved_share"":0.0,""data_age_s"":44.0,""observation_window"":[""2026-10-05T00:00:12.500+00:00"",""2026-10-05T00:00:50.750+00:00""],""evidence"":""INSUFFICIENT"",""samples_needed"":29,""insufficient_reasons"":[""discounted_sample_mass_below_30""]}"
sim,sha256:7a7a1d8459d6271c222450e304732a3b3d917a941455be79a5e0b89ee547bda8,2026-10-05T00:01:34.750Z,synthetic-local,sim-r0,beam_http,medium,2,2.9631382148357224,INSUFFICIENT,"{""contract_version"":1,""estimator"":""m0-decayed-beta-v1"",""methodology_hash"":""sha256:0da0241b9ce652df77f7b9ee40a713f7bfa93e3c62207c28e290da3d1c9a3f86"",""context"":{""source"":""sim"",""regime_id"":""sim-r0"",""region"":""synthetic-local"",""as_of_utc"":""2026-10-05T00:01:34.750Z""},""config"":{""route"":""beam_http"",""tip_lamports"":""500000"",""cu_price_micro_lamports"":""5000"",""cu_limit"":100000,""fee_bucket"":""local_p90"",""tip_tier"":""x5"",""size_class"":""medium""},""horizon_slots"":2,""half_life_s"":3600.0,""alpha"":3.9631382148357224,""beta"":1.0,""p_hat"":0.7985145775286253,""p_interval_95"":[0.3942391482276212,0.9936320387084572],""n_effective"":2.9631382148357224,""assignments"":3,""resolved"":3,""unresolved"":0,""unresolved_share"":0.0,""data_age_s"":45.0,""observation_window"":[""2026-10-05T00:00:03+00:00"",""2026-10-05T00:00:49.750+00:00""],""evidence"":""INSUFFICIENT"",""samples_needed"":28,""insufficient_reasons"":[""discounted_sample_mass_below_30""]}"
sim,sha256:7ea0de06d1bb60654819564864f58bacd7b84c1153d87dcbad49835760291b55,2026-10-05T00:01:34.750Z,synthetic-local,sim-r0,beam_quic,medium,4,2.9633712222405366,INSUFFICIENT,"{""contract_version"":1,""estimator"":""m0-decayed-beta-v1"",""methodology_hash"":""sha256:0da0241b9ce652df77f7b9ee40a713f7bfa93e3c62207c28e290da3d1c9a3f86"",""context"":{""source"":""sim"",""regime_id"":""sim-r0"",""region"":""synthetic-local"",""as_of_utc"":""2026-10-05T00:01:34.750Z""},""config"":{""route"":""beam_quic"",""tip_lamports"":""200000"",""cu_price_micro_lamports"":""5000"",""cu_limit"":100000,""fee_bucket"":""local_p90"",""tip_tier"":""x2"",""size_class"":""medium""},""horizon_slots"":4,""half_life_s"":3600.0,""alpha"":3.9633712222405366,""beta"":1.0,""p_hat"":0.7985240363406496,""p_interval_95"":[0.3942607222858495,0.9936324118877369],""n_effective"":2.9633712222405366,""assignments"":3,""resolved"":3,""unresolved"":0,""unresolved_share"":0.0,""data_age_s"":40.25,""observation_window"":[""2026-10-05T00:00:12+00:00"",""2026-10-05T00:00:54.500+00:00""],""evidence"":""INSUFFICIENT"",""samples_needed"":28,""insufficient_reasons"":[""discounted_sample_mass_below_30""]}"
sim,sha256:80049a291a48728b826c0887eb9c066235aabfc173c4c8bc7ed8d3d08bc5638a,2026-10-05T00:01:34.750Z,synthetic-local,sim-r0,rpc,large,2,3.9450335673050336,INSUFFICIENT,"{""contract_version"":1,""estimator"":""m0-decayed-beta-v1"",""methodology_hash"":""sha256:0da0241b9ce652df77f7b9ee40a713f7bfa93e3c62207c28e290da3d1c9a3f86"",""context"":{""source"":""sim"",""regime_id"":""sim-r0"",""region"":""synthetic-local"",""as_of_utc"":""2026-10-05T00:01:34.750Z""},""config"":{""route"":""rpc"",""tip_lamports"":""0"",""cu_price_micro_lamports"":""5000"",""cu_limit"":300000,""fee_bucket"":""local_p90"",""tip_tier"":""none"",""size_class"":""large""},""horizon_slots"":2,""half_life_s"":3600.0,""alpha"":2.9723244823205017,""beta"":2.9727090849845323,""p_hat"":0.49996765344891025,""p_interval_95"":[0.1454020600692661,0.8545535132575863],""n_effective"":3.9450335673050336,""assignments"":4,""resolved"":4,""unresolved"":0,""unresolved_share"":0.0,""data_age_s"":58.25,""observation_window"":[""2026-10-05T00:00:10.250+00:00"",""2026-10-05T00:00:36.500+00:00""],""evidence"":""INSUFFICIENT"",""samples_needed"":27,""insufficient_reasons"":[""discounted_sample_mass_below_30""]}"
sim,sha256:80fb050285d7dd997d439f511dcc56d038555035d5aaab316b68af0e0ba4e9c8,2026-10-05T00:01:34.750Z,synthetic-local,sim-r0,rpc,large,4,3.9450335673050336,INSUFFICIENT,"{""contract_version"":1,""estimator"":""m0-decayed-beta-v1"",""methodology_hash"":""sha256:0da0241b9ce652df77f7b9ee40a713f7bfa93e3c62207c28e290da3d1c9a3f86"",""context"":{""source"":""sim"",""regime_id"":""sim-r0"",""region"":""synthetic-local"",""as_of_utc"":""2026-10-05T00:01:34.750Z""},""config"":{""route"":""rpc"",""tip_lamports"":""0"",""cu_price_micro_lamports"":""5000"",""cu_limit"":300000,""fee_bucket"":""local_p90"",""tip_tier"":""none"",""size_class"":""large""},""horizon_slots"":4,""half_life_s"":3600.0,""alpha"":4.945033567305034,""beta"":1.0,""p_hat"":0.8317923711146825,""p_interval_95"":[0.4742708885866139,0.9948932385443494],""n_effective"":3.9450335673050336,""assignments"":4,""resolved"":4,""unresolved"":0,""unresolved_share"":0.0,""data_age_s"":58.25,""observation_window"":[""2026-10-05T00:00:10.250+00:00"",""2026-10-05T00:00:36.500+00:00""],""evidence"":""INSUFFICIENT"",""samples_needed"":27,""insufficient_reasons"":[""discounted_sample_mass_below_30""]}"
sim,sha256:81b55de028f179b98974addd27a440a55816e7e088149acd479e4d2ec663f1b1,2026-10-05T00:01:34.750Z,synthetic-local,sim-r0,beam_http,large,2,3.952788878115686,INSUFFICIENT,"{""contract_version"":1,""estimator"":""m0-decayed-beta-v1"",""methodology_hash"":""sha256:0da0241b9ce652df77f7b9ee40a713f7bfa93e3c62207c28e290da3d1c9a3f86"",""context"":{""source"":""sim"",""regime_id"":""sim-r0"",""region"":""synthetic-local"",""as_of_utc"":""2026-10-05T00:01:34.750Z""},""config"":{""route"":""beam_http"",""tip_lamports"":""500000"",""cu_price_micro_lamports"":""5000"",""cu_limit"":300000,""fee_bucket"":""local_p90"",""tip_tier"":""x5"",""size_class"":""large""},""horizon_slots"":2,""half_life_s"":3600.0,""alpha"":4.952788878115686,""beta"":1.0,""p_hat"":0.8320115125069675,""p_interval_95"":[0.47482520118666904,0.9949012145319471],""n_effective"":3.952788878115686,""assignments"":4,""resolved"":4,""unresolved"":0,""unresolved_share"":0.0,""data_age_s"":35.25,""observation_window"":[""2026-10-05T00:00:22.250+00:00"",""2026-10-05T00:00:59.500+00:00""],""evidence"":""INSUFFICIENT"",""samples_needed"":27,""insufficient_reasons"":[""discounted_sample_mass_below_30""]}"
sim,sha256:81bf7e4698d356c01c780683d8e10660954b36a9662abc81db1af4c236432634,2026-10-05T00:01:34.750Z,synthetic-local,sim-r0,beam_quic,medium,2,2.962894139751265,INSUFFICIENT,"{""contract_version"":1,""estimator"":""m0-decayed-beta-v1"",""methodology_hash"":""sha256:0da0241b9ce652df77f7b9ee40a713f7bfa93e3c62207c28e290da3d1c9a3f86"",""context"":{""source"":""sim"",""regime_id"":""sim-r0"",""region"":""synthetic-local"",""as_of_utc"":""2026-10-05T00:01:34.750Z""},""config"":{""route"":""beam_quic"",""tip_lamports"":""1000000"",""cu_price_micro_lamports"":""5000"",""cu_limit"":100000,""fee_bucket"":""local_p90"",""tip_tier"":""x10"",""size_class"":""medium""},""horizon_slots"":2,""half_life_s"":3600.0,""alpha"":3.9628941397512647,""beta"":1.0,""p_hat"":0.798504668477551,""p_interval_95"":[0.39421654796315964,0.9936316477565275],""n_effective"":2.962894139751265,""assignments"":3,""resolved"":3,""unresolved"":0,""unresolved_share"":0.0,""data_age_s"":48.25,""observation_window"":[""2026-10-05T00:00:07+00:00"",""2026-10-05T00:00:46.500+00:00""],""evidence"":""INSUFFICIENT"",""samples_needed"":28,""insufficient_reasons"":[""discounted_sample_mass_below_30""]}"
sim,sha256:8211f05029df35e14bbb05ae2925f7ccddcceddd02f49c085016988629fb0a89,2026-10-05T00:01:34.750Z,synthetic-local,sim-r0,beam_http,medium,2,2.9581394664699374,INSUFFICIENT,"{""contract_version"":1,""estimator"":""m0-decayed-beta-v1"",""methodology_hash"":""sha256:0da0241b9ce652df77f7b9ee40a713f7bfa93e3c62207c28e290da3d1c9a3f86"",""context"":{""source"":""sim"",""regime_id"":""sim-r0"",""region"":""synthetic-local"",""as_of_utc"":""2026-10-05T00:01:34.750Z""},""config"":{""route"":""beam_http"",""tip_lamports"":""100000"",""cu_price_micro_lamports"":""1000"",""cu_limit"":100000,""fee_bucket"":""local_median"",""tip_tier"":""x1"",""size_class"":""medium""},""horizon_slots"":2,""half_life_s"":3600.0,""alpha"":2.975886403437288,""beta"":1.9822530630326494,""p_hat"":0.6002022378680767,""p_interval_95"":[0.1929220247731806,0.933294683769526],""n_effective"":2.9581394664699374,""assignments"":3,""resolved"":3,""unresolved"":0,""unresolved_share"":0.0,""data_age_s"":62.5,""observation_window"":[""2026-10-05T00:00:01.750+00:00"",""2026-10-05T00:00:32.250+00:00""],""evidence"":""INSUFFICIENT"",""samples_needed"":28,""insufficient_reasons"":[""discounted_sample_mass_below_30""]}"
sim,sha256:82a0756790da84a678bb58713bdd7b52cad7b8777efe34e19acefb72c84e7985,2026-10-05T00:01:34.750Z,synthetic-local,sim-r0,beam_quic,large,4,5.92244695406824,INSUFFICIENT,"{""contract_version"":1,""estimator"":""m0-decayed-beta-v1"",""methodology_hash"":""sha256:0da0241b9ce652df77f7b9ee40a713f7bfa93e3c62207c28e290da3d1c9a3f86"",""context"":{""source"":""sim"",""regime_id"":""sim-r0"",""region"":""synthetic-local"",""as_of_utc"":""2026-10-05T00:01:34.750Z""},""config"":{""route"":""beam_quic"",""tip_lamports"":""100000"",""cu_price_micro_lamports"":""0"",""cu_limit"":300000,""fee_bucket"":""zero"",""tip_tier"":""x1"",""size_class"":""large""},""horizon_slots"":4,""half_life_s"":3600.0,""alpha"":5.937779599455164,""beta"":1.9846673546130762,""p_hat"":0.749488085421142,""p_interval_95"":[0.4190798355724181,0.9636310514620745],""n_effective"":5.92244695406824,""assignments"":6,""resolved"":6,""unresolved"":0,""unresolved_share"":0.0,""data_age_s"":47.5,""observation_window"":[""2026-10-05T00:00:14.500+00:00"",""2026-10-05T00:00:47.250+00:00""],""evidence"":""INSUFFICIENT"",""samples_needed"":25,""insufficient_reasons"":[""discounted_sample_mass_below_30""]}"
sim,sha256:856fa7b2de4ba33b1cf9f58a8504235c39243e5cd37fbc801fdc61d47fe16070,2026-10-05T00:01:34.750Z,synthetic-local,sim-r0,beam_http,medium,4,1.975463395313649,INSUFFICIENT,"{""contract_version"":1,""estimator"":""m0-decayed-beta-v1"",""methodology_hash"":""sha256:0da0241b9ce652df77f7b9ee40a713f7bfa93e3c62207c28e290da3d1c9a3f86"",""context"":{""source"":""sim"",""regime_id"":""sim-r0"",""region"":""synthetic-local"",""as_of_utc"":""2026-10-05T00:01:34.750Z""},""config"":{""route"":""beam_http"",""tip_lamports"":""200000"",""cu_price_micro_lamports"":""0"",""cu_limit"":100000,""fee_bucket"":""zero"",""tip_tier"":""x2"",""size_class"":""medium""},""horizon_slots"":4,""half_life_s"":3600.0,""alpha"":2.975463395313649,""beta"":1.0,""p_hat"":0.7484569971946368,""p_interval_95"":[0.28945183453233503,0.9915272357205516],""n_effective"":1.975463395313649,""assignments"":2,""resolved"":2,""unresolved"":0,""unresolved_share"":0.0,""data_age_s"":52.5,""observation_window"":[""2026-10-05T00:00:19+00:00"",""2026-10-05T00:00:42.250+00:00""],""evidence"":""INSUFFICIENT"",""samples_needed"":29,""insufficient_reasons"":[""discounted_sample_mass_below_30""]}"
sim,sha256:85e41173b8b8c6709dbcb0a0cd6fbbb7f03cbc3ed8ba36a29158b0d8b0f899a1,2026-10-05T00:01:34.750Z,synthetic-local,sim-r0,beam_quic,large,4,2.9660005937401115,INSUFFICIENT,"{""contract_version"":1,""estimator"":""m0-decayed-beta-v1"",""methodology_hash"":""sha256:0da0241b9ce652df77f7b9ee40a713f7bfa93e3c62207c28e290da3d1c9a3f86"",""context"":{""source"":""sim"",""regime_id"":""sim-r0"",""region"":""synthetic-local"",""as_of_utc"":""2026-10-05T00:01:34.750Z""},""config"":{""route"":""beam_quic"",""tip_lamports"":""1000000"",""cu_price_micro_lamports"":""5000"",""cu_limit"":300000,""fee_bucket"":""local_p90"",""tip_tier"":""x10"",""size_class"":""large""},""horizon_slots"":4,""half_life_s"":3600.0,""alpha"":2.975915108367919,""beta"":1.9900854853721925,""p_hat"":0.5992579042618736,""p_interval_95"":[0.19242580546100707,0.9327029346086104],""n_effective"":2.9660005937401115,""assignments"":3,""resolved"":3,""unresolved"":0,""unresolved_share"":0.0,""data_age_s"":35.0,""observation_window"":[""2026-10-05T00:00:03.750+00:00"",""2026-10-05T00:00:59.750+00:00""],""evidence"":""INSUFFICIENT"",""samples_needed"":28,""insufficient_reasons"":[""discounted_sample_mass_below_30""]}"
sim,sha256:86aa29c9a11c384b54b655b8d0fa4d7da32d0aae99aff59f1d97bcfadbf02feb,2026-10-05T00:01:34.750Z,synthetic-local,sim-r0,beam_quic,large,1,6.912318239520038,INSUFFICIENT,"{""contract_version"":1,""estimator"":""m0-decayed-beta-v1"",""methodology_hash"":""sha256:0da0241b9ce652df77f7b9ee40a713f7bfa93e3c62207c28e290da3d1c9a3f86"",""context"":{""source"":""sim"",""regime_id"":""sim-r0"",""region"":""synthetic-local"",""as_of_utc"":""2026-10-05T00:01:34.750Z""},""config"":{""route"":""beam_quic"",""tip_lamports"":""200000"",""cu_price_micro_lamports"":""5000"",""cu_limit"":300000,""fee_bucket"":""local_p90"",""tip_tier"":""x2"",""size_class"":""large""},""horizon_slots"":1,""half_life_s"":3600.0,""alpha"":4.94794887802722,""beta"":3.9643693614928184,""p_hat"":0.5551809018765117,""p_interval_95"":[0.24321016769727416,0.8438244465618447],""n_effective"":6.912318239520038,""assignments"":7,""resolved"":7,""unresolved"":0,""unresolved_share"":0.0,""data_age_s"":46.0,""observation_window"":[""2026-10-05T00:00:00.750+00:00"",""2026-10-05T00:00:48.750+00:00""],""evidence"":""INSUFFICIENT"",""samples_needed"":24,""insufficient_reasons"":[""discounted_sample_mass_below_30""]}"
sim,sha256:86bc44907a291662f51a662796f92bfa42042876db6c1f16c29ce8a380c62563,2026-10-05T00:01:34.750Z,synthetic-local,sim-r0,beam_quic,small,4,0.9891327843600939,INSUFFICIENT,"{""contract_version"":1,""estimator"":""m0-decayed-beta-v1"",""methodology_hash"":""sha256:0da0241b9ce652df77f7b9ee40a713f7bfa93e3c62207c28e290da3d1c9a3f86"",""context"":{""source"":""sim"",""regime_id"":""sim-r0"",""region"":""synthetic-local"",""as_of_utc"":""2026-10-05T00:01:34.750Z""},""config"":{""route"":""beam_quic"",""tip_lamports"":""200000"",""cu_price_micro_lamports"":""0"",""cu_limit"":25000,""fee_bucket"":""zero"",""tip_tier"":""x2"",""size_class"":""small""},""horizon_slots"":4,""half_life_s"":3600.0,""alpha"":1.9891327843600939,""beta"":1.0,""p_hat"":0.6654548084206043,""p_interval_95"":[0.15652861502602872,0.9873525959266682],""n_effective"":0.9891327843600939,""assignments"":1,""resolved"":1,""unresolved"":0,""unresolved_share"":0.0,""data_age_s"":56.75,""observation_window"":[""2026-10-05T00:00:38+00:00"",""2026-10-05T00:00:38+00:00""],""evidence"":""INSUFFICIENT"",""samples_needed"":30,""insufficient_reasons"":[""discounted_sample_mass_below_30""]}"
sim,sha256:89b7d8533a61f918b9fb115d7c503865eedf7ab652e5f1b203c89096144b2170,2026-10-05T00:01:34.750Z,synthetic-local,sim-r0,rpc,small,1,2.957471438585392,INSUFFICIENT,"{""contract_version"":1,""estimator"":""m0-decayed-beta-v1"",""methodology_hash"":""sha256:0da0241b9ce652df77f7b9ee40a713f7bfa93e3c62207c28e290da3d1c9a3f86"",""context"":{""source"":""sim"",""regime_id"":""sim-r0"",""region"":""synthetic-local"",""as_of_utc"":""2026-10-05T00:01:34.750Z""},""config"":{""route"":""rpc"",""tip_lamports"":""0"",""cu_price_micro_lamports"":""0"",""cu_limit"":25000,""fee_bucket"":""zero"",""tip_tier"":""none"",""size_class"":""small""},""horizon_slots"":1,""half_life_s"":3600.0,""alpha"":1.9864700957047203,""beta"":2.971001342880672,""p_hat"":0.40070227742382253,""p_interval_95"":[0.06711741105964092,0.807820219475569],""n_effective"":2.957471438585392,""assignments"":3,""resolved"":3,""unresolved"":0,""unresolved_share"":0.0,""data_age_s"":62.0,""observation_window"":[""2026-10-05T00:00:05+00:00"",""2026-10-05T00:00:32.750+00:00""],""evidence"":""INSUFFICIENT"",""samples_needed"":28,""insufficient_reasons"":[""discounted_sample_mass_below_30""]}"
sim,sha256:8a1fa300bd796ad369b07805fc27abacc7c97c8f70ff5904297bff60305a64a9,2026-10-05T00:01:34.750Z,synthetic-local,sim-r0,beam_http,small,4,5.917854899281779,INSUFFICIENT,"{""contract_version"":1,""estimator"":""m0-decayed-beta-v1"",""methodology_hash"":""sha256:0da0241b9ce652df77f7b9ee40a713f7bfa93e3c62207c28e290da3d1c9a3f86"",""context"":{""source"":""sim"",""regime_id"":""sim-r0"",""region"":""synthetic-local"",""as_of_utc"":""2026-10-05T00:01:34.750Z""},""config"":{""route"":""beam_http"",""tip_lamports"":""200000"",""cu_price_micro_lamports"":""1000"",""cu_limit"":25000,""fee_bucket"":""local_median"",""tip_tier"":""x2"",""size_class"":""small""},""horizon_slots"":4,""half_life_s"":3600.0,""alpha"":6.917854899281779,""beta"":1.0,""p_hat"":0.873703166738922,""p_interval_95"":[0.5867007630419772,0.996346911571671],""n_effective"":5.917854899281779,""assignments"":6,""resolved"":6,""unresolved"":0,""unresolved_share"":0.0,""data_age_s"":35.75,""observation_window"":[""2026-10-05T00:00:09.750+00:00"",""2026-10-05T00:00:59+00:00""],""evidence"":""INSUFFICIENT"",""samples_needed"":25,""insufficient_reasons"":[""discounted_sample_mass_below_30""]}"
sim,sha256:8a7300de60652886222bf994f6a7a6c49a8455cf8a76490b7a77389b52660402,2026-10-05T00:01:34.750Z,synthetic-local,sim-r0,beam_http,large,2,2.9631212239545963,INSUFFICIENT,"{""contract_version"":1,""estimator"":""m0-decayed-beta-v1"",""methodology_hash"":""sha256:0da0241b9ce652df77f7b9ee40a713f7bfa93e3c62207c28e290da3d1c9a3f86"",""context"":{""source"":""sim"",""regime_id"":""sim-r0"",""region"":""synthetic-local"",""as_of_utc"":""2026-10-05T00:01:34.750Z""},""config"":{""route"":""beam_http"",""tip_lamports"":""200000"",""cu_price_micro_lamports"":""0"",""cu_limit"":300000,""fee_bucket"":""zero"",""tip_tier"":""x2"",""size_class"":""large""},""horizon_slots"":2,""half_life_s"":3600.0,""alpha"":3.9631212239545968,""beta"":1.0,""p_hat"":0.7985138877580743,""p_interval_95"":[0.39423757499598555,0.9936320114945432],""n_effective"":2.9631212239545963,""assignments"":3,""resolved"":3,""unresolved"":0,""unresolved_share"":0.0,""data_age_s"":51.0,""observation_window"":[""2026-10-05T00:00:22.750+00:00"",""2026-10-05T00:00:43.750+00:00""],""evidence"":""INSUFFICIENT"",""samples_needed"":28,""insufficient_reasons"":[""discounted_sample_mass_below_30""]}"
sim,sha256:8cc1d4934af929fc9e8f3b81d609d007dbc439657647efaf2e474e258e10266e,2026-10-05T00:01:34.750Z,synthetic-local,sim-r0,beam_http,large,4,2.9692137227850743,INSUFFICIENT,"{""contract_version"":1,""estimator"":""m0-decayed-beta-v1"",""methodology_hash"":""sha256:0da0241b9ce652df77f7b9ee40a713f7bfa93e3c62207c28e290da3d1c9a3f86"",""context"":{""source"":""sim"",""regime_id"":""sim-r0"",""region"":""synthetic-local"",""as_of_utc"":""2026-10-05T00:01:34.750Z""},""config"":{""route"":""beam_http"",""tip_lamports"":""200000"",""cu_price_micro_lamports"":""5000"",""cu_limit"":300000,""fee_bucket"":""local_p90"",""tip_tier"":""x2"",""size_class"":""large""},""horizon_slots"":4,""half_life_s"":3600.0,""alpha"":3.969213722785074,""beta"":1.0,""p_hat"":0.7987609195767224,""p_interval_95"":[0.394801233900262,0.9936417548247032],""n_effective"":2.9692137227850743,""assignments"":3,""resolved"":3,""unresolved"":0,""unresolved_share"":0.0,""data_age_s"":39.5,""observation_window"":[""2026-10-05T00:00:32.500+00:00"",""2026-10-05T00:00:55.250+00:00""],""evidence"":""INSUFFICIENT"",""samples_needed"":28,""insufficient_reasons"":[""discounted_sample_mass_below_30""]}"
sim,sha256:8dbc65dfba927ad9d28aebb2992d762a087950c9ade5794102b5d539e94fd757,2026-10-05T00:01:34.750Z,synthetic-local,sim-r0,beam_quic,medium,2,4.939662385272021,INSUFFICIENT,"{""contract_version"":1,""estimator"":""m0-decayed-beta-v1"",""methodology_hash"":""sha256:0da0241b9ce652df77f7b9ee40a713f7bfa93e3c62207c28e290da3d1c9a3f86"",""context"":{""source"":""sim"",""regime_id"":""sim-r0"",""region"":""synthetic-local"",""as_of_utc"":""2026-10-05T00:01:34.750Z""},""config"":{""route"":""beam_quic"",""tip_lamports"":""1000000"",""cu_price_micro_lamports"":""0"",""cu_limit"":100000,""fee_bucket"":""zero"",""tip_tier"":""x10"",""size_class"":""medium""},""horizon_slots"":2,""half_life_s"":3600.0,""alpha"":5.939662385272021,""beta"":1.0,""p_hat"":0.8559007708901962,""p_interval_95"":[0.5373751760527969,0.9957465720510614],""n_effective"":4.939662385272021,""assignments"":5,""resolved"":5,""unresolved"":0,""unresolved_share"":0.0,""data_age_s"":34.25,""observation_window"":[""2026-10-05T00:00:01.250+00:00"",""2026-10-05T00:01:00.500+00:00""],""evidence"":""INSUFFICIENT"",""samples_needed"":26,""insufficient_reasons"":[""discounted_sample_mass_below_30""]}"
sim,sha256:8dddfc73364f8fc60af29c0a27b73af05249ef9820899011916d9766e008c5c0,2026-10-05T00:01:34.750Z,synthetic-local,sim-r0,beam_http,medium,4,5.935121371875395,INSUFFICIENT,"{""contract_version"":1,""estimator"":""m0-decayed-beta-v1"",""methodology_hash"":""sha256:0da0241b9ce652df77f7b9ee40a713f7bfa93e3c62207c28e290da3d1c9a3f86"",""context"":{""source"":""sim"",""regime_id"":""sim-r0"",""region"":""synthetic-local"",""as_of_utc"":""2026-10-05T00:01:34.750Z""},""config"":{""route"":""beam_http"",""tip_lamports"":""100000"",""cu_price_micro_lamports"":""0"",""cu_limit"":100000,""fee_bucket"":""zero"",""tip_tier"":""x1"",""size_class"":""medium""},""horizon_slots"":4,""half_life_s"":3600.0,""alpha"":6.935121371875395,""beta"":1.0,""p_hat"":0.8739779830533759,""p_interval_95"":[0.587480193810207,0.9963559901274934],""n_effective"":5.935121371875395,""assignments"":6,""resolved"":6,""unresolved"":0,""unresolved_share"":0.0,""data_age_s"":37.5,""observation_window"":[""2026-10-05T00:00:06+00:00"",""2026-10-05T00:00:57.250+00:00""],""evidence"":""INSUFFICIENT"",""samples_needed"":25,""insufficient_reasons"":[""discounted_sample_mass_below_30""]}"
sim,sha256:8e66ca9856f236b86d17afbef6f22e2cb50ad1dffa8ccc16b9407ee10dd022c0,2026-10-05T00:01:34.750Z,synthetic-local,sim-r0,beam_quic,large,4,1.9737477901856146,INSUFFICIENT,"{""contract_version"":1,""estimator"":""m0-decayed-beta-v1"",""methodology_hash"":""sha256:0da0241b9ce652df77f7b9ee40a713f7bfa93e3c62207c28e290da3d1c9a3f86"",""context"":{""source"":""sim"",""regime_id"":""sim-r0"",""region"":""synthetic-local"",""as_of_utc"":""2026-10-05T00:01:34.750Z""},""config"":{""route"":""beam_quic"",""tip_lamports"":""200000"",""cu_price_micro_lamports"":""1000"",""cu_limit"":300000,""fee_bucket"":""local_median"",""tip_tier"":""x2"",""size_class"":""large""},""horizon_slots"":4,""half_life_s"":3600.0,""alpha"":2.9737477901856146,""beta"":1.0,""p_hat"":0.748348397331656,""p_interval_95"":[0.28924488042128726,0.9915223684187555],""n_effective"":1.9737477901856146,""assignments"":2,""resolved"":2,""unresolved"":0,""unresolved_share"":0.0,""data_age_s"":66.25,""observation_window"":[""2026-10-05T00:00:23.750+00:00"",""2026-10-05T00:00:28.500+00:00""],""evidence"":""INSUFFICIENT"",""samples_needed"":29,""insufficient_reasons"":[""discounted_sample_mass_below_30""]}"
sim,sha256:8e9ca7db919d6499b065d937d2a6476417186e3ca3c349e86e04af7a3ba426fc,2026-10-05T00:01:34.750Z,synthetic-local,sim-r0,beam_http,small,2,3.94043123332092,INSUFFICIENT,"{""contract_version"":1,""estimator"":""m0-decayed-beta-v1"",""methodology_hash"":""sha256:0da0241b9ce652df77f7b9ee40a713f7bfa93e3c62207c28e290da3d1c9a3f86"",""context"":{""source"":""sim"",""regime_id"":""sim-r0"",""region"":""synthetic-local"",""as_of_utc"":""2026-10-05T00:01:34.750Z""},""config"":{""route"":""beam_http"",""tip_lamports"":""100000"",""cu_price_micro_lamports"":""0"",""cu_limit"":25000,""fee_bucket"":""zero"",""tip_tier"":""x1"",""size_class"":""small""},""horizon_slots"":2,""half_life_s"":3600.0,""alpha"":4.94043123332092,""beta"":1.0,""p_hat"":0.8316620526821648,""p_interval_95"":[0.4739414199583112,0.9948884934421098],""n_effective"":3.94043123332092,""assignments"":4,""resolved"":4,""unresolved"":0,""unresolved_share"":0.0,""data_age_s"":65.75,""observation_window"":[""2026-10-05T00:00:00.500+00:00"",""2026-10-05T00:00:29+00:00""],""evidence"":""INSUFFICIENT"",""samples_needed"":27,""insufficient_reasons"":[""discounted_sample_mass_below_30""]}"
sim,sha256:913c54338e678a6cdd2f498eb10770f5112ab5d6f62824c13b5b9be977bb2ac4,2026-10-05T00:01:34.750Z,synthetic-local,sim-r0,beam_quic,small,4,4.930396048644381,INSUFFICIENT,"{""contract_version"":1,""estimator"":""m0-decayed-beta-v1"",""methodology_hash"":""sha256:0da0241b9ce652df77f7b9ee40a713f7bfa93e3c62207c28e290da3d1c9a3f86"",""context"":{""source"":""sim"",""regime_id"":""sim-r0"",""region"":""synthetic-local"",""as_of_utc"":""2026-10-05T00:01:34.750Z""},""config"":{""route"":""beam_quic"",""tip_lamports"":""100000"",""cu_price_micro_lamports"":""1000"",""cu_limit"":25000,""fee_bucket"":""local_median"",""tip_tier"":""x1"",""size_class"":""small""},""horizon_slots"":4,""half_life_s"":3600.0,""alpha"":5.930396048644381,""beta"":1.0,""p_hat"":0.8557081019640134,""p_interval_95"":[0.5368539525702836,0.9957399401797413],""n_effective"":4.930396048644381,""assignments"":5,""resolved"":5,""unresolved"":0,""unresolved_share"":0.0,""data_age_s"":44.25,""observation_window"":[""2026-10-05T00:00:00+00:00"",""2026-10-05T00:00:50.500+00:00""],""evidence"":""INSUFFICIENT"",""samples_needed"":26,""insufficient_reasons"":[""discounted_sample_mass_below_30""]}"
sim,sha256:914bbbde6c1d86b2fa386596e226772f788a1203213d63d367005dcffe51fb56,2026-10-05T00:01:34.750Z,synthetic-local,sim-r0,beam_http,medium,2,1.9810766938430593,INSUFFICIENT,"{""contract_version"":1,""estimator"":""m0-decayed-beta-v1"",""methodology_hash"":""sha256:0da0241b9ce652df77f7b9ee40a713f7bfa93e3c62207c28e290da3d1c9a3f86"",""context"":{""source"":""sim"",""regime_id"":""sim-r0"",""region"":""synthetic-local"",""as_of_utc"":""2026-10-05T00:01:34.750Z""},""config"":{""route"":""beam_http"",""tip_lamports"":""1000000"",""cu_price_micro_lamports"":""5000"",""cu_limit"":100000,""fee_bucket"":""local_p90"",""tip_tier"":""x10"",""size_class"":""medium""},""horizon_slots"":2,""half_life_s"":3600.0,""alpha"":2.9810766938430593,""beta"":1.0,""p_hat"":0.74881167158961,""p_interval_95"":[0.2901283351023668,0.9915431220881519],""n_effective"":1.9810766938430593,""assignments"":2,""resolved"":2,""unresolved"":0,""unresolved_share"":0.0,""data_age_s"":48.75,""observation_window"":[""2026-10-05T00:00:44.750+00:00"",""2026-10-05T00:00:46+00:00""],""evidence"":""INSUFFICIENT"",""samples_needed"":29,""insufficient_reasons"":[""discounted_sample_mass_below_30""]}"
sim,sha256:92046ca7cacbddcac0ed3c854988ec19e7db5e59b1a2effb217ba7cd4ce68187,2026-10-05T00:01:34.750Z,synthetic-local,sim-r0,beam_http,large,2,3.960741487813044,INSUFFICIENT,"{""contract_version"":1,""estimator"":""m0-decayed-beta-v1"",""methodology_hash"":""sha256:0da0241b9ce652df77f7b9ee40a713f7bfa93e3c62207c28e290da3d1c9a3f86"",""context"":{""source"":""sim"",""regime_id"":""sim-r0"",""region"":""synthetic-local"",""as_of_utc"":""2026-10-05T00:01:34.750Z""},""config"":{""route"":""beam_http"",""tip_lamports"":""1000000"",""cu_price_micro_lamports"":""1000"",""cu_limit"":300000,""fee_bucket"":""local_median"",""tip_tier"":""x10"",""size_class"":""large""},""horizon_slots"":2,""half_life_s"":3600.0,""alpha"":3.9676489923760077,""beta"":1.993092495437036,""p_hat"":0.6656301066717979,""p_interval_95"":[0.2814557370545714,0.9472999832009277],""n_effective"":3.960741487813044,""assignments"":4,""resolved"":4,""unresolved"":0,""unresolved_share"":0.0,""data_age_s"":36.0,""observation_window"":[""2026-10-05T00:00:19.500+00:00"",""2026-10-05T00:00:58.750+00:00""],""evidence"":""INSUFFICIENT"",""samples_needed"":27,""insufficient_reasons"":[""discounted_sample_mass_below_30""]}"
sim,sha256:92f1b77b02e5d5d9b35f0ed2681200f6cfd39593e99645bf9ad4b0567e712e17,2026-10-05T00:01:34.750Z,synthetic-local,sim-r0,beam_http,large,1,2.9692137227850743,INSUFFICIENT,"{""contract_version"":1,""estimator"":""m0-decayed-beta-v1"",""methodology_hash"":""sha256:0da0241b9ce652df77f7b9ee40a713f7bfa93e3c62207c28e290da3d1c9a3f86"",""context"":{""source"":""sim"",""regime_id"":""sim-r0"",""region"":""synthetic-local"",""as_of_utc"":""2026-10-05T00:01:34.750Z""},""config"":{""route"":""beam_http"",""tip_lamports"":""200000"",""cu_price_micro_lamports"":""5000"",""cu_limit"":300000,""fee_bucket"":""local_p90"",""tip_tier"":""x2"",""size_class"":""large""},""horizon_slots"":1,""half_life_s"":3600.0,""alpha"":3.969213722785074,""beta"":1.0,""p_hat"":0.7987609195767224,""p_interval_95"":[0.394801233900262,0.9936417548247032],""n_effective"":2.9692137227850743,""assignments"":3,""resolved"":3,""unresolved"":0,""unresolved_share"":0.0,""data_age_s"":39.5,""observation_window"":[""2026-10-05T00:00:32.500+00:00"",""2026-10-05T00:00:55.250+00:00""],""evidence"":""INSUFFICIENT"",""samples_needed"":28,""insufficient_reasons"":[""discounted_sample_mass_below_30""]}"
sim,sha256:9352c2a2e0d90bf1fbdcb52b7622b92dd2f59dfe3b8b73712471fafd0e7bb8f8,2026-10-05T00:01:34.750Z,synthetic-local,sim-r0,beam_http,small,4,5.917854899281778,INSUFFICIENT,"{""contract_version"":1,""estimator"":""m0-decayed-beta-v1"",""methodology_hash"":""sha256:0da0241b9ce652df77f7b9ee40a713f7bfa93e3c62207c28e290da3d1c9a3f86"",""context"":{""source"":""sim"",""regime_id"":""sim-r0"",""region"":""synthetic-local"",""as_of_utc"":""2026-10-05T00:01:34.750Z""},""config"":{""route"":""beam_http"",""tip_lamports"":""200000"",""cu_price_micro_lamports"":""1000"",""cu_limit"":25000,""fee_bucket"":""local_median"",""tip_tier"":""x2"",""size_class"":""small""},""horizon_slots"":4,""half_life_s"":3600.0,""alpha"":6.917854899281778,""beta"":1.0,""p_hat"":0.873703166738922,""p_interval_95"":[0.5867007630419772,0.996346911571671],""n_effective"":5.917854899281778,""assignments"":6,""resolved"":6,""unresolved"":0,""unresolved_share"":0.0,""data_age_s"":35.75,""observation_window"":[""2026-10-05T00:00:09.750+00:00"",""2026-10-05T00:00:59+00:00""],""evidence"":""INSUFFICIENT"",""samples_needed"":25,""insufficient_reasons"":[""discounted_sample_mass_below_30""]}"
sim,sha256:94a5452f730ddf260ec3419829d77dfb8f62a4a7c43a6a9749c79de2d3dbd76f,2026-10-05T00:01:34.750Z,synthetic-local,sim-r0,beam_http,large,4,1.9793155164364644,INSUFFICIENT,"{""contract_version"":1,""estimator"":""m0-decayed-beta-v1"",""methodology_hash"":""sha256:0da0241b9ce652df77f7b9ee40a713f7bfa93e3c62207c28e290da3d1c9a3f86"",""context"":{""source"":""sim"",""regime_id"":""sim-r0"",""region"":""synthetic-local"",""as_of_utc"":""2026-10-05T00:01:34.750Z""},""config"":{""route"":""beam_http"",""tip_lamports"":""100000"",""cu_price_micro_lamports"":""0"",""cu_limit"":300000,""fee_bucket"":""zero"",""tip_tier"":""x1"",""size_class"":""large""},""horizon_slots"":4,""half_life_s"":3600.0,""alpha"":2.9793155164364644,""beta"":1.0,""p_hat"":0.748700499905191,""p_interval_95"":[0.28991618695872357,0.9915381441433602],""n_effective"":1.9793155164364644,""assignments"":2,""resolved"":2,""unresolved"":0,""unresolved_share"":0.0,""data_age_s"":46.25,""observation_window"":[""2026-10-05T00:00:33+00:00"",""2026-10-05T00:00:48.500+00:00""],""evidence"":""INSUFFICIENT"",""samples_needed"":29,""insufficient_reasons"":[""discounted_sample_mass_below_30""]}"
sim,sha256:9bd6fd3211d19ec3506d0401f4885ad471e03ae0b1acdd02e8e839d862cc3e5a,2026-10-05T00:01:34.750Z,synthetic-local,sim-r0,beam_http,small,4,3.94043123332092,INSUFFICIENT,"{""contract_version"":1,""estimator"":""m0-decayed-beta-v1"",""methodology_hash"":""sha256:0da0241b9ce652df77f7b9ee40a713f7bfa93e3c62207c28e290da3d1c9a3f86"",""context"":{""source"":""sim"",""regime_id"":""sim-r0"",""region"":""synthetic-local"",""as_of_utc"":""2026-10-05T00:01:34.750Z""},""config"":{""route"":""beam_http"",""tip_lamports"":""100000"",""cu_price_micro_lamports"":""0"",""cu_limit"":25000,""fee_bucket"":""zero"",""tip_tier"":""x1"",""size_class"":""small""},""horizon_slots"":4,""half_life_s"":3600.0,""alpha"":4.94043123332092,""beta"":1.0,""p_hat"":0.8316620526821648,""p_interval_95"":[0.4739414199583112,0.9948884934421098],""n_effective"":3.94043123332092,""assignments"":4,""resolved"":4,""unresolved"":0,""unresolved_share"":0.0,""data_age_s"":65.75,""observation_window"":[""2026-10-05T00:00:00.500+00:00"",""2026-10-05T00:00:29+00:00""],""evidence"":""INSUFFICIENT"",""samples_needed"":27,""insufficient_reasons"":[""discounted_sample_mass_below_30""]}"
sim,sha256:9cfcfb14c53f4cf4d51886a7262347be152c62ac85dc6c8d99c3aa12a3942a1e,2026-10-05T00:01:34.750Z,synthetic-local,sim-r0,beam_http,small,2,3.951290381328443,INSUFFICIENT,"{""contract_version"":1,""estimator"":""m0-decayed-beta-v1"",""methodology_hash"":""sha256:0da0241b9ce652df77f7b9ee40a713f7bfa93e3c62207c28e290da3d1c9a3f86"",""context"":{""source"":""sim"",""regime_id"":""sim-r0"",""region"":""synthetic-local"",""as_of_utc"":""2026-10-05T00:01:34.750Z""},""config"":{""route"":""beam_http"",""tip_lamports"":""100000"",""cu_price_micro_lamports"":""5000"",""cu_limit"":25000,""fee_bucket"":""local_p90"",""tip_tier"":""x1"",""size_class"":""small""},""horizon_slots"":2,""half_life_s"":3600.0,""alpha"":4.951290381328443,""beta"":1.0,""p_hat"":0.8319692140821432,""p_interval_95"":[0.47471818071020055,0.9948996753380601],""n_effective"":3.951290381328443,""assignments"":4,""resolved"":4,""unresolved"":0,""unresolved_share"":0.0,""data_age_s"":38.0,""observation_window"":[""2026-10-05T00:00:02.500+00:00"",""2026-10-05T00:00:56.750+00:00""],""evidence"":""INSUFFICIENT"",""samples_needed"":27,""insufficient_reasons"":[""discounted_sample_mass_below_30""]}"
sim,sha256:9d8fbc9c9fb43b46697990267888a8b9eb22273cc1915c8a53f01ffe5716b133,2026-10-05T00:01:34.750Z,synthetic-local,sim-r0,beam_quic,small,4,0.9852837107856267,INSUFFICIENT,"{""contract_version"":1,""estimator"":""m0-decayed-beta-v1"",""methodology_hash"":""sha256:0da0241b9ce652df77f7b9ee40a713f7bfa93e3c62207c28e290da3d1c9a3f86"",""context"":{""source"":""sim"",""regime_id"":""sim-r0"",""region"":""synthetic-local"",""as_of_utc"":""2026-10-05T00:01:34.750Z""},""config"":{""route"":""beam_quic"",""tip_lamports"":""1000000"",""cu_price_micro_lamports"":""5000"",""cu_limit"":25000,""fee_bucket"":""local_p90"",""tip_tier"":""x10"",""size_class"":""small""},""horizon_slots"":4,""half_life_s"":3600.0,""alpha"":1.9852837107856265,""beta"":1.0,""p_hat"":0.6650234627995094,""p_interval_95"":[0.15596682045743676,0.9873282311253904],""n_effective"":0.9852837107856267,""assignments"":1,""resolved"":1,""unresolved"":0,""unresolved_share"":0.0,""data_age_s"":77.0,""observation_window"":[""2026-10-05T00:00:17.750+00:00"",""2026-10-05T00:00:17.750+00:00""],""evidence"":""INSUFFICIENT"",""samples_needed"":30,""insufficient_reasons"":[""discounted_sample_mass_below_30""]}"
sim,sha256:a10efbeafd2435ea57a3ca00fb76cb0816f725622a10de52bfc429194cfe2972,2026-10-05T00:01:34.750Z,synthetic-local,sim-r0,beam_http,medium,1,2.9581394664699374,INSUFFICIENT,"{""contract_version"":1,""estimator"":""m0-decayed-beta-v1"",""methodology_hash"":""sha256:0da0241b9ce652df77f7b9ee40a713f7bfa93e3c62207c28e290da3d1c9a3f86"",""context"":{""source"":""sim"",""regime_id"":""sim-r0"",""region"":""synthetic-local"",""as_of_utc"":""2026-10-05T00:01:34.750Z""},""config"":{""route"":""beam_http"",""tip_lamports"":""100000"",""cu_price_micro_lamports"":""1000"",""cu_limit"":100000,""fee_bucket"":""local_median"",""tip_tier"":""x1"",""size_class"":""medium""},""horizon_slots"":1,""half_life_s"":3600.0,""alpha"":1.98784809199049,""beta"":2.9702913744794475,""p_hat"":0.4009262154551261,""p_interval_95"":[0.06723536831079044,0.8079765941925865],""n_effective"":2.9581394664699374,""assignments"":3,""resolved"":3,""unresolved"":0,""unresolved_share"":0.0,""data_age_s"":62.5,""observation_window"":[""2026-10-05T00:00:01.750+00:00"",""2026-10-05T00:00:32.250+00:00""],""evidence"":""INSUFFICIENT"",""samples_needed"":28,""insufficient_reasons"":[""discounted_sample_mass_below_30""]}"
sim,sha256:a2662a91e5a2e657cbecac444e6f381d7bda157617704fc3d5cc5be39acc71bf,2026-10-05T00:01:34.750Z,synthetic-local,sim-r0,beam_http,medium,4,1.975331583139699,INSUFFICIENT,"{""contract_version"":1,""estimator"":""m0-decayed-beta-v1"",""methodology_hash"":""sha256:0da0241b9ce652df77f7b9ee40a713f7bfa93e3c62207c28e290da3d1c9a3f86"",""context"":{""source"":""sim"",""regime_id"":""sim-r0"",""region"":""synthetic-local"",""as_of_utc"":""2026-10-05T00:01:34.750Z""},""config"":{""route"":""beam_http"",""tip_lamports"":""200000"",""cu_price_micro_lamports"":""1000"",""cu_limit"":100000,""fee_bucket"":""local_median"",""tip_tier"":""x2"",""size_class"":""medium""},""horizon_slots"":4,""half_life_s"":3600.0,""alpha"":2.975331583139699,""beta"":1.0,""p_hat"":0.7484486566501191,""p_interval_95"":[0.2894359371952847,0.9915268619576381],""n_effective"":1.975331583139699,""assignments"":2,""resolved"":2,""unresolved"":0,""unresolved_share"":0.0,""data_age_s"":43.75,""observation_window"":[""2026-10-05T00:00:09.500+00:00"",""2026-10-05T00:00:51+00:00""],""evidence"":""INSUFFICIENT"",""samples_needed"":29,""insufficient_reasons"":[""discounted_sample_mass_below_30""]}"
sim,sha256:a2eab0a8706a0ac3d367df7bec2a26561ed229459928da346b006f1a72b5c036,2026-10-05T00:01:34.750Z,synthetic-local,sim-r0,rpc,large,2,3.9450335673050336,INSUFFICIENT,"{""contract_version"":1,""estimator"":""m0-decayed-beta-v1"",""methodology_hash"":""sha256:0da0241b9ce652df77f7b9ee40a713f7bfa93e3c62207c28e290da3d1c9a3f86"",""context"":{""source"":""sim"",""regime_id"":""sim-r0"",""region"":""synthetic-local"",""as_of_utc"":""2026-10-05T00:01:34.750Z""},""config"":{""route"":""rpc"",""tip_lamports"":""0"",""cu_price_micro_lamports"":""5000"",""cu_limit"":300000,""fee_bucket"":""local_p90"",""tip_tier"":""none"",""size_class"":""large""},""horizon_slots"":2,""half_life_s"":3600.0,""alpha"":2.9723244823205013,""beta"":2.972709084984532,""p_hat"":0.4999676534489102,""p_interval_95"":[0.14540206006926593,0.8545535132575866],""n_effective"":3.9450335673050336,""assignments"":4,""resolved"":4,""unresolved"":0,""unresolved_share"":0.0,""data_age_s"":58.25,""observation_window"":[""2026-10-05T00:00:10.250+00:00"",""2026-10-05T00:00:36.500+00:00""],""evidence"":""INSUFFICIENT"",""samples_needed"":27,""insufficient_reasons"":[""discounted_sample_mass_below_30""]}"
sim,sha256:a3b174fab0abc7f90506125d9ab925122f86b0daf3f0bc7178318e94406c24e2,2026-10-05T00:01:34.750Z,synthetic-local,sim-r0,rpc,large,4,3.9510253062014176,INSUFFICIENT,"{""contract_version"":1,""estimator"":""m0-decayed-beta-v1"",""methodology_hash"":""sha256:0da0241b9ce652df77f7b9ee40a713f7bfa93e3c62207c28e290da3d1c9a3f86"",""context"":{""source"":""sim"",""regime_id"":""sim-r0"",""region"":""synthetic-local"",""as_of_utc"":""2026-10-05T00:01:34.750Z""},""config"":{""route"":""rpc"",""tip_lamports"":""0"",""cu_price_micro_lamports"":""1000"",""cu_limit"":300000,""fee_bucket"":""local_median"",""tip_tier"":""none"",""size_class"":""large""},""horizon_slots"":4,""half_life_s"":3600.0,""alpha"":3.9665001328640033,""beta"":1.9845251733374139,""p_hat"":0.6665238221606301,""p_interval_95"":[0.28203574168916656,0.9478085305210795],""n_effective"":3.9510253062014176,""assignments"":4,""resolved"":4,""unresolved"":0,""unresolved_share"":0.0,""data_age_s"":43.25,""observation_window"":[""2026-10-05T00:00:13.750+00:00"",""2026-10-05T00:00:51.500+00:00""],""evidence"":""INSUFFICIENT"",""samples_needed"":27,""insufficient_reasons"":[""discounted_sample_mass_below_30""]}"
sim,sha256:a3d79dbbfc108a74c0d14cd564e77ffd630e357ce36a643920a5915db2eb8829,2026-10-05T00:01:34.750Z,synthetic-local,sim-r0,beam_quic,medium,4,1.9811720557023955,INSUFFICIENT,"{""contract_version"":1,""estimator"":""m0-decayed-beta-v1"",""methodology_hash"":""sha256:0da0241b9ce652df77f7b9ee40a713f7bfa93e3c62207c28e290da3d1c9a3f86"",""context"":{""source"":""sim"",""regime_id"":""sim-r0"",""region"":""synthetic-local"",""as_of_utc"":""2026-10-05T00:01:34.750Z""},""config"":{""route"":""beam_quic"",""tip_lamports"":""100000"",""cu_price_micro_lamports"":""1000"",""cu_limit"":100000,""fee_bucket"":""local_median"",""tip_tier"":""x1"",""size_class"":""medium""},""horizon_slots"":4,""half_life_s"":3600.0,""alpha"":2.9811720557023955,""beta"":1.0,""p_hat"":0.7488176883569603,""p_interval_95"":[0.29013981948685774,0.99154339146005],""n_effective"":1.9811720557023955,""assignments"":2,""resolved"":2,""unresolved"":0,""unresolved_share"":0.0,""data_age_s"":48.5,""observation_window"":[""2026-10-05T00:00:45+00:00"",""2026-10-05T00:00:46.250+00:00""],""evidence"":""INSUFFICIENT"",""samples_needed"":29,""insufficient_reasons"":[""discounted_sample_mass_below_30""]}"
sim,sha256:a42f11e6cec782937e47af49887cef53a92f03ecfa44f27c59e4e3da63f7c19e,2026-10-05T00:01:34.750Z,synthetic-local,sim-r0,beam_http,medium,2,2.9646382725136853,INSUFFICIENT,"{""contract_version"":1,""estimator"":""m0-decayed-beta-v1"",""methodology_hash"":""sha256:0da0241b9ce652df77f7b9ee40a713f7bfa93e3c62207c28e290da3d1c9a3f86"",""context"":{""source"":""sim"",""regime_id"":""sim-r0"",""region"":""synthetic-local"",""as_of_utc"":""2026-10-05T00:01:34.750Z""},""config"":{""route"":""beam_http"",""tip_lamports"":""100000"",""cu_price_micro_lamports"":""5000"",""cu_limit"":100000,""fee_bucket"":""local_p90"",""tip_tier"":""x1"",""size_class"":""medium""},""horizon_slots"":2,""half_life_s"":3600.0,""alpha"":3.9646382725136853,""beta"":1.0,""p_hat"":0.7985754560334398,""p_interval_95"":[0.39437801420591656,0.9936344404008557],""n_effective"":2.9646382725136853,""assignments"":3,""resolved"":3,""unresolved"":0,""unresolved_share"":0.0,""data_age_s"":60.0,""observation_window"":[""2026-10-05T00:00:31+00:00"",""2026-10-05T00:00:34.750+00:00""],""evidence"":""INSUFFICIENT"",""samples_needed"":28,""insufficient_reasons"":[""discounted_sample_mass_below_30""]}"
sim,sha256:a45b2f2c8a41fcdfc96d92695a6ef0d92d29c4ce68c682207424988838bef23d,2026-10-05T00:01:34.750Z,synthetic-local,sim-r0,beam_quic,medium,1,1.9811720557023955,INSUFFICIENT,"{""contract_version"":1,""estimator"":""m0-decayed-beta-v1"",""methodology_hash"":""sha256:0da0241b9ce652df77f7b9ee40a713f7bfa93e3c62207c28e290da3d1c9a3f86"",""context"":{""source"":""sim"",""regime_id"":""sim-r0"",""region"":""synthetic-local"",""as_of_utc"":""2026-10-05T00:01:34.750Z""},""config"":{""route"":""beam_quic"",""tip_lamports"":""100000"",""cu_price_micro_lamports"":""1000"",""cu_limit"":100000,""fee_bucket"":""local_median"",""tip_tier"":""x1"",""size_class"":""medium""},""horizon_slots"":1,""half_life_s"":3600.0,""alpha"":2.9811720557023955,""beta"":1.0,""p_hat"":0.7488176883569603,""p_interval_95"":[0.29013981948685774,0.99154339146005],""n_effective"":1.9811720557023955,""assignments"":2,""resolved"":2,""unresolved"":0,""unresolved_share"":0.0,""data_age_s"":48.5,""observation_window"":[""2026-10-05T00:00:45+00:00"",""2026-10-05T00:00:46.250+00:00""],""evidence"":""INSUFFICIENT"",""samples_needed"":29,""insufficient_reasons"":[""discounted_sample_mass_below_30""]}"
sim,sha256:a4c4139cb5d09e6768f867eda589b91a4ca2fad31ccee8a1e6ccabbd3cc1f9b3,2026-10-05T00:01:34.750Z,synthetic-local,sim-r0,beam_http,small,2,1.9827489887643868,INSUFFICIENT,"{""contract_version"":1,""estimator"":""m0-decayed-beta-v1"",""methodology_hash"":""sha256:0da0241b9ce652df77f7b9ee40a713f7bfa93e3c62207c28e290da3d1c9a3f86"",""context"":{""source"":""sim"",""regime_id"":""sim-r0"",""region"":""synthetic-local"",""as_of_utc"":""2026-10-05T00:01:34.750Z""},""config"":{""route"":""beam_http"",""tip_lamports"":""1000000"",""cu_price_micro_lamports"":""0"",""cu_limit"":25000,""fee_bucket"":""zero"",""tip_tier"":""x10"",""size_class"":""small""},""horizon_slots"":2,""half_life_s"":3600.0,""alpha"":2.9827489887643868,""beta"":1.0,""p_hat"":0.7489171416975888,""p_interval_95"":[0.2903296881852623,0.9915478433898846],""n_effective"":1.9827489887643868,""assignments"":2,""resolved"":2,""unresolved"":0,""unresolved_share"":0.0,""data_age_s"":36.25,""observation_window"":[""2026-10-05T00:00:41+00:00"",""2026-10-05T00:00:58.500+00:00""],""evidence"":""INSUFFICIENT"",""samples_needed"":29,""insufficient_reasons"":[""discounted_sample_mass_below_30""]}"
sim,sha256:a6720e4ee970b46e37daf8cb341c1707e5356748a7953049602e8839316f068c,2026-10-05T00:01:34.750Z,synthetic-local,sim-r0,rpc,medium,1,0.9910868090296878,INSUFFICIENT,"{""contract_version"":1,""estimator"":""m0-decayed-beta-v1"",""methodology_hash"":""sha256:0da0241b9ce652df77f7b9ee40a713f7bfa93e3c62207c28e290da3d1c9a3f86"",""context"":{""source"":""sim"",""regime_id"":""sim-r0"",""region"":""synthetic-local"",""as_of_utc"":""2026-10-05T00:01:34.750Z""},""config"":{""route"":""rpc"",""tip_lamports"":""0"",""cu_price_micro_lamports"":""1000"",""cu_limit"":100000,""fee_bucket"":""local_median"",""tip_tier"":""none"",""size_class"":""medium""},""horizon_slots"":1,""half_life_s"":3600.0,""alpha"":1.991086809029688,""beta"":1.0,""p_hat"":0.6656733609398648,""p_interval_95"":[0.1568137559450985,0.9873649291659752],""n_effective"":0.9910868090296878,""assignments"":1,""resolved"":1,""unresolved"":0,""unresolved_share"":0.0,""data_age_s"":46.5,""observation_window"":[""2026-10-05T00:00:48.250+00:00"",""2026-10-05T00:00:48.250+00:00""],""evidence"":""INSUFFICIENT"",""samples_needed"":30,""insufficient_reasons"":[""discounted_sample_mass_below_30""]}"
sim,sha256:a888ad1c42e2480e3e133e1b03438f6d1b980a264f01dfd41264aad7873ab158,2026-10-05T00:01:34.750Z,synthetic-local,sim-r0,beam_http,medium,1,1.9707680080514378,INSUFFICIENT,"{""contract_version"":1,""estimator"":""m0-decayed-beta-v1"",""methodology_hash"":""sha256:0da0241b9ce652df77f7b9ee40a713f7bfa93e3c62207c28e290da3d1c9a3f86"",""context"":{""source"":""sim"",""regime_id"":""sim-r0"",""region"":""synthetic-local"",""as_of_utc"":""2026-10-05T00:01:34.750Z""},""config"":{""route"":""beam_http"",""tip_lamports"":""1000000"",""cu_price_micro_lamports"":""0"",""cu_limit"":100000,""fee_bucket"":""zero"",""tip_tier"":""x10"",""size_class"":""medium""},""horizon_slots"":1,""half_life_s"":3600.0,""alpha"":1.9821112303691915,""beta"":1.9886567776822464,""p_hat"":0.49917578321123485,""p_interval_95"":[0.0929426039390111,0.9061590400632944],""n_effective"":1.9707680080514378,""assignments"":2,""resolved"":2,""unresolved"":0,""unresolved_share"":0.0,""data_age_s"":59.25,""observation_window"":[""2026-10-05T00:00:01+00:00"",""2026-10-05T00:00:35.500+00:00""],""evidence"":""INSUFFICIENT"",""samples_needed"":29,""insufficient_reasons"":[""discounted_sample_mass_below_30""]}"
sim,sha256:a8bad03571e06bd8c2afe5bfb8bdc68ffa7a294846497aaecce17d3789919ef0,2026-10-05T00:01:34.750Z,synthetic-local,sim-r0,rpc,small,4,2.957471438585392,INSUFFICIENT,"{""contract_version"":1,""estimator"":""m0-decayed-beta-v1"",""methodology_hash"":""sha256:0da0241b9ce652df77f7b9ee40a713f7bfa93e3c62207c28e290da3d1c9a3f86"",""context"":{""source"":""sim"",""regime_id"":""sim-r0"",""region"":""synthetic-local"",""as_of_utc"":""2026-10-05T00:01:34.750Z""},""config"":{""route"":""rpc"",""tip_lamports"":""0"",""cu_price_micro_lamports"":""0"",""cu_limit"":25000,""fee_bucket"":""zero"",""tip_tier"":""none"",""size_class"":""small""},""horizon_slots"":4,""half_life_s"":3600.0,""alpha"":3.9574714385853924,""beta"":1.0,""p_hat"":0.7982842639865317,""p_interval_95"":[0.3937140459752181,0.9936229494435931],""n_effective"":2.957471438585392,""assignments"":3,""resolved"":3,""unresolved"":0,""unresolved_share"":0.0,""data_age_s"":62.0,""observation_window"":[""2026-10-05T00:00:05+00:00"",""2026-10-05T00:00:32.750+00:00""],""evidence"":""INSUFFICIENT"",""samples_needed"":28,""insufficient_reasons"":[""discounted_sample_mass_below_30""]}"
sim,sha256:a9a7c6a126e18d9c3b2ff6e16189b8c2045e46be19dd3d2d30b21e52df2e4e83,2026-10-05T00:01:34.750Z,synthetic-local,sim-r0,beam_quic,small,2,1.970715529648725,INSUFFICIENT,"{""contract_version"":1,""estimator"":""m0-decayed-beta-v1"",""methodology_hash"":""sha256:0da0241b9ce652df77f7b9ee40a713f7bfa93e3c62207c28e290da3d1c9a3f86"",""context"":{""source"":""sim"",""regime_id"":""sim-r0"",""region"":""synthetic-local"",""as_of_utc"":""2026-10-05T00:01:34.750Z""},""config"":{""route"":""beam_quic"",""tip_lamports"":""200000"",""cu_price_micro_lamports"":""1000"",""cu_limit"":25000,""fee_bucket"":""local_median"",""tip_tier"":""x2"",""size_class"":""small""},""horizon_slots"":2,""half_life_s"":3600.0,""alpha"":2.970715529648725,""beta"":1.0,""p_hat"":0.7481562220881468,""p_interval_95"":[0.2888788758239146,0.9915137519752291],""n_effective"":1.970715529648725,""assignments"":2,""resolved"":2,""unresolved"":0,""unresolved_share"":0.0,""data_age_s"":64.0,""observation_window"":[""2026-10-05T00:00:05.500+00:00"",""2026-10-05T00:00:30.750+00:00""],""evidence"":""INSUFFICIENT"",""samples_needed"":29,""insufficient_reasons"":[""discounted_sample_mass_below_30""]}"
sim,sha256:aa77061141bb09d3bfba7aaf5879734573344d64b1a6ddfc47d0acf877dbee70,2026-10-05T00:01:34.750Z,synthetic-local,sim-r0,beam_quic,large,1,3.9443795382225693,INSUFFICIENT,"{""contract_version"":1,""estimator"":""m0-decayed-beta-v1"",""methodology_hash"":""sha256:0da0241b9ce652df77f7b9ee40a713f7bfa93e3c62207c28e290da3d1c9a3f86"",""context"":{""source"":""sim"",""regime_id"":""sim-r0"",""region"":""synthetic-local"",""as_of_utc"":""2026-10-05T00:01:34.750Z""},""config"":{""route"":""beam_quic"",""tip_lamports"":""200000"",""cu_price_micro_lamports"":""0"",""cu_limit"":300000,""fee_bucket"":""zero"",""tip_tier"":""x2"",""size_class"":""large""},""horizon_slots"":1,""half_life_s"":3600.0,""alpha"":2.9773170395464503,""beta"":2.967062498676119,""p_hat"":0.5008625408929893,""p_interval_95"":[0.14600269192067689,0.8551819163400121],""n_effective"":3.9443795382225693,""assignments"":4,""resolved"":4,""unresolved"":0,""unresolved_share"":0.0,""data_age_s"":49.5,""observation_window"":[""2026-10-05T00:00:02+00:00"",""2026-10-05T00:00:45.250+00:00""],""evidence"":""INSUFFICIENT"",""samples_needed"":27,""insufficient_reasons"":[""discounted_sample_mass_below_30""]}"
sim,sha256:aca31271175e0ae62f435d110f94ccb0cf9396a418600e704389d0e5cdbaa635,2026-10-05T00:01:34.750Z,synthetic-local,sim-r0,beam_quic,medium,1,3.953461196772734,INSUFFICIENT,"{""contract_version"":1,""estimator"":""m0-decayed-beta-v1"",""methodology_hash"":""sha256:0da0241b9ce652df77f7b9ee40a713f7bfa93e3c62207c28e290da3d1c9a3f86"",""context"":{""source"":""sim"",""regime_id"":""sim-r0"",""region"":""synthetic-local"",""as_of_utc"":""2026-10-05T00:01:34.750Z""},""config"":{""route"":""beam_quic"",""tip_lamports"":""500000"",""cu_price_micro_lamports"":""5000"",""cu_limit"":100000,""fee_bucket"":""local_p90"",""tip_tier"":""x5"",""size_class"":""medium""},""horizon_slots"":1,""half_life_s"":3600.0,""alpha"":3.970120069280401,""beta"":1.9833411274923332,""p_hat"":0.6668591493352696,""p_interval_95"":[0.28242936086922865,0.9479222828651102],""n_effective"":3.953461196772734,""assignments"":4,""resolved"":4,""unresolved"":0,""unresolved_share"":0.0,""data_age_s"":37.0,""observation_window"":[""2026-10-05T00:00:07.500+00:00"",""2026-10-05T00:00:57.750+00:00""],""evidence"":""INSUFFICIENT"",""samples_needed"":27,""insufficient_reasons"":[""discounted_sample_mass_below_30""]}"
sim,sha256:acbe89480186392119ce524e19302882f5a73b5c83a1bf3e3e18de1ecd5d4f93,2026-10-05T00:01:34.750Z,synthetic-local,sim-r0,beam_quic,medium,2,2.9633712222405366,INSUFFICIENT,"{""contract_version"":1,""estimator"":""m0-decayed-beta-v1"",""methodology_hash"":""sha256:0da0241b9ce652df77f7b9ee40a713f7bfa93e3c62207c28e290da3d1c9a3f86"",""context"":{""source"":""sim"",""regime_id"":""sim-r0"",""region"":""synthetic-local"",""as_of_utc"":""2026-10-05T00:01:34.750Z""},""config"":{""route"":""beam_quic"",""tip_lamports"":""200000"",""cu_price_micro_lamports"":""5000"",""cu_limit"":100000,""fee_bucket"":""local_p90"",""tip_tier"":""x2"",""size_class"":""medium""},""horizon_slots"":2,""half_life_s"":3600.0,""alpha"":3.9633712222405366,""beta"":1.0,""p_hat"":0.7985240363406496,""p_interval_95"":[0.3942607222858495,0.9936324118877369],""n_effective"":2.9633712222405366,""assignments"":3,""resolved"":3,""unresolved"":0,""unresolved_share"":0.0,""data_age_s"":40.25,""observation_window"":[""2026-10-05T00:00:12+00:00"",""2026-10-05T00:00:54.500+00:00""],""evidence"":""INSUFFICIENT"",""samples_needed"":28,""insufficient_reasons"":[""discounted_sample_mass_below_30""]}"
sim,sha256:acd7f466dbc89fc70ede2b9cfdc7036e9c50e89dba8e5c76e36b69d42232e9e9,2026-10-05T00:01:34.750Z,synthetic-local,sim-r0,beam_http,small,1,1.9792657224947439,INSUFFICIENT,"{""contract_version"":1,""estimator"":""m0-decayed-beta-v1"",""methodology_hash"":""sha256:0da0241b9ce652df77f7b9ee40a713f7bfa93e3c62207c28e290da3d1c9a3f86"",""context"":{""source"":""sim"",""regime_id"":""sim-r0"",""region"":""synthetic-local"",""as_of_utc"":""2026-10-05T00:01:34.750Z""},""config"":{""route"":""beam_http"",""tip_lamports"":""200000"",""cu_price_micro_lamports"":""5000"",""cu_limit"":25000,""fee_bucket"":""local_p90"",""tip_tier"":""x2"",""size_class"":""small""},""horizon_slots"":1,""half_life_s"":3600.0,""alpha"":1.989418498367111,""beta"":1.9898472241276328,""p_hat"":0.49994613004126637,""p_interval_95"":[0.09362625018948045,0.9063149413380645],""n_effective"":1.9792657224947439,""assignments"":2,""resolved"":2,""unresolved"":0,""unresolved_share"":0.0,""data_age_s"":53.0,""observation_window"":[""2026-10-05T00:00:39.500+00:00"",""2026-10-05T00:00:41.750+00:00""],""evidence"":""INSUFFICIENT"",""samples_needed"":29,""insufficient_reasons"":[""discounted_sample_mass_below_30""]}"
sim,sha256:acde482408ad791ff263fc22ca19be07c9eaca009c9c523fd6beeb4cea844e75,2026-10-05T00:01:34.750Z,synthetic-local,sim-r0,beam_quic,small,4,5.938014817277222,INSUFFICIENT,"{""contract_version"":1,""estimator"":""m0-decayed-beta-v1"",""methodology_hash"":""sha256:0da0241b9ce652df77f7b9ee40a713f7bfa93e3c62207c28e290da3d1c9a3f86"",""context"":{""source"":""sim"",""regime_id"":""sim-r0"",""region"":""synthetic-local"",""as_of_utc"":""2026-10-05T00:01:34.750Z""},""config"":{""route"":""beam_quic"",""tip_lamports"":""500000"",""cu_price_micro_lamports"":""5000"",""cu_limit"":25000,""fee_bucket"":""local_p90"",""tip_tier"":""x5"",""size_class"":""small""},""horizon_slots"":4,""half_life_s"":3600.0,""alpha"":5.949024858979575,""beta"":1.9889899582976467,""p_hat"":0.7494348393040818,""p_interval_95"":[0.4193405744294022,0.963504458232346],""n_effective"":5.938014817277222,""assignments"":6,""resolved"":6,""unresolved"":0,""unresolved_share"":0.0,""data_age_s"":34.5,""observation_window"":[""2026-10-05T00:00:11.500+00:00"",""2026-10-05T00:01:00.250+00:00""],""evidence"":""INSUFFICIENT"",""samples_needed"":25,""insufficient_reasons"":[""discounted_sample_mass_below_30""]}"
sim,sha256:ad4d33591275082fe5783978bedc99aaa0b435ffb9cff6860ce2bec2100f2516,2026-10-05T00:01:34.750Z,synthetic-local,sim-r0,beam_http,medium,2,1.975463395313649,INSUFFICIENT,"{""contract_version"":1,""estimator"":""m0-decayed-beta-v1"",""methodology_hash"":""sha256:0da0241b9ce652df77f7b9ee40a713f7bfa93e3c62207c28e290da3d1c9a3f86"",""context"":{""source"":""sim"",""regime_id"":""sim-r0"",""region"":""synthetic-local"",""as_of_utc"":""2026-10-05T00:01:34.750Z""},""config"":{""route"":""beam_http"",""tip_lamports"":""200000"",""cu_price_micro_lamports"":""0"",""cu_limit"":100000,""fee_bucket"":""zero"",""tip_tier"":""x2"",""size_class"":""medium""},""horizon_slots"":2,""half_life_s"":3600.0,""alpha"":1.9899425217442572,""beta"":1.9855208735693914,""p_hat"":0.5005561173296272,""p_interval_95"":[0.09384096877041584,0.9067657019727167],""n_effective"":1.975463395313649,""assignments"":2,""resolved"":2,""unresolved"":0,""unresolved_share"":0.0,""data_age_s"":52.5,""observation_window"":[""2026-10-05T00:00:19+00:00"",""2026-10-05T00:00:42.250+00:00""],""evidence"":""INSUFFICIENT"",""samples_needed"":29,""insufficient_reasons"":[""discounted_sample_mass_below_30""]}"
sim,sha256:ae1559f3c4e7103417a62b6592644b861ca1f8b7cf5048ebc14c5190b674eb5a,2026-10-05T00:01:34.750Z,synthetic-local,sim-r0,beam_quic,large,1,1.969763452855842,INSUFFICIENT,"{""contract_version"":1,""estimator"":""m0-decayed-beta-v1"",""methodology_hash"":""sha256:0da0241b9ce652df77f7b9ee40a713f7bfa93e3c62207c28e290da3d1c9a3f86"",""context"":{""source"":""sim"",""regime_id"":""sim-r0"",""region"":""synthetic-local"",""as_of_utc"":""2026-10-05T00:01:34.750Z""},""config"":{""route"":""beam_quic"",""tip_lamports"":""1000000"",""cu_price_micro_lamports"":""1000"",""cu_limit"":300000,""fee_bucket"":""local_median"",""tip_tier"":""x10"",""size_class"":""large""},""horizon_slots"":1,""half_life_s"":3600.0,""alpha"":2.969763452855842,""beta"":1.0,""p_hat"":0.7480958218604684,""p_interval_95"":[0.2887638983238815,0.9915110429484075],""n_effective"":1.969763452855842,""assignments"":2,""resolved"":2,""unresolved"":0,""unresolved_share"":0.0,""data_age_s"":71.5,""observation_window"":[""2026-10-05T00:00:08+00:00"",""2026-10-05T00:00:23.250+00:00""],""evidence"":""INSUFFICIENT"",""samples_needed"":29,""insufficient_reasons"":[""discounted_sample_mass_below_30""]}"
sim,sha256:aea9cac8337bb2f83646a8c12d61a6305020d57409ec3919511ba1141eb53f68,2026-10-05T00:01:34.750Z,synthetic-local,sim-r0,beam_quic,medium,1,0.9879431971405159,INSUFFICIENT,"{""contract_version"":1,""estimator"":""m0-decayed-beta-v1"",""methodology_hash"":""sha256:0da0241b9ce652df77f7b9ee40a713f7bfa93e3c62207c28e290da3d1c9a3f86"",""context"":{""source"":""sim"",""regime_id"":""sim-r0"",""region"":""synthetic-local"",""as_of_utc"":""2026-10-05T00:01:34.750Z""},""config"":{""route"":""beam_quic"",""tip_lamports"":""100000"",""cu_price_micro_lamports"":""0"",""cu_limit"":100000,""fee_bucket"":""zero"",""tip_tier"":""x1"",""size_class"":""medium""},""horizon_slots"":1,""half_life_s"":3600.0,""alpha"":1.987943197140516,""beta"":1.0,""p_hat"":0.6653216162352057,""p_interval_95"":[0.15635500460357704,0.9873450757981337],""n_effective"":0.9879431971405159,""assignments"":1,""resolved"":1,""unresolved"":0,""unresolved_share"":0.0,""data_age_s"":63.0,""observation_window"":[""2026-10-05T00:00:31.750+00:00"",""2026-10-05T00:00:31.750+00:00""],""evidence"":""INSUFFICIENT"",""samples_needed"":30,""insufficient_reasons"":[""discounted_sample_mass_below_30""]}"
sim,sha256:aee7e2522cc82bc7d82b21d235194a98177e029ba9f14338ff91d9f9b49ed809,2026-10-05T00:01:34.750Z,synthetic-local,sim-r0,beam_quic,small,1,6.918166260820096,INSUFFICIENT,"{""contract_version"":1,""estimator"":""m0-decayed-beta-v1"",""methodology_hash"":""sha256:0da0241b9ce652df77f7b9ee40a713f7bfa93e3c62207c28e290da3d1c9a3f86"",""context"":{""source"":""sim"",""regime_id"":""sim-r0"",""region"":""synthetic-local"",""as_of_utc"":""2026-10-05T00:01:34.750Z""},""config"":{""route"":""beam_quic"",""tip_lamports"":""1000000"",""cu_price_micro_lamports"":""1000"",""cu_limit"":25000,""fee_bucket"":""local_median"",""tip_tier"":""x10"",""size_class"":""small""},""horizon_slots"":1,""half_life_s"":3600.0,""alpha"":7.918166260820096,""beta"":1.0,""p_hat"":0.8878693252901924,""p_interval_95"":[0.6275854303490618,0.9968076731080662],""n_effective"":6.918166260820096,""assignments"":7,""resolved"":7,""unresolved"":0,""unresolved_share"":0.0,""data_age_s"":41.25,""observation_window"":[""2026-10-05T00:00:09+00:00"",""2026-10-05T00:00:53.500+00:00""],""evidence"":""INSUFFICIENT"",""samples_needed"":24,""insufficient_reasons"":[""discounted_sample_mass_below_30""]}"
sim,sha256:b04e4bf57cc02d8f68fa92672bde0e9b1dc7c5797236211d03e578f6bcd6817a,2026-10-05T00:01:34.750Z,synthetic-local,sim-r0,beam_http,large,2,0.9848569615884375,INSUFFICIENT,"{""contract_version"":1,""estimator"":""m0-decayed-beta-v1"",""methodology_hash"":""sha256:0da0241b9ce652df77f7b9ee40a713f7bfa93e3c62207c28e290da3d1c9a3f86"",""context"":{""source"":""sim"",""regime_id"":""sim-r0"",""region"":""synthetic-local"",""as_of_utc"":""2026-10-05T00:01:34.750Z""},""config"":{""route"":""beam_http"",""tip_lamports"":""500000"",""cu_price_micro_lamports"":""0"",""cu_limit"":300000,""fee_bucket"":""zero"",""tip_tier"":""x5"",""size_class"":""large""},""horizon_slots"":2,""half_life_s"":3600.0,""alpha"":1.9848569615884375,""beta"":1.0,""p_hat"":0.6649755707329323,""p_interval_95"":[0.15590452435816565,0.987325524002443],""n_effective"":0.9848569615884375,""assignments"":1,""resolved"":1,""unresolved"":0,""unresolved_share"":0.0,""data_age_s"":79.25,""observation_window"":[""2026-10-05T00:00:15.500+00:00"",""2026-10-05T00:00:15.500+00:00""],""evidence"":""INSUFFICIENT"",""samples_needed"":30,""insufficient_reasons"":[""discounted_sample_mass_below_30""]}"
sim,sha256:b05de37c69add4f0175d969720f9d3e6357b9a0609b051f39cdc4b8ad6615854,2026-10-05T00:01:34.750Z,synthetic-local,sim-r0,beam_quic,medium,2,1.9758522358561228,INSUFFICIENT,"{""contract_version"":1,""estimator"":""m0-decayed-beta-v1"",""methodology_hash"":""sha256:0da0241b9ce652df77f7b9ee40a713f7bfa93e3c62207c28e290da3d1c9a3f86"",""context"":{""source"":""sim"",""regime_id"":""sim-r0"",""region"":""synthetic-local"",""as_of_utc"":""2026-10-05T00:01:34.750Z""},""config"":{""route"":""beam_quic"",""tip_lamports"":""200000"",""cu_price_micro_lamports"":""1000"",""cu_limit"":100000,""fee_bucket"":""local_median"",""tip_tier"":""x2"",""size_class"":""medium""},""horizon_slots"":2,""half_life_s"":3600.0,""alpha"":2.975852235856123,""beta"":1.0,""p_hat"":0.7484815982391083,""p_interval_95"":[0.28949872790970566,0.9915283381138311],""n_effective"":1.9758522358561228,""assignments"":2,""resolved"":2,""unresolved"":0,""unresolved_share"":0.0,""data_age_s"":44.0,""observation_window"":[""2026-10-05T00:00:12.500+00:00"",""2026-10-05T00:00:50.750+00:00""],""evidence"":""INSUFFICIENT"",""samples_needed"":29,""insufficient_reasons"":[""discounted_sample_mass_below_30""]}"
sim,sha256:b1989dec695d7b74df61f966cd36232cd9a660eb0add77ecd5e4e9e59656783a,2026-10-05T00:01:34.750Z,synthetic-local,sim-r0,beam_http,medium,2,1.9781227380744313,INSUFFICIENT,"{""contract_version"":1,""estimator"":""m0-decayed-beta-v1"",""methodology_hash"":""sha256:0da0241b9ce652df77f7b9ee40a713f7bfa93e3c62207c28e290da3d1c9a3f86"",""context"":{""source"":""sim"",""regime_id"":""sim-r0"",""region"":""synthetic-local"",""as_of_utc"":""2026-10-05T00:01:34.750Z""},""config"":{""route"":""beam_http"",""tip_lamports"":""500000"",""cu_price_micro_lamports"":""0"",""cu_limit"":100000,""fee_bucket"":""zero"",""tip_tier"":""x5"",""size_class"":""medium""},""horizon_slots"":2,""half_life_s"":3600.0,""alpha"":2.9781227380744313,""beta"":1.0,""p_hat"":0.7486251516502883,""p_interval_95"":[0.2897724528270593,0.9915347694411969],""n_effective"":1.9781227380744313,""assignments"":2,""resolved"":2,""unresolved"":0,""unresolved_share"":0.0,""data_age_s"":57.0,""observation_window"":[""2026-10-05T00:00:37.500+00:00"",""2026-10-05T00:00:37.750+00:00""],""evidence"":""INSUFFICIENT"",""samples_needed"":29,""insufficient_reasons"":[""discounted_sample_mass_below_30""]}"
sim,sha256:b1c5a67a6b97e27ff139374d3be46715b68b8ca721cfea4e43ca9a0b8f934946,2026-10-05T00:01:34.750Z,synthetic-local,sim-r0,beam_quic,large,4,2.9707853396273594,INSUFFICIENT,"{""contract_version"":1,""estimator"":""m0-decayed-beta-v1"",""methodology_hash"":""sha256:0da0241b9ce652df77f7b9ee40a713f7bfa93e3c62207c28e290da3d1c9a3f86"",""context"":{""source"":""sim"",""regime_id"":""sim-r0"",""region"":""synthetic-local"",""as_of_utc"":""2026-10-05T00:01:34.750Z""},""config"":{""route"":""beam_quic"",""tip_lamports"":""1000000"",""cu_price_micro_lamports"":""0"",""cu_limit"":300000,""fee_bucket"":""zero"",""tip_tier"":""x10"",""size_class"":""large""},""horizon_slots"":4,""half_life_s"":3600.0,""alpha"":3.9707853396273594,""beta"":1.0,""p_hat"":0.7988245454842019,""p_interval_95"":[0.39494648473045435,0.993644263371825],""n_effective"":2.9707853396273594,""assignments"":3,""resolved"":3,""unresolved"":0,""unresolved_share"":0.0,""data_age_s"":39.0,""observation_window"":[""2026-10-05T00:00:33.500+00:00"",""2026-10-05T00:00:55.750+00:00""],""evidence"":""INSUFFICIENT"",""samples_needed"":28,""insufficient_reasons"":[""discounted_sample_mass_below_30""]}"
sim,sha256:b24463da5aa9581833237f8cb6a1638fb18758a03a0a4d928d64cb9fda293d13,2026-10-05T00:01:34.750Z,synthetic-local,sim-r0,beam_http,large,1,0.9848569615884375,INSUFFICIENT,"{""contract_version"":1,""estimator"":""m0-decayed-beta-v1"",""methodology_hash"":""sha256:0da0241b9ce652df77f7b9ee40a713f7bfa93e3c62207c28e290da3d1c9a3f86"",""context"":{""source"":""sim"",""regime_id"":""sim-r0"",""region"":""synthetic-local"",""as_of_utc"":""2026-10-05T00:01:34.750Z""},""config"":{""route"":""beam_http"",""tip_lamports"":""500000"",""cu_price_micro_lamports"":""0"",""cu_limit"":300000,""fee_bucket"":""zero"",""tip_tier"":""x5"",""size_class"":""large""},""horizon_slots"":1,""half_life_s"":3600.0,""alpha"":1.0,""beta"":1.9848569615884375,""p_hat"":0.33502442926706766,""p_interval_95"":[0.01267447599755691,0.8440954756418342],""n_effective"":0.9848569615884375,""assignments"":1,""resolved"":1,""unresolved"":0,""unresolved_share"":0.0,""data_age_s"":79.25,""observation_window"":[""2026-10-05T00:00:15.500+00:00"",""2026-10-05T00:00:15.500+00:00""],""evidence"":""INSUFFICIENT"",""samples_needed"":30,""insufficient_reasons"":[""discounted_sample_mass_below_30""]}"
sim,sha256:b39c24f1852efd825d3654d82ef0c8c87b503e8cd0ccb68a68c7528b34b48ad6,2026-10-05T00:01:34.750Z,synthetic-local,sim-r0,beam_quic,large,4,1.975934650760034,INSUFFICIENT,"{""contract_version"":1,""estimator"":""m0-decayed-beta-v1"",""methodology_hash"":""sha256:0da0241b9ce652df77f7b9ee40a713f7bfa93e3c62207c28e290da3d1c9a3f86"",""context"":{""source"":""sim"",""regime_id"":""sim-r0"",""region"":""synthetic-local"",""as_of_utc"":""2026-10-05T00:01:34.750Z""},""config"":{""route"":""beam_quic"",""tip_lamports"":""100000"",""cu_price_micro_lamports"":""5000"",""cu_limit"":300000,""fee_bucket"":""local_p90"",""tip_tier"":""x1"",""size_class"":""large""},""horizon_slots"":4,""half_life_s"":3600.0,""alpha"":2.975934650760034,""beta"":1.0,""p_hat"":0.7484868118220098,""p_interval_95"":[0.2895086663808567,0.9915285717296718],""n_effective"":1.975934650760034,""assignments"":2,""resolved"":2,""unresolved"":0,""unresolved_share"":0.0,""data_age_s"":58.5,""observation_window"":[""2026-10-05T00:00:27.500+00:00"",""2026-10-05T00:00:36.250+00:00""],""evidence"":""INSUFFICIENT"",""samples_needed"":29,""insufficient_reasons"":[""discounted_sample_mass_below_30""]}"
sim,sha256:b3a109d4b911cdf82ab4bcab21ca04518986ca6b7ba208ae5f35ab7c1b4c51f1,2026-10-05T00:01:34.750Z,synthetic-local,sim-r0,beam_quic,medium,2,1.984560445743388,INSUFFICIENT,"{""contract_version"":1,""estimator"":""m0-decayed-beta-v1"",""methodology_hash"":""sha256:0da0241b9ce652df77f7b9ee40a713f7bfa93e3c62207c28e290da3d1c9a3f86"",""context"":{""source"":""sim"",""regime_id"":""sim-r0"",""region"":""synthetic-local"",""as_of_utc"":""2026-10-05T00:01:34.750Z""},""config"":{""route"":""beam_quic"",""tip_lamports"":""500000"",""cu_price_micro_lamports"":""1000"",""cu_limit"":100000,""fee_bucket"":""local_median"",""tip_tier"":""x5"",""size_class"":""medium""},""horizon_slots"":2,""half_life_s"":3600.0,""alpha"":2.984560445743388,""beta"":1.0,""p_hat"":0.749031288741453,""p_interval_95"":[0.29054769991291396,0.9915529516362287],""n_effective"":1.984560445743388,""assignments"":2,""resolved"":2,""unresolved"":0,""unresolved_share"":0.0,""data_age_s"":38.75,""observation_window"":[""2026-10-05T00:00:53+00:00"",""2026-10-05T00:00:56+00:00""],""evidence"":""INSUFFICIENT"",""samples_needed"":29,""insufficient_reasons"":[""discounted_sample_mass_below_30""]}"
sim,sha256:b3e0918ab2d30bd5b358a6ce0ffba69e2df7d1fdaa129542577c5dbfdfd788dd,2026-10-05T00:01:34.750Z,synthetic-local,sim-r0,beam_http,medium,1,1.9781227380744308,INSUFFICIENT,"{""contract_version"":1,""estimator"":""m0-decayed-beta-v1"",""methodology_hash"":""sha256:0da0241b9ce652df77f7b9ee40a713f7bfa93e3c62207c28e290da3d1c9a3f86"",""context"":{""source"":""sim"",""regime_id"":""sim-r0"",""region"":""synthetic-local"",""as_of_utc"":""2026-10-05T00:01:34.750Z""},""config"":{""route"":""beam_http"",""tip_lamports"":""500000"",""cu_price_micro_lamports"":""0"",""cu_limit"":100000,""fee_bucket"":""zero"",""tip_tier"":""x5"",""size_class"":""medium""},""horizon_slots"":1,""half_life_s"":3600.0,""alpha"":1.9890375646934928,""beta"":1.9890851733809383,""p_hat"":0.49999401618670664,""p_interval_95"":[0.09361683884304764,0.9063766301646801],""n_effective"":1.9781227380744308,""assignments"":2,""resolved"":2,""unresolved"":0,""unresolved_share"":0.0,""data_age_s"":57.0,""observation_window"":[""2026-10-05T00:00:37.500+00:00"",""2026-10-05T00:00:37.750+00:00""],""evidence"":""INSUFFICIENT"",""samples_needed"":29,""insufficient_reasons"":[""discounted_sample_mass_below_30""]}"
sim,sha256:b4208403fcc289765d5fbacdd110efc61fba593529963c94c44cf9c1a773f694,2026-10-05T00:01:34.750Z,synthetic-local,sim-r0,beam_quic,medium,1,2.962894139751265,INSUFFICIENT,"{""contract_version"":1,""estimator"":""m0-decayed-beta-v1"",""methodology_hash"":""sha256:0da0241b9ce652df77f7b9ee40a713f7bfa93e3c62207c28e290da3d1c9a3f86"",""context"":{""source"":""sim"",""regime_id"":""sim-r0"",""region"":""synthetic-local"",""as_of_utc"":""2026-10-05T00:01:34.750Z""},""config"":{""route"":""beam_quic"",""tip_lamports"":""1000000"",""cu_price_micro_lamports"":""5000"",""cu_limit"":100000,""fee_bucket"":""local_p90"",""tip_tier"":""x10"",""size_class"":""medium""},""horizon_slots"":1,""half_life_s"":3600.0,""alpha"":3.9628941397512647,""beta"":1.0,""p_hat"":0.798504668477551,""p_interval_95"":[0.39421654796315964,0.9936316477565275],""n_effective"":2.962894139751265,""assignments"":3,""resolved"":3,""unresolved"":0,""unresolved_share"":0.0,""data_age_s"":48.25,""observation_window"":[""2026-10-05T00:00:07+00:00"",""2026-10-05T00:00:46.500+00:00""],""evidence"":""INSUFFICIENT"",""samples_needed"":28,""insufficient_reasons"":[""discounted_sample_mass_below_30""]}"
sim,sha256:b534dd0bd80250a05ee58dd0d277e1ce5ed00361d5048a3bf0dd697d0312c78a,2026-10-05T00:01:34.750Z,synthetic-local,sim-r0,beam_quic,small,4,1.9672979359801928,INSUFFICIENT,"{""contract_version"":1,""estimator"":""m0-decayed-beta-v1"",""methodology_hash"":""sha256:0da0241b9ce652df77f7b9ee40a713f7bfa93e3c62207c28e290da3d1c9a3f86"",""context"":{""source"":""sim"",""regime_id"":""sim-r0"",""region"":""synthetic-local"",""as_of_utc"":""2026-10-05T00:01:34.750Z""},""config"":{""route"":""beam_quic"",""tip_lamports"":""100000"",""cu_price_micro_lamports"":""5000"",""cu_limit"":25000,""fee_bucket"":""local_p90"",""tip_tier"":""x1"",""size_class"":""small""},""horizon_slots"":4,""half_life_s"":3600.0,""alpha"":2.9672979359801928,""beta"":1.0,""p_hat"":0.7479392734962488,""p_interval_95"":[0.2884660204611361,0.9915040195535423],""n_effective"":1.9672979359801928,""assignments"":2,""resolved"":2,""unresolved"":0,""unresolved_share"":0.0,""data_age_s"":83.0,""observation_window"":[""2026-10-05T00:00:06.500+00:00"",""2026-10-05T00:00:11.750+00:00""],""evidence"":""INSUFFICIENT"",""samples_needed"":29,""insufficient_reasons"":[""discounted_sample_mass_below_30""]}"
sim,sha256:b66d95efd017bf062cedf09d51a3114b916ffcfdaa30bd1d9830ed845bdd067a,2026-10-05T00:01:34.750Z,synthetic-local,sim-r0,beam_quic,medium,4,3.96125326696498,INSUFFICIENT,"{""contract_version"":1,""estimator"":""m0-decayed-beta-v1"",""methodology_hash"":""sha256:0da0241b9ce652df77f7b9ee40a713f7bfa93e3c62207c28e290da3d1c9a3f86"",""context"":{""source"":""sim"",""regime_id"":""sim-r0"",""region"":""synthetic-local"",""as_of_utc"":""2026-10-05T00:01:34.750Z""},""config"":{""route"":""beam_quic"",""tip_lamports"":""100000"",""cu_price_micro_lamports"":""5000"",""cu_limit"":100000,""fee_bucket"":""local_p90"",""tip_tier"":""x1"",""size_class"":""medium""},""horizon_slots"":4,""half_life_s"":3600.0,""alpha"":4.96125326696498,""beta"":1.0,""p_hat"":0.8322500395107144,""p_interval_95"":[0.4754289531820428,0.9949098913871344],""n_effective"":3.96125326696498,""assignments"":4,""resolved"":4,""unresolved"":0,""unresolved_share"":0.0,""data_age_s"":42.5,""observation_window"":[""2026-10-05T00:00:29.250+00:00"",""2026-10-05T00:00:52.250+00:00""],""evidence"":""INSUFFICIENT"",""samples_needed"":27,""insufficient_reasons"":[""discounted_sample_mass_below_30""]}"
sim,sha256:b77830ef6746834c7001c6e672d0413e3ed6d4744f0679488ec4c394085e6170,2026-10-05T00:01:34.750Z,synthetic-local,sim-r0,beam_http,small,2,0.9831044892582366,INSUFFICIENT,"{""contract_version"":1,""estimator"":""m0-decayed-beta-v1"",""methodology_hash"":""sha256:0da0241b9ce652df77f7b9ee40a713f7bfa93e3c62207c28e290da3d1c9a3f86"",""context"":{""source"":""sim"",""regime_id"":""sim-r0"",""region"":""synthetic-local"",""as_of_utc"":""2026-10-05T00:01:34.750Z""},""config"":{""route"":""beam_http"",""tip_lamports"":""500000"",""cu_price_micro_lamports"":""5000"",""cu_limit"":25000,""fee_bucket"":""local_p90"",""tip_tier"":""x5"",""size_class"":""small""},""horizon_slots"":2,""half_life_s"":3600.0,""alpha"":1.9831044892582366,""beta"":1.0,""p_hat"":0.6647787552863578,""p_interval_95"":[0.1556486817039025,0.9873143948939667],""n_effective"":0.9831044892582366,""assignments"":1,""resolved"":1,""unresolved"":0,""unresolved_share"":0.0,""data_age_s"":88.5,""observation_window"":[""2026-10-05T00:00:06.250+00:00"",""2026-10-05T00:00:06.250+00:00""],""evidence"":""INSUFFICIENT"",""samples_needed"":30,""insufficient_reasons"":[""discounted_sample_mass_below_30""]}"
sim,sha256:b8d2a55a134330ad433c158924086698e7f101ab2ccf4e8bce66c8214d1fe0ff,2026-10-05T00:01:34.750Z,synthetic-local,sim-r0,beam_quic,medium,4,1.984560445743388,INSUFFICIENT,"{""contract_version"":1,""estimator"":""m0-decayed-beta-v1"",""methodology_hash"":""sha256:0da0241b9ce652df77f7b9ee40a713f7bfa93e3c62207c28e290da3d1c9a3f86"",""context"":{""source"":""sim"",""regime_id"":""sim-r0"",""region"":""synthetic-local"",""as_of_utc"":""2026-10-05T00:01:34.750Z""},""config"":{""route"":""beam_quic"",""tip_lamports"":""500000"",""cu_price_micro_lamports"":""1000"",""cu_limit"":100000,""fee_bucket"":""local_median"",""tip_tier"":""x5"",""size_class"":""medium""},""horizon_slots"":4,""half_life_s"":3600.0,""alpha"":2.984560445743388,""beta"":1.0,""p_hat"":0.749031288741453,""p_interval_95"":[0.29054769991291396,0.9915529516362287],""n_effective"":1.984560445743388,""assignments"":2,""resolved"":2,""unresolved"":0,""unresolved_share"":0.0,""data_age_s"":38.75,""observation_window"":[""2026-10-05T00:00:53+00:00"",""2026-10-05T00:00:56+00:00""],""evidence"":""INSUFFICIENT"",""samples_needed"":29,""insufficient_reasons"":[""discounted_sample_mass_below_30""]}"
sim,sha256:b98f52184b79478b5d516b4b0de61b746b54433bdd7c60efdf0abcc18769efab,2026-10-05T00:01:34.750Z,synthetic-local,sim-r0,beam_quic,large,2,1.975934650760034,INSUFFICIENT,"{""contract_version"":1,""estimator"":""m0-decayed-beta-v1"",""methodology_hash"":""sha256:0da0241b9ce652df77f7b9ee40a713f7bfa93e3c62207c28e290da3d1c9a3f86"",""context"":{""source"":""sim"",""regime_id"":""sim-r0"",""region"":""synthetic-local"",""as_of_utc"":""2026-10-05T00:01:34.750Z""},""config"":{""route"":""beam_quic"",""tip_lamports"":""100000"",""cu_price_micro_lamports"":""5000"",""cu_limit"":300000,""fee_bucket"":""local_p90"",""tip_tier"":""x1"",""size_class"":""large""},""horizon_slots"":2,""half_life_s"":3600.0,""alpha"":2.975934650760034,""beta"":1.0,""p_hat"":0.7484868118220098,""p_interval_95"":[0.2895086663808567,0.9915285717296718],""n_effective"":1.975934650760034,""assignments"":2,""resolved"":2,""unresolved"":0,""unresolved_share"":0.0,""data_age_s"":58.5,""observation_window"":[""2026-10-05T00:00:27.500+00:00"",""2026-10-05T00:00:36.250+00:00""],""evidence"":""INSUFFICIENT"",""samples_needed"":29,""insufficient_reasons"":[""discounted_sample_mass_below_30""]}"
sim,sha256:bbe8698ac43ab4f211faeb60f95b97cb96aa9da6aba381c09f359d6b61c40b01,2026-10-05T00:01:34.750Z,synthetic-local,sim-r0,beam_quic,small,4,4.93039604864438,INSUFFICIENT,"{""contract_version"":1,""estimator"":""m0-decayed-beta-v1"",""methodology_hash"":""sha256:0da0241b9ce652df77f7b9ee40a713f7bfa93e3c62207c28e290da3d1c9a3f86"",""context"":{""source"":""sim"",""regime_id"":""sim-r0"",""region"":""synthetic-local"",""as_of_utc"":""2026-10-05T00:01:34.750Z""},""config"":{""route"":""beam_quic"",""tip_lamports"":""100000"",""cu_price_micro_lamports"":""1000"",""cu_limit"":25000,""fee_bucket"":""local_median"",""tip_tier"":""x1"",""size_class"":""small""},""horizon_slots"":4,""half_life_s"":3600.0,""alpha"":5.93039604864438,""beta"":1.0,""p_hat"":0.8557081019640133,""p_interval_95"":[0.5368539525702836,0.9957399401797413],""n_effective"":4.93039604864438,""assignments"":5,""resolved"":5,""unresolved"":0,""unresolved_share"":0.0,""data_age_s"":44.25,""observation_window"":[""2026-10-05T00:00:00+00:00"",""2026-10-05T00:00:50.500+00:00""],""evidence"":""INSUFFICIENT"",""samples_needed"":26,""insufficient_reasons"":[""discounted_sample_mass_below_30""]}"
sim,sha256:bd17f4e2e556b43860f8da69ac79f497367641274553ef0516e45a6bc1c010c1,2026-10-05T00:01:34.750Z,synthetic-local,sim-r0,beam_quic,small,4,2.9569548764318796,INSUFFICIENT,"{""contract_version"":1,""estimator"":""m0-decayed-beta-v1"",""methodology_hash"":""sha256:0da0241b9ce652df77f7b9ee40a713f7bfa93e3c62207c28e290da3d1c9a3f86"",""context"":{""source"":""sim"",""regime_id"":""sim-r0"",""region"":""synthetic-local"",""as_of_utc"":""2026-10-05T00:01:34.750Z""},""config"":{""route"":""beam_quic"",""tip_lamports"":""1000000"",""cu_price_micro_lamports"":""0"",""cu_limit"":25000,""fee_bucket"":""zero"",""tip_tier"":""x10"",""size_class"":""small""},""horizon_slots"":4,""half_life_s"":3600.0,""alpha"":3.9569548764318796,""beta"":1.0,""p_hat"":0.7982632432757143,""p_interval_95"":[0.39366613967344455,0.9936221196095811],""n_effective"":2.9569548764318796,""assignments"":3,""resolved"":3,""unresolved"":0,""unresolved_share"":0.0,""data_age_s"":54.25,""observation_window"":[""2026-10-05T00:00:04.500+00:00"",""2026-10-05T00:00:40.500+00:00""],""evidence"":""INSUFFICIENT"",""samples_needed"":28,""insufficient_reasons"":[""discounted_sample_mass_below_30""]}"
sim,sha256:bddf7c6dca794f2d4fe0280f594c33270a35708f8ff61b23daec01757e77b257,2026-10-05T00:01:34.750Z,synthetic-local,sim-r0,rpc,large,4,0.9839092916771621,INSUFFICIENT,"{""contract_version"":1,""estimator"":""m0-decayed-beta-v1"",""methodology_hash"":""sha256:0da0241b9ce652df77f7b9ee40a713f7bfa93e3c62207c28e290da3d1c9a3f86"",""context"":{""source"":""sim"",""regime_id"":""sim-r0"",""region"":""synthetic-local"",""as_of_utc"":""2026-10-05T00:01:34.750Z""},""config"":{""route"":""rpc"",""tip_lamports"":""0"",""cu_price_micro_lamports"":""0"",""cu_limit"":300000,""fee_bucket"":""zero"",""tip_tier"":""none"",""size_class"":""large""},""horizon_slots"":4,""half_life_s"":3600.0,""alpha"":1.9839092916771621,""beta"":1.0,""p_hat"":0.6648691691837819,""p_interval_95"":[0.15576617839695256,0.98731950823265],""n_effective"":0.9839092916771621,""assignments"":1,""resolved"":1,""unresolved"":0,""unresolved_share"":0.0,""data_age_s"":84.25,""observation_window"":[""2026-10-05T00:00:10.500+00:00"",""2026-10-05T00:00:10.500+00:00""],""evidence"":""INSUFFICIENT"",""samples_needed"":30,""insufficient_reasons"":[""discounted_sample_mass_below_30""]}"
sim,sha256:be07b1959e9e84748b9c755f0e5c6fb7ada9d3f63c31abf733d9403d4efac7f7,2026-10-05T00:01:34.750Z,synthetic-local,sim-r0,beam_http,small,1,1.974150289688665,INSUFFICIENT,"{""contract_version"":1,""estimator"":""m0-decayed-beta-v1"",""methodology_hash"":""sha256:0da0241b9ce652df77f7b9ee40a713f7bfa93e3c62207c28e290da3d1c9a3f86"",""context"":{""source"":""sim"",""regime_id"":""sim-r0"",""region"":""synthetic-local"",""as_of_utc"":""2026-10-05T00:01:34.750Z""},""config"":{""route"":""beam_http"",""tip_lamports"":""1000000"",""cu_price_micro_lamports"":""5000"",""cu_limit"":25000,""fee_bucket"":""local_p90"",""tip_tier"":""x10"",""size_class"":""small""},""horizon_slots"":1,""half_life_s"":3600.0,""alpha"":2.974150289688665,""beta"":1.0,""p_hat"":0.7483738844515767,""p_interval_95"":[0.2892934422356688,0.9915235108423759],""n_effective"":1.974150289688665,""assignments"":2,""resolved"":2,""unresolved"":0,""unresolved_share"":0.0,""data_age_s"":42.75,""observation_window"":[""2026-10-05T00:00:02.250+00:00"",""2026-10-05T00:00:52+00:00""],""evidence"":""INSUFFICIENT"",""samples_needed"":29,""insufficient_reasons"":[""discounted_sample_mass_below_30""]}"
sim,sha256:bfc9e04c40313390576970468f56913d9c9391faa2fa8f6e8e33e53487d44a5a,2026-10-05T00:01:34.750Z,synthetic-local,sim-r0,beam_http,large,4,1.9696675722290022,INSUFFICIENT,"{""contract_version"":1,""estimator"":""m0-decayed-beta-v1"",""methodology_hash"":""sha256:0da0241b9ce652df77f7b9ee40a713f7bfa93e3c62207c28e290da3d1c9a3f86"",""context"":{""source"":""sim"",""regime_id"":""sim-r0"",""region"":""synthetic-local"",""as_of_utc"":""2026-10-05T00:01:34.750Z""},""config"":{""route"":""beam_http"",""tip_lamports"":""1000000"",""cu_price_micro_lamports"":""5000"",""cu_limit"":300000,""fee_bucket"":""local_p90"",""tip_tier"":""x10"",""size_class"":""large""},""horizon_slots"":4,""half_life_s"":3600.0,""alpha"":2.9696675722290022,""beta"":1.0,""p_hat"":0.7480897375397881,""p_interval_95"":[0.288752317756956,0.9915107700350658],""n_effective"":1.9696675722290022,""assignments"":2,""resolved"":2,""unresolved"":0,""unresolved_share"":0.0,""data_age_s"":74.0,""observation_window"":[""2026-10-05T00:00:10+00:00"",""2026-10-05T00:00:20.750+00:00""],""evidence"":""INSUFFICIENT"",""samples_needed"":29,""insufficient_reasons"":[""discounted_sample_mass_below_30""]}"
sim,sha256:c05c0f2ffee23ad777780d5e9f83a4dd4ed1fc754918e885621aa55d4a297902,2026-10-05T00:01:34.750Z,synthetic-local,sim-r0,beam_quic,large,4,2.952917597113876,INSUFFICIENT,"{""contract_version"":1,""estimator"":""m0-decayed-beta-v1"",""methodology_hash"":""sha256:0da0241b9ce652df77f7b9ee40a713f7bfa93e3c62207c28e290da3d1c9a3f86"",""context"":{""source"":""sim"",""regime_id"":""sim-r0"",""region"":""synthetic-local"",""as_of_utc"":""2026-10-05T00:01:34.750Z""},""config"":{""route"":""beam_quic"",""tip_lamports"":""500000"",""cu_price_micro_lamports"":""1000"",""cu_limit"":300000,""fee_bucket"":""local_median"",""tip_tier"":""x5"",""size_class"":""large""},""horizon_slots"":4,""half_life_s"":3600.0,""alpha"":3.952917597113876,""beta"":1.0,""p_hat"":0.7980988012837702,""p_interval_95"":[0.3932914896852394,0.9936156264530602],""n_effective"":2.952917597113876,""assignments"":3,""resolved"":3,""unresolved"":0,""unresolved_share"":0.0,""data_age_s"":68.25,""observation_window"":[""2026-10-05T00:00:03.500+00:00"",""2026-10-05T00:00:26.500+00:00""],""evidence"":""INSUFFICIENT"",""samples_needed"":28,""insufficient_reasons"":[""discounted_sample_mass_below_30""]}"
sim,sha256:c07edc2fe857a5ad3372ab98aeaa09f27a561e9825c07a984bc89af7509c23f9,2026-10-05T00:01:34.750Z,synthetic-local,sim-r0,beam_quic,small,2,4.939023804306913,INSUFFICIENT,"{""contract_version"":1,""estimator"":""m0-decayed-beta-v1"",""methodology_hash"":""sha256:0da0241b9ce652df77f7b9ee40a713f7bfa93e3c62207c28e290da3d1c9a3f86"",""context"":{""source"":""sim"",""regime_id"":""sim-r0"",""region"":""synthetic-local"",""as_of_utc"":""2026-10-05T00:01:34.750Z""},""config"":{""route"":""beam_quic"",""tip_lamports"":""500000"",""cu_price_micro_lamports"":""1000"",""cu_limit"":25000,""fee_bucket"":""local_median"",""tip_tier"":""x5"",""size_class"":""small""},""horizon_slots"":2,""half_life_s"":3600.0,""alpha"":5.939023804306913,""beta"":1.0,""p_hat"":0.8558875097993871,""p_interval_95"":[0.5373392923950178,0.995746115684343],""n_effective"":4.939023804306913,""assignments"":5,""resolved"":5,""unresolved"":0,""unresolved_share"":0.0,""data_age_s"":38.5,""observation_window"":[""2026-10-05T00:00:13+00:00"",""2026-10-05T00:00:56.250+00:00""],""evidence"":""INSUFFICIENT"",""samples_needed"":26,""insufficient_reasons"":[""discounted_sample_mass_below_30""]}"
sim,sha256:c1d40111694df663c03ce561b24261fcc16ee2e4db1b5b547ea1b54d425b316a,2026-10-05T00:01:34.750Z,synthetic-local,sim-r0,beam_http,small,1,5.917854899281778,INSUFFICIENT,"{""contract_version"":1,""estimator"":""m0-decayed-beta-v1"",""methodology_hash"":""sha256:0da0241b9ce652df77f7b9ee40a713f7bfa93e3c62207c28e290da3d1c9a3f86"",""context"":{""source"":""sim"",""regime_id"":""sim-r0"",""region"":""synthetic-local"",""as_of_utc"":""2026-10-05T00:01:34.750Z""},""config"":{""route"":""beam_http"",""tip_lamports"":""200000"",""cu_price_micro_lamports"":""1000"",""cu_limit"":25000,""fee_bucket"":""local_median"",""tip_tier"":""x2"",""size_class"":""small""},""horizon_slots"":1,""half_life_s"":3600.0,""alpha"":4.950083661800712,""beta"":2.9677712374810663,""p_hat"":0.6251798908628308,""p_interval_95"":[0.28902035025543493,0.9020968588732179],""n_effective"":5.917854899281778,""assignments"":6,""resolved"":6,""unresolved"":0,""unresolved_share"":0.0,""data_age_s"":35.75,""observation_window"":[""2026-10-05T00:00:09.750+00:00"",""2026-10-05T00:00:59+00:00""],""evidence"":""INSUFFICIENT"",""samples_needed"":25,""insufficient_reasons"":[""discounted_sample_mass_below_30""]}"
sim,sha256:c1f71226f5e4a98e0feeba19a7f19d27c7d53b8e0a2348a613a8b2ebd948fcab,2026-10-05T00:01:34.750Z,synthetic-local,sim-r0,beam_http,small,4,0.9908006132652294,INSUFFICIENT,"{""contract_version"":1,""estimator"":""m0-decayed-beta-v1"",""methodology_hash"":""sha256:0da0241b9ce652df77f7b9ee40a713f7bfa93e3c62207c28e290da3d1c9a3f86"",""context"":{""source"":""sim"",""regime_id"":""sim-r0"",""region"":""synthetic-local"",""as_of_utc"":""2026-10-05T00:01:34.750Z""},""config"":{""route"":""beam_http"",""tip_lamports"":""1000000"",""cu_price_micro_lamports"":""1000"",""cu_limit"":25000,""fee_bucket"":""local_median"",""tip_tier"":""x10"",""size_class"":""small""},""horizon_slots"":4,""half_life_s"":3600.0,""alpha"":1.9908006132652294,""beta"":1.0,""p_hat"":0.6656413685470519,""p_interval_95"":[0.15677199541263281,0.9873631242846843],""n_effective"":0.9908006132652294,""assignments"":1,""resolved"":1,""unresolved"":0,""unresolved_share"":0.0,""data_age_s"":48.0,""observation_window"":[""2026-10-05T00:00:46.750+00:00"",""2026-10-05T00:00:46.750+00:00""],""evidence"":""INSUFFICIENT"",""samples_needed"":30,""insufficient_reasons"":[""discounted_sample_mass_below_30""]}"
sim,sha256:c20b90a9bd69ad8c23485d2d9bb4758f56b02bdd2baa995bb67d4ae87044f1b0,2026-10-05T00:01:34.750Z,synthetic-local,sim-r0,beam_http,large,4,4.943112736361108,INSUFFICIENT,"{""contract_version"":1,""estimator"":""m0-decayed-beta-v1"",""methodology_hash"":""sha256:0da0241b9ce652df77f7b9ee40a713f7bfa93e3c62207c28e290da3d1c9a3f86"",""context"":{""source"":""sim"",""regime_id"":""sim-r0"",""region"":""synthetic-local"",""as_of_utc"":""2026-10-05T00:01:34.750Z""},""config"":{""route"":""beam_http"",""tip_lamports"":""100000"",""cu_price_micro_lamports"":""5000"",""cu_limit"":300000,""fee_bucket"":""local_p90"",""tip_tier"":""x1"",""size_class"":""large""},""horizon_slots"":4,""half_life_s"":3600.0,""alpha"":3.9657487042649757,""beta"":2.9773640320961325,""p_hat"":0.5711773457884868,""p_interval_95"":[0.22136694098744064,0.8826240449442941],""n_effective"":4.943112736361108,""assignments"":5,""resolved"":5,""unresolved"":0,""unresolved_share"":0.0,""data_age_s"":36.5,""observation_window"":[""2026-10-05T00:00:17+00:00"",""2026-10-05T00:00:58.250+00:00""],""evidence"":""INSUFFICIENT"",""samples_needed"":26,""insufficient_reasons"":[""discounted_sample_mass_below_30""]}"
sim,sha256:c4871916c0ae85e6f69200af2e965c926b2d9197c3b3dd0300ab99ff4fb1b3b3,2026-10-05T00:01:34.750Z,synthetic-local,sim-r0,beam_quic,small,4,6.918166260820096,INSUFFICIENT,"{""contract_version"":1,""estimator"":""m0-decayed-beta-v1"",""methodology_hash"":""sha256:0da0241b9ce652df77f7b9ee40a713f7bfa93e3c62207c28e290da3d1c9a3f86"",""context"":{""source"":""sim"",""regime_id"":""sim-r0"",""region"":""synthetic-local"",""as_of_utc"":""2026-10-05T00:01:34.750Z""},""config"":{""route"":""beam_quic"",""tip_lamports"":""1000000"",""cu_price_micro_lamports"":""1000"",""cu_limit"":25000,""fee_bucket"":""local_median"",""tip_tier"":""x10"",""size_class"":""small""},""horizon_slots"":4,""half_life_s"":3600.0,""alpha"":7.918166260820096,""beta"":1.0,""p_hat"":0.8878693252901924,""p_interval_95"":[0.6275854303490618,0.9968076731080662],""n_effective"":6.918166260820096,""assignments"":7,""resolved"":7,""unresolved"":0,""unresolved_share"":0.0,""data_age_s"":41.25,""observation_window"":[""2026-10-05T00:00:09+00:00"",""2026-10-05T00:00:53.500+00:00""],""evidence"":""INSUFFICIENT"",""samples_needed"":24,""insufficient_reasons"":[""discounted_sample_mass_below_30""]}"
sim,sha256:c49d7d6cf08aa7c297c834101b5b7415ba052168bc11ca0ddb8b00522d7902f2,2026-10-05T00:01:34.750Z,synthetic-local,sim-r0,beam_http,small,1,2.958848129607844,INSUFFICIENT,"{""contract_version"":1,""estimator"":""m0-decayed-beta-v1"",""methodology_hash"":""sha256:0da0241b9ce652df77f7b9ee40a713f7bfa93e3c62207c28e290da3d1c9a3f86"",""context"":{""source"":""sim"",""regime_id"":""sim-r0"",""region"":""synthetic-local"",""as_of_utc"":""2026-10-05T00:01:34.750Z""},""config"":{""route"":""beam_http"",""tip_lamports"":""500000"",""cu_price_micro_lamports"":""0"",""cu_limit"":25000,""fee_bucket"":""zero"",""tip_tier"":""x5"",""size_class"":""small""},""horizon_slots"":1,""half_life_s"":3600.0,""alpha"":3.958848129607844,""beta"":1.0,""p_hat"":0.7983402649439313,""p_interval_95"":[0.39384168856635526,0.9936251599819146],""n_effective"":2.958848129607844,""assignments"":3,""resolved"":3,""unresolved"":0,""unresolved_share"":0.0,""data_age_s"":60.5,""observation_window"":[""2026-10-05T00:00:06.750+00:00"",""2026-10-05T00:00:34.250+00:00""],""evidence"":""INSUFFICIENT"",""samples_needed"":28,""insufficient_reasons"":[""discounted_sample_mass_below_30""]}"
sim,sha256:c57a693ce88f66ca546154340566afb46d6fcffa70bb78b417e10607a4765ac4,2026-10-05T00:01:34.750Z,synthetic-local,sim-r0,beam_http,medium,2,0.9921846588343373,INSUFFICIENT,"{""contract_version"":1,""estimator"":""m0-decayed-beta-v1"",""methodology_hash"":""sha256:0da0241b9ce652df77f7b9ee40a713f7bfa93e3c62207c28e290da3d1c9a3f86"",""context"":{""source"":""sim"",""regime_id"":""sim-r0"",""region"":""synthetic-local"",""as_of_utc"":""2026-10-05T00:01:34.750Z""},""config"":{""route"":""beam_http"",""tip_lamports"":""1000000"",""cu_price_micro_lamports"":""1000"",""cu_limit"":100000,""fee_bucket"":""local_median"",""tip_tier"":""x10"",""size_class"":""medium""},""horizon_slots"":2,""half_life_s"":3600.0,""alpha"":1.9921846588343373,""beta"":1.0,""p_hat"":0.6657960273115066,""p_interval_95"":[0.15697394154975158,0.9873718479291131],""n_effective"":0.9921846588343373,""assignments"":1,""resolved"":1,""unresolved"":0,""unresolved_share"":0.0,""data_age_s"":40.75,""observation_window"":[""2026-10-05T00:00:54+00:00"",""2026-10-05T00:00:54+00:00""],""evidence"":""INSUFFICIENT"",""samples_needed"":30,""insufficient_reasons"":[""discounted_sample_mass_below_30""]}"
sim,sha256:c6c0520ad7f9e996765b986ab4188b73bc2fd870e273f1c050ab8665512d29cb,2026-10-05T00:01:34.750Z,synthetic-local,sim-r0,beam_quic,large,1,1.9795550920090568,INSUFFICIENT,"{""contract_version"":1,""estimator"":""m0-decayed-beta-v1"",""methodology_hash"":""sha256:0da0241b9ce652df77f7b9ee40a713f7bfa93e3c62207c28e290da3d1c9a3f86"",""context"":{""source"":""sim"",""regime_id"":""sim-r0"",""region"":""synthetic-local"",""as_of_utc"":""2026-10-05T00:01:34.750Z""},""config"":{""route"":""beam_quic"",""tip_lamports"":""100000"",""cu_price_micro_lamports"":""1000"",""cu_limit"":300000,""fee_bucket"":""local_median"",""tip_tier"":""x1"",""size_class"":""large""},""horizon_slots"":1,""half_life_s"":3600.0,""alpha"":1.0,""beta"":2.9795550920090568,""p_hat"":0.2512843714635335,""p_interval_95"":[0.008461178355090783,0.7100549485995198],""n_effective"":1.9795550920090568,""assignments"":2,""resolved"":2,""unresolved"":0,""unresolved_share"":0.0,""data_age_s"":43.5,""observation_window"":[""2026-10-05T00:00:31.500+00:00"",""2026-10-05T00:00:51.250+00:00""],""evidence"":""INSUFFICIENT"",""samples_needed"":29,""insufficient_reasons"":[""discounted_sample_mass_below_30""]}"
sim,sha256:c8b38cfa9cfbf5296c0ed315e1e0dfe84b50904272a89509ec3f570545cf2927,2026-10-05T00:01:34.750Z,synthetic-local,sim-r0,beam_http,small,1,1.9827489887643868,INSUFFICIENT,"{""contract_version"":1,""estimator"":""m0-decayed-beta-v1"",""methodology_hash"":""sha256:0da0241b9ce652df77f7b9ee40a713f7bfa93e3c62207c28e290da3d1c9a3f86"",""context"":{""source"":""sim"",""regime_id"":""sim-r0"",""region"":""synthetic-local"",""as_of_utc"":""2026-10-05T00:01:34.750Z""},""config"":{""route"":""beam_http"",""tip_lamports"":""1000000"",""cu_price_micro_lamports"":""0"",""cu_limit"":25000,""fee_bucket"":""zero"",""tip_tier"":""x10"",""size_class"":""small""},""horizon_slots"":1,""half_life_s"":3600.0,""alpha"":2.9827489887643868,""beta"":1.0,""p_hat"":0.7489171416975888,""p_interval_95"":[0.2903296881852623,0.9915478433898846],""n_effective"":1.9827489887643868,""assignments"":2,""resolved"":2,""unresolved"":0,""unresolved_share"":0.0,""data_age_s"":36.25,""observation_window"":[""2026-10-05T00:00:41+00:00"",""2026-10-05T00:00:58.500+00:00""],""evidence"":""INSUFFICIENT"",""samples_needed"":29,""insufficient_reasons"":[""discounted_sample_mass_below_30""]}"
sim,sha256:ca566ae652e4c1a051c7616841e023ccf44bb828dc3f2f014c958dd378b2cc98,2026-10-05T00:01:34.750Z,synthetic-local,sim-r0,beam_http,medium,4,5.935121371875396,INSUFFICIENT,"{""contract_version"":1,""estimator"":""m0-decayed-beta-v1"",""methodology_hash"":""sha256:0da0241b9ce652df77f7b9ee40a713f7bfa93e3c62207c28e290da3d1c9a3f86"",""context"":{""source"":""sim"",""regime_id"":""sim-r0"",""region"":""synthetic-local"",""as_of_utc"":""2026-10-05T00:01:34.750Z""},""config"":{""route"":""beam_http"",""tip_lamports"":""100000"",""cu_price_micro_lamports"":""0"",""cu_limit"":100000,""fee_bucket"":""zero"",""tip_tier"":""x1"",""size_class"":""medium""},""horizon_slots"":4,""half_life_s"":3600.0,""alpha"":6.935121371875396,""beta"":1.0,""p_hat"":0.8739779830533759,""p_interval_95"":[0.5874801938102068,0.9963559901274934],""n_effective"":5.935121371875396,""assignments"":6,""resolved"":6,""unresolved"":0,""unresolved_share"":0.0,""data_age_s"":37.5,""observation_window"":[""2026-10-05T00:00:06+00:00"",""2026-10-05T00:00:57.250+00:00""],""evidence"":""INSUFFICIENT"",""samples_needed"":25,""insufficient_reasons"":[""discounted_sample_mass_below_30""]}"
sim,sha256:cad133cfccec4b6e4888d3e9a7dc8f37a1ad1fa8974cf4ec1c90814fac1c9cd5,2026-10-05T00:01:34.750Z,synthetic-local,sim-r0,beam_http,medium,1,1.9810766938430593,INSUFFICIENT,"{""contract_version"":1,""estimator"":""m0-decayed-beta-v1"",""methodology_hash"":""sha256:0da0241b9ce652df77f7b9ee40a713f7bfa93e3c62207c28e290da3d1c9a3f86"",""context"":{""source"":""sim"",""regime_id"":""sim-r0"",""region"":""synthetic-local"",""as_of_utc"":""2026-10-05T00:01:34.750Z""},""config"":{""route"":""beam_http"",""tip_lamports"":""1000000"",""cu_price_micro_lamports"":""5000"",""cu_limit"":100000,""fee_bucket"":""local_p90"",""tip_tier"":""x10"",""size_class"":""medium""},""horizon_slots"":1,""half_life_s"":3600.0,""alpha"":2.9810766938430593,""beta"":1.0,""p_hat"":0.74881167158961,""p_interval_95"":[0.2901283351023668,0.9915431220881519],""n_effective"":1.9810766938430593,""assignments"":2,""resolved"":2,""unresolved"":0,""unresolved_share"":0.0,""data_age_s"":48.75,""observation_window"":[""2026-10-05T00:00:44.750+00:00"",""2026-10-05T00:00:46+00:00""],""evidence"":""INSUFFICIENT"",""samples_needed"":29,""insufficient_reasons"":[""discounted_sample_mass_below_30""]}"
sim,sha256:cb3ebd8c77b543dde02932b003846874b13ec7a62be2f206b3111e45c117023a,2026-10-05T00:01:34.750Z,synthetic-local,sim-r0,rpc,small,2,1.9761720210843565,INSUFFICIENT,"{""contract_version"":1,""estimator"":""m0-decayed-beta-v1"",""methodology_hash"":""sha256:0da0241b9ce652df77f7b9ee40a713f7bfa93e3c62207c28e290da3d1c9a3f86"",""context"":{""source"":""sim"",""regime_id"":""sim-r0"",""region"":""synthetic-local"",""as_of_utc"":""2026-10-05T00:01:34.750Z""},""config"":{""route"":""rpc"",""tip_lamports"":""0"",""cu_price_micro_lamports"":""1000"",""cu_limit"":25000,""fee_bucket"":""local_median"",""tip_tier"":""none"",""size_class"":""small""},""horizon_slots"":2,""half_life_s"":3600.0,""alpha"":1.9875628314691303,""beta"":1.988609189615226,""p_hat"":0.4998684214188235,""p_interval_95"":[0.0934876553533498,0.9063687861259313],""n_effective"":1.9761720210843565,""assignments"":2,""resolved"":2,""unresolved"":0,""unresolved_share"":0.0,""data_age_s"":59.5,""observation_window"":[""2026-10-05T00:00:29.750+00:00"",""2026-10-05T00:00:35.250+00:00""],""evidence"":""INSUFFICIENT"",""samples_needed"":29,""insufficient_reasons"":[""discounted_sample_mass_below_30""]}"
sim,sha256:cc98c33ad3197dc339037f484684e3c865711e77f582654dfb71710c24f55f1c,2026-10-05T00:01:34.750Z,synthetic-local,sim-r0,beam_quic,small,2,5.938014817277222,INSUFFICIENT,"{""contract_version"":1,""estimator"":""m0-decayed-beta-v1"",""methodology_hash"":""sha256:0da0241b9ce652df77f7b9ee40a713f7bfa93e3c62207c28e290da3d1c9a3f86"",""context"":{""source"":""sim"",""regime_id"":""sim-r0"",""region"":""synthetic-local"",""as_of_utc"":""2026-10-05T00:01:34.750Z""},""config"":{""route"":""beam_quic"",""tip_lamports"":""500000"",""cu_price_micro_lamports"":""5000"",""cu_limit"":25000,""fee_bucket"":""local_p90"",""tip_tier"":""x5"",""size_class"":""small""},""horizon_slots"":2,""half_life_s"":3600.0,""alpha"":5.949024858979575,""beta"":1.9889899582976467,""p_hat"":0.7494348393040818,""p_interval_95"":[0.4193405744294022,0.963504458232346],""n_effective"":5.938014817277222,""assignments"":6,""resolved"":6,""unresolved"":0,""unresolved_share"":0.0,""data_age_s"":34.5,""observation_window"":[""2026-10-05T00:00:11.500+00:00"",""2026-10-05T00:01:00.250+00:00""],""evidence"":""INSUFFICIENT"",""samples_needed"":25,""insufficient_reasons"":[""discounted_sample_mass_below_30""]}"
sim,sha256:cddf28443746ea52929a8e966656be81841557bd93e3f4f621a6e25ef2d0c2db,2026-10-05T00:01:34.750Z,synthetic-local,sim-r0,beam_quic,medium,4,1.9758522358561228,INSUFFICIENT,"{""contract_version"":1,""estimator"":""m0-decayed-beta-v1"",""methodology_hash"":""sha256:0da0241b9ce652df77f7b9ee40a713f7bfa93e3c62207c28e290da3d1c9a3f86"",""context"":{""source"":""sim"",""regime_id"":""sim-r0"",""region"":""synthetic-local"",""as_of_utc"":""2026-10-05T00:01:34.750Z""},""config"":{""route"":""beam_quic"",""tip_lamports"":""200000"",""cu_price_micro_lamports"":""1000"",""cu_limit"":100000,""fee_bucket"":""local_median"",""tip_tier"":""x2"",""size_class"":""medium""},""horizon_slots"":4,""half_life_s"":3600.0,""alpha"":2.975852235856123,""beta"":1.0,""p_hat"":0.7484815982391083,""p_interval_95"":[0.28949872790970566,0.9915283381138311],""n_effective"":1.9758522358561228,""assignments"":2,""resolved"":2,""unresolved"":0,""unresolved_share"":0.0,""data_age_s"":44.0,""observation_window"":[""2026-10-05T00:00:12.500+00:00"",""2026-10-05T00:00:50.750+00:00""],""evidence"":""INSUFFICIENT"",""samples_needed"":29,""insufficient_reasons"":[""discounted_sample_mass_below_30""]}"
sim,sha256:cfb261994b96129e779002d38791dbce8be3b008b0f362ff120e3aa0a81c4982,2026-10-05T00:01:34.750Z,synthetic-local,sim-r0,beam_quic,small,1,4.939023804306913,INSUFFICIENT,"{""contract_version"":1,""estimator"":""m0-decayed-beta-v1"",""methodology_hash"":""sha256:0da0241b9ce652df77f7b9ee40a713f7bfa93e3c62207c28e290da3d1c9a3f86"",""context"":{""source"":""sim"",""regime_id"":""sim-r0"",""region"":""synthetic-local"",""as_of_utc"":""2026-10-05T00:01:34.750Z""},""config"":{""route"":""beam_quic"",""tip_lamports"":""500000"",""cu_price_micro_lamports"":""1000"",""cu_limit"":25000,""fee_bucket"":""local_median"",""tip_tier"":""x5"",""size_class"":""small""},""horizon_slots"":1,""half_life_s"":3600.0,""alpha"":5.939023804306913,""beta"":1.0,""p_hat"":0.8558875097993871,""p_interval_95"":[0.5373392923950178,0.995746115684343],""n_effective"":4.939023804306913,""assignments"":5,""resolved"":5,""unresolved"":0,""unresolved_share"":0.0,""data_age_s"":38.5,""observation_window"":[""2026-10-05T00:00:13+00:00"",""2026-10-05T00:00:56.250+00:00""],""evidence"":""INSUFFICIENT"",""samples_needed"":26,""insufficient_reasons"":[""discounted_sample_mass_below_30""]}"
sim,sha256:d0523231a6b18874af9afedf59db97fa68a24c54b5c86b65131c1a54a4a078cd,2026-10-05T00:01:34.750Z,synthetic-local,sim-r0,beam_quic,large,1,1.9737477901856146,INSUFFICIENT,"{""contract_version"":1,""estimator"":""m0-decayed-beta-v1"",""methodology_hash"":""sha256:0da0241b9ce652df77f7b9ee40a713f7bfa93e3c62207c28e290da3d1c9a3f86"",""context"":{""source"":""sim"",""regime_id"":""sim-r0"",""region"":""synthetic-local"",""as_of_utc"":""2026-10-05T00:01:34.750Z""},""config"":{""route"":""beam_quic"",""tip_lamports"":""200000"",""cu_price_micro_lamports"":""1000"",""cu_limit"":300000,""fee_bucket"":""local_median"",""tip_tier"":""x2"",""size_class"":""large""},""horizon_slots"":1,""half_life_s"":3600.0,""alpha"":1.9864226128915865,""beta"":1.9873251772940281,""p_hat"":0.4998864341108071,""p_interval_95"":[0.09342206346783727,0.9064540865736983],""n_effective"":1.9737477901856146,""assignments"":2,""resolved"":2,""unresolved"":0,""unresolved_share"":0.0,""data_age_s"":66.25,""observation_window"":[""2026-10-05T00:00:23.750+00:00"",""2026-10-05T00:00:28.500+00:00""],""evidence"":""INSUFFICIENT"",""samples_needed"":29,""insufficient_reasons"":[""discounted_sample_mass_below_30""]}"
sim,sha256:d1886df265b44102023e8a13b708f88eb4ed55b3742dc5fc560aa231f5aae441,2026-10-05T00:01:34.750Z,synthetic-local,sim-r0,beam_http,medium,4,2.9581394664699374,INSUFFICIENT,"{""contract_version"":1,""estimator"":""m0-decayed-beta-v1"",""methodology_hash"":""sha256:0da0241b9ce652df77f7b9ee40a713f7bfa93e3c62207c28e290da3d1c9a3f86"",""context"":{""source"":""sim"",""regime_id"":""sim-r0"",""region"":""synthetic-local"",""as_of_utc"":""2026-10-05T00:01:34.750Z""},""config"":{""route"":""beam_http"",""tip_lamports"":""100000"",""cu_price_micro_lamports"":""1000"",""cu_limit"":100000,""fee_bucket"":""local_median"",""tip_tier"":""x1"",""size_class"":""medium""},""horizon_slots"":4,""half_life_s"":3600.0,""alpha"":2.975886403437288,""beta"":1.9822530630326494,""p_hat"":0.6002022378680767,""p_interval_95"":[0.1929220247731806,0.933294683769526],""n_effective"":2.9581394664699374,""assignments"":3,""resolved"":3,""unresolved"":0,""unresolved_share"":0.0,""data_age_s"":62.5,""observation_window"":[""2026-10-05T00:00:01.750+00:00"",""2026-10-05T00:00:32.250+00:00""],""evidence"":""INSUFFICIENT"",""samples_needed"":28,""insufficient_reasons"":[""discounted_sample_mass_below_30""]}"
sim,sha256:d1fef4f8773481f46cd77fc2c03c66ad81f5a339fed0e156404cd04a5485972f,2026-10-05T00:01:34.750Z,synthetic-local,sim-r0,beam_quic,large,2,1.9737477901856146,INSUFFICIENT,"{""contract_version"":1,""estimator"":""m0-decayed-beta-v1"",""methodology_hash"":""sha256:0da0241b9ce652df77f7b9ee40a713f7bfa93e3c62207c28e290da3d1c9a3f86"",""context"":{""source"":""sim"",""regime_id"":""sim-r0"",""region"":""synthetic-local"",""as_of_utc"":""2026-10-05T00:01:34.750Z""},""config"":{""route"":""beam_quic"",""tip_lamports"":""200000"",""cu_price_micro_lamports"":""1000"",""cu_limit"":300000,""fee_bucket"":""local_median"",""tip_tier"":""x2"",""size_class"":""large""},""horizon_slots"":2,""half_life_s"":3600.0,""alpha"":2.9737477901856146,""beta"":1.0,""p_hat"":0.748348397331656,""p_interval_95"":[0.28924488042128726,0.9915223684187555],""n_effective"":1.9737477901856146,""assignments"":2,""resolved"":2,""unresolved"":0,""unresolved_share"":0.0,""data_age_s"":66.25,""observation_window"":[""2026-10-05T00:00:23.750+00:00"",""2026-10-05T00:00:28.500+00:00""],""evidence"":""INSUFFICIENT"",""samples_needed"":29,""insufficient_reasons"":[""discounted_sample_mass_below_30""]}"
sim,sha256:d27b1f3cdbaef3a62bb2fd680edb97c75d733edb6331deb5c5dfee23d1e07c65,2026-10-05T00:01:34.750Z,synthetic-local,sim-r0,beam_quic,large,2,3.9443795382225693,INSUFFICIENT,"{""contract_version"":1,""estimator"":""m0-decayed-beta-v1"",""methodology_hash"":""sha256:0da0241b9ce652df77f7b9ee40a713f7bfa93e3c62207c28e290da3d1c9a3f86"",""context"":{""source"":""sim"",""regime_id"":""sim-r0"",""region"":""synthetic-local"",""as_of_utc"":""2026-10-05T00:01:34.750Z""},""config"":{""route"":""beam_quic"",""tip_lamports"":""200000"",""cu_price_micro_lamports"":""0"",""cu_limit"":300000,""fee_bucket"":""zero"",""tip_tier"":""x2"",""size_class"":""large""},""horizon_slots"":2,""half_life_s"":3600.0,""alpha"":4.944379538222569,""beta"":1.0,""p_hat"":0.8317738641064277,""p_interval_95"":[0.4742240918551909,0.9948925647638307],""n_effective"":3.9443795382225693,""assignments"":4,""resolved"":4,""unresolved"":0,""unresolved_share"":0.0,""data_age_s"":49.5,""observation_window"":[""2026-10-05T00:00:02+00:00"",""2026-10-05T00:00:45.250+00:00""],""evidence"":""INSUFFICIENT"",""samples_needed"":27,""insufficient_reasons"":[""discounted_sample_mass_below_30""]}"
sim,sha256:d485f24986d6252f0690800d669e02f716912a3268810e5258871c5377a0af18,2026-10-05T00:01:34.750Z,synthetic-local,sim-r0,beam_http,small,2,1.974150289688665,INSUFFICIENT,"{""contract_version"":1,""estimator"":""m0-decayed-beta-v1"",""methodology_hash"":""sha256:0da0241b9ce652df77f7b9ee40a713f7bfa93e3c62207c28e290da3d1c9a3f86"",""context"":{""source"":""sim"",""regime_id"":""sim-r0"",""region"":""synthetic-local"",""as_of_utc"":""2026-10-05T00:01:34.750Z""},""config"":{""route"":""beam_http"",""tip_lamports"":""1000000"",""cu_price_micro_lamports"":""5000"",""cu_limit"":25000,""fee_bucket"":""local_p90"",""tip_tier"":""x10"",""size_class"":""small""},""horizon_slots"":2,""half_life_s"":3600.0,""alpha"":2.974150289688665,""beta"":1.0,""p_hat"":0.7483738844515767,""p_interval_95"":[0.2892934422356688,0.9915235108423759],""n_effective"":1.974150289688665,""assignments"":2,""resolved"":2,""unresolved"":0,""unresolved_share"":0.0,""data_age_s"":42.75,""observation_window"":[""2026-10-05T00:00:02.250+00:00"",""2026-10-05T00:00:52+00:00""],""evidence"":""INSUFFICIENT"",""samples_needed"":29,""insufficient_reasons"":[""discounted_sample_mass_below_30""]}"
sim,sha256:d5d45c5673cb6a77cdb837bc93ac724742f240ee5aad029dd44f92652e04b38c,2026-10-05T00:01:34.750Z,synthetic-local,sim-r0,beam_http,medium,1,4.935222096837146,INSUFFICIENT,"{""contract_version"":1,""estimator"":""m0-decayed-beta-v1"",""methodology_hash"":""sha256:0da0241b9ce652df77f7b9ee40a713f7bfa93e3c62207c28e290da3d1c9a3f86"",""context"":{""source"":""sim"",""regime_id"":""sim-r0"",""region"":""synthetic-local"",""as_of_utc"":""2026-10-05T00:01:34.750Z""},""config"":{""route"":""beam_http"",""tip_lamports"":""500000"",""cu_price_micro_lamports"":""1000"",""cu_limit"":100000,""fee_bucket"":""local_median"",""tip_tier"":""x5"",""size_class"":""medium""},""horizon_slots"":1,""half_life_s"":3600.0,""alpha"":3.962661080081246,""beta"":2.9725610167559,""p_hat"":0.5713820011457807,""p_interval_95"":[0.22136998043334044,0.882878014855998],""n_effective"":4.935222096837146,""assignments"":5,""resolved"":5,""unresolved"":0,""unresolved_share"":0.0,""data_age_s"":39.75,""observation_window"":[""2026-10-05T00:00:08.750+00:00"",""2026-10-05T00:00:55+00:00""],""evidence"":""INSUFFICIENT"",""samples_needed"":26,""insufficient_reasons"":[""discounted_sample_mass_below_30""]}"
sim,sha256:d5fbab51abdb1a8e9fe06d167acf6707f63d5e73f3ce5f16685f2279b2c26b54,2026-10-05T00:01:34.750Z,synthetic-local,sim-r0,beam_quic,small,2,2.9569548764318796,INSUFFICIENT,"{""contract_version"":1,""estimator"":""m0-decayed-beta-v1"",""methodology_hash"":""sha256:0da0241b9ce652df77f7b9ee40a713f7bfa93e3c62207c28e290da3d1c9a3f86"",""context"":{""source"":""sim"",""regime_id"":""sim-r0"",""region"":""synthetic-local"",""as_of_utc"":""2026-10-05T00:01:34.750Z""},""config"":{""route"":""beam_quic"",""tip_lamports"":""1000000"",""cu_price_micro_lamports"":""0"",""cu_limit"":25000,""fee_bucket"":""zero"",""tip_tier"":""x10"",""size_class"":""small""},""horizon_slots"":2,""half_life_s"":3600.0,""alpha"":3.95695487643188,""beta"":1.0,""p_hat"":0.7982632432757143,""p_interval_95"":[0.39366613967344477,0.9936221196095809],""n_effective"":2.9569548764318796,""assignments"":3,""resolved"":3,""unresolved"":0,""unresolved_share"":0.0,""data_age_s"":54.25,""observation_window"":[""2026-10-05T00:00:04.500+00:00"",""2026-10-05T00:00:40.500+00:00""],""evidence"":""INSUFFICIENT"",""samples_needed"":28,""insufficient_reasons"":[""discounted_sample_mass_below_30""]}"
sim,sha256:d6a346def34fab06c99ffde502abdd3649ed03e72074bf96cf594cc220eef27e,2026-10-05T00:01:34.750Z,synthetic-local,sim-r0,beam_quic,medium,4,0.9910391039953872,INSUFFICIENT,"{""contract_version"":1,""estimator"":""m0-decayed-beta-v1"",""methodology_hash"":""sha256:0da0241b9ce652df77f7b9ee40a713f7bfa93e3c62207c28e290da3d1c9a3f86"",""context"":{""source"":""sim"",""regime_id"":""sim-r0"",""region"":""synthetic-local"",""as_of_utc"":""2026-10-05T00:01:34.750Z""},""config"":{""route"":""beam_quic"",""tip_lamports"":""200000"",""cu_price_micro_lamports"":""0"",""cu_limit"":100000,""fee_bucket"":""zero"",""tip_tier"":""x2"",""size_class"":""medium""},""horizon_slots"":4,""half_life_s"":3600.0,""alpha"":1.9910391039953872,""beta"":1.0,""p_hat"":0.6656680286579288,""p_interval_95"":[0.15680679508013273,0.9873646283520334],""n_effective"":0.9910391039953872,""assignments"":1,""resolved"":1,""unresolved"":0,""unresolved_share"":0.0,""data_age_s"":46.75,""observation_window"":[""2026-10-05T00:00:48+00:00"",""2026-10-05T00:00:48+00:00""],""evidence"":""INSUFFICIENT"",""samples_needed"":30,""insufficient_reasons"":[""discounted_sample_mass_below_30""]}"
sim,sha256:d78f3cc888347f1b1d806dc8270eac2a568f39621ebc69a76ee62c7caa74776c,2026-10-05T00:01:34.750Z,synthetic-local,sim-r0,beam_http,medium,4,2.9631382148357224,INSUFFICIENT,"{""contract_version"":1,""estimator"":""m0-decayed-beta-v1"",""methodology_hash"":""sha256:0da0241b9ce652df77f7b9ee40a713f7bfa93e3c62207c28e290da3d1c9a3f86"",""context"":{""source"":""sim"",""regime_id"":""sim-r0"",""region"":""synthetic-local"",""as_of_utc"":""2026-10-05T00:01:34.750Z""},""config"":{""route"":""beam_http"",""tip_lamports"":""500000"",""cu_price_micro_lamports"":""5000"",""cu_limit"":100000,""fee_bucket"":""local_p90"",""tip_tier"":""x5"",""size_class"":""medium""},""horizon_slots"":4,""half_life_s"":3600.0,""alpha"":3.9631382148357224,""beta"":1.0,""p_hat"":0.7985145775286253,""p_interval_95"":[0.3942391482276212,0.9936320387084572],""n_effective"":2.9631382148357224,""assignments"":3,""resolved"":3,""unresolved"":0,""unresolved_share"":0.0,""data_age_s"":45.0,""observation_window"":[""2026-10-05T00:00:03+00:00"",""2026-10-05T00:00:49.750+00:00""],""evidence"":""INSUFFICIENT"",""samples_needed"":28,""insufficient_reasons"":[""discounted_sample_mass_below_30""]}"
sim,sha256:d81e4bf2930ab6d0779b2f3619bdce9a5d96e17b153bd84aad1393e550ff74a0,2026-10-05T00:01:34.750Z,synthetic-local,sim-r0,beam_quic,small,4,4.939023804306913,INSUFFICIENT,"{""contract_version"":1,""estimator"":""m0-decayed-beta-v1"",""methodology_hash"":""sha256:0da0241b9ce652df77f7b9ee40a713f7bfa93e3c62207c28e290da3d1c9a3f86"",""context"":{""source"":""sim"",""regime_id"":""sim-r0"",""region"":""synthetic-local"",""as_of_utc"":""2026-10-05T00:01:34.750Z""},""config"":{""route"":""beam_quic"",""tip_lamports"":""500000"",""cu_price_micro_lamports"":""1000"",""cu_limit"":25000,""fee_bucket"":""local_median"",""tip_tier"":""x5"",""size_class"":""small""},""horizon_slots"":4,""half_life_s"":3600.0,""alpha"":5.939023804306913,""beta"":1.0,""p_hat"":0.8558875097993871,""p_interval_95"":[0.5373392923950178,0.995746115684343],""n_effective"":4.939023804306913,""assignments"":5,""resolved"":5,""unresolved"":0,""unresolved_share"":0.0,""data_age_s"":38.5,""observation_window"":[""2026-10-05T00:00:13+00:00"",""2026-10-05T00:00:56.250+00:00""],""evidence"":""INSUFFICIENT"",""samples_needed"":26,""insufficient_reasons"":[""discounted_sample_mass_below_30""]}"
sim,sha256:da13a3e5f3883cb414d8a33a39f00c479ed2f6e0009e60cba5581c56d1c5eac9,2026-10-05T00:01:34.750Z,synthetic-local,sim-r0,beam_http,medium,1,5.935121371875397,INSUFFICIENT,"{""contract_version"":1,""estimator"":""m0-decayed-beta-v1"",""methodology_hash"":""sha256:0da0241b9ce652df77f7b9ee40a713f7bfa93e3c62207c28e290da3d1c9a3f86"",""context"":{""source"":""sim"",""regime_id"":""sim-r0"",""region"":""synthetic-local"",""as_of_utc"":""2026-10-05T00:01:34.750Z""},""config"":{""route"":""beam_http"",""tip_lamports"":""100000"",""cu_price_micro_lamports"":""0"",""cu_limit"":100000,""fee_bucket"":""zero"",""tip_tier"":""x1"",""size_class"":""medium""},""horizon_slots"":1,""half_life_s"":3600.0,""alpha"":4.956228357424403,""beta"":2.978893014450993,""p_hat"":0.6245938940506769,""p_interval_95"":[0.2888015948991761,0.9015435428006355],""n_effective"":5.935121371875397,""assignments"":6,""resolved"":6,""unresolved"":0,""unresolved_share"":0.0,""data_age_s"":37.5,""observation_window"":[""2026-10-05T00:00:06+00:00"",""2026-10-05T00:00:57.250+00:00""],""evidence"":""INSUFFICIENT"",""samples_needed"":25,""insufficient_reasons"":[""discounted_sample_mass_below_30""]}"
sim,sha256:ddfee2b05bda0cb53ea8e0381811efaf9bb1bcfe5e8ed45ce00256c57524c4b4,2026-10-05T00:01:34.750Z,synthetic-local,sim-r0,beam_http,large,1,3.9483259951110474,INSUFFICIENT,"{""contract_version"":1,""estimator"":""m0-decayed-beta-v1"",""methodology_hash"":""sha256:0da0241b9ce652df77f7b9ee40a713f7bfa93e3c62207c28e290da3d1c9a3f86"",""context"":{""source"":""sim"",""regime_id"":""sim-r0"",""region"":""synthetic-local"",""as_of_utc"":""2026-10-05T00:01:34.750Z""},""config"":{""route"":""beam_http"",""tip_lamports"":""1000000"",""cu_price_micro_lamports"":""0"",""cu_limit"":300000,""fee_bucket"":""zero"",""tip_tier"":""x10"",""size_class"":""large""},""horizon_slots"":1,""half_life_s"":3600.0,""alpha"":3.9639903648723416,""beta"":1.9843356302387058,""p_hat"":0.6664043578193867,""p_interval_95"":[0.28184260889961144,0.947791070482098],""n_effective"":3.9483259951110474,""assignments"":4,""resolved"":4,""unresolved"":0,""unresolved_share"":0.0,""data_age_s"":37.25,""observation_window"":[""2026-10-05T00:00:12.750+00:00"",""2026-10-05T00:00:57.500+00:00""],""evidence"":""INSUFFICIENT"",""samples_needed"":27,""insufficient_reasons"":[""discounted_sample_mass_below_30""]}"
sim,sha256:de20bdb101970d8380592a8294b92d603ed69b0fe9de28970e329178f4cbfef3,2026-10-05T00:01:34.750Z,synthetic-local,sim-r0,beam_http,large,2,2.9631212239545963,INSUFFICIENT,"{""contract_version"":1,""estimator"":""m0-decayed-beta-v1"",""methodology_hash"":""sha256:0da0241b9ce652df77f7b9ee40a713f7bfa93e3c62207c28e290da3d1c9a3f86"",""context"":{""source"":""sim"",""regime_id"":""sim-r0"",""region"":""synthetic-local"",""as_of_utc"":""2026-10-05T00:01:34.750Z""},""config"":{""route"":""beam_http"",""tip_lamports"":""200000"",""cu_price_micro_lamports"":""0"",""cu_limit"":300000,""fee_bucket"":""zero"",""tip_tier"":""x2"",""size_class"":""large""},""horizon_slots"":2,""half_life_s"":3600.0,""alpha"":3.9631212239545963,""beta"":1.0,""p_hat"":0.7985138877580742,""p_interval_95"":[0.39423757499598555,0.9936320114945432],""n_effective"":2.9631212239545963,""assignments"":3,""resolved"":3,""unresolved"":0,""unresolved_share"":0.0,""data_age_s"":51.0,""observation_window"":[""2026-10-05T00:00:22.750+00:00"",""2026-10-05T00:00:43.750+00:00""],""evidence"":""INSUFFICIENT"",""samples_needed"":28,""insufficient_reasons"":[""discounted_sample_mass_below_30""]}"
sim,sha256:de225f1be9c2f0c10c3edb934ce617d0ab5063e097f62d7e2d8642c8447a2e8b,2026-10-05T00:01:34.750Z,synthetic-local,sim-r0,beam_quic,small,1,4.930396048644381,INSUFFICIENT,"{""contract_version"":1,""estimator"":""m0-decayed-beta-v1"",""methodology_hash"":""sha256:0da0241b9ce652df77f7b9ee40a713f7bfa93e3c62207c28e290da3d1c9a3f86"",""context"":{""source"":""sim"",""regime_id"":""sim-r0"",""region"":""synthetic-local"",""as_of_utc"":""2026-10-05T00:01:34.750Z""},""config"":{""route"":""beam_quic"",""tip_lamports"":""100000"",""cu_price_micro_lamports"":""1000"",""cu_limit"":25000,""fee_bucket"":""local_median"",""tip_tier"":""x1"",""size_class"":""small""},""horizon_slots"":1,""half_life_s"":3600.0,""alpha"":5.930396048644381,""beta"":1.0,""p_hat"":0.8557081019640134,""p_interval_95"":[0.5368539525702836,0.9957399401797413],""n_effective"":4.930396048644381,""assignments"":5,""resolved"":5,""unresolved"":0,""unresolved_share"":0.0,""data_age_s"":44.25,""observation_window"":[""2026-10-05T00:00:00+00:00"",""2026-10-05T00:00:50.500+00:00""],""evidence"":""INSUFFICIENT"",""samples_needed"":26,""insufficient_reasons"":[""discounted_sample_mass_below_30""]}"
sim,sha256:e05a282e62ff551b707f51f6a26e9fdbe8812f85c5b1d2bf80277e81772a0d35,2026-10-05T00:01:34.750Z,synthetic-local,sim-r0,beam_quic,medium,2,0.9879431971405159,INSUFFICIENT,"{""contract_version"":1,""estimator"":""m0-decayed-beta-v1"",""methodology_hash"":""sha256:0da0241b9ce652df77f7b9ee40a713f7bfa93e3c62207c28e290da3d1c9a3f86"",""context"":{""source"":""sim"",""regime_id"":""sim-r0"",""region"":""synthetic-local"",""as_of_utc"":""2026-10-05T00:01:34.750Z""},""config"":{""route"":""beam_quic"",""tip_lamports"":""100000"",""cu_price_micro_lamports"":""0"",""cu_limit"":100000,""fee_bucket"":""zero"",""tip_tier"":""x1"",""size_class"":""medium""},""horizon_slots"":2,""half_life_s"":3600.0,""alpha"":1.987943197140516,""beta"":1.0,""p_hat"":0.6653216162352057,""p_interval_95"":[0.15635500460357704,0.9873450757981337],""n_effective"":0.9879431971405159,""assignments"":1,""resolved"":1,""unresolved"":0,""unresolved_share"":0.0,""data_age_s"":63.0,""observation_window"":[""2026-10-05T00:00:31.750+00:00"",""2026-10-05T00:00:31.750+00:00""],""evidence"":""INSUFFICIENT"",""samples_needed"":30,""insufficient_reasons"":[""discounted_sample_mass_below_30""]}"
sim,sha256:e0bff52faaa47de399bd220913cf82efa1c1c68db623a81fd6426810a2556bff,2026-10-05T00:01:34.750Z,synthetic-local,sim-r0,beam_http,small,2,2.958848129607844,INSUFFICIENT,"{""contract_version"":1,""estimator"":""m0-decayed-beta-v1"",""methodology_hash"":""sha256:0da0241b9ce652df77f7b9ee40a713f7bfa93e3c62207c28e290da3d1c9a3f86"",""context"":{""source"":""sim"",""regime_id"":""sim-r0"",""region"":""synthetic-local"",""as_of_utc"":""2026-10-05T00:01:34.750Z""},""config"":{""route"":""beam_http"",""tip_lamports"":""500000"",""cu_price_micro_lamports"":""0"",""cu_limit"":25000,""fee_bucket"":""zero"",""tip_tier"":""x5"",""size_class"":""small""},""horizon_slots"":2,""half_life_s"":3600.0,""alpha"":3.958848129607844,""beta"":1.0,""p_hat"":0.7983402649439313,""p_interval_95"":[0.39384168856635526,0.9936251599819146],""n_effective"":2.958848129607844,""assignments"":3,""resolved"":3,""unresolved"":0,""unresolved_share"":0.0,""data_age_s"":60.5,""observation_window"":[""2026-10-05T00:00:06.750+00:00"",""2026-10-05T00:00:34.250+00:00""],""evidence"":""INSUFFICIENT"",""samples_needed"":28,""insufficient_reasons"":[""discounted_sample_mass_below_30""]}"
sim,sha256:e0dd7c2b4e80927767913d01604a476145143333f8c22e3202ca68cdd3bc1837,2026-10-05T00:01:34.750Z,synthetic-local,sim-r0,beam_http,medium,1,2.9581394664699374,INSUFFICIENT,"{""contract_version"":1,""estimator"":""m0-decayed-beta-v1"",""methodology_hash"":""sha256:0da0241b9ce652df77f7b9ee40a713f7bfa93e3c62207c28e290da3d1c9a3f86"",""context"":{""source"":""sim"",""regime_id"":""sim-r0"",""region"":""synthetic-local"",""as_of_utc"":""2026-10-05T00:01:34.750Z""},""config"":{""route"":""beam_http"",""tip_lamports"":""100000"",""cu_price_micro_lamports"":""1000"",""cu_limit"":100000,""fee_bucket"":""local_median"",""tip_tier"":""x1"",""size_class"":""medium""},""horizon_slots"":1,""half_life_s"":3600.0,""alpha"":1.98784809199049,""beta"":2.970291374479447,""p_hat"":0.4009262154551261,""p_interval_95"":[0.06723536831079044,0.8079765941925865],""n_effective"":2.9581394664699374,""assignments"":3,""resolved"":3,""unresolved"":0,""unresolved_share"":0.0,""data_age_s"":62.5,""observation_window"":[""2026-10-05T00:00:01.750+00:00"",""2026-10-05T00:00:32.250+00:00""],""evidence"":""INSUFFICIENT"",""samples_needed"":28,""insufficient_reasons"":[""discounted_sample_mass_below_30""]}"
sim,sha256:e47bde09746086f5294ca855b9c71e95551fff1aa5fd9293be1a6058cf764fa2,2026-10-05T00:01:34.750Z,synthetic-local,sim-r0,rpc,small,2,2.957471438585392,INSUFFICIENT,"{""contract_version"":1,""estimator"":""m0-decayed-beta-v1"",""methodology_hash"":""sha256:0da0241b9ce652df77f7b9ee40a713f7bfa93e3c62207c28e290da3d1c9a3f86"",""context"":{""source"":""sim"",""regime_id"":""sim-r0"",""region"":""synthetic-local"",""as_of_utc"":""2026-10-05T00:01:34.750Z""},""config"":{""route"":""rpc"",""tip_lamports"":""0"",""cu_price_micro_lamports"":""0"",""cu_limit"":25000,""fee_bucket"":""zero"",""tip_tier"":""none"",""size_class"":""small""},""horizon_slots"":2,""half_life_s"":3600.0,""alpha"":3.9574714385853924,""beta"":1.0,""p_hat"":0.7982842639865317,""p_interval_95"":[0.3937140459752181,0.9936229494435931],""n_effective"":2.957471438585392,""assignments"":3,""resolved"":3,""unresolved"":0,""unresolved_share"":0.0,""data_age_s"":62.0,""observation_window"":[""2026-10-05T00:00:05+00:00"",""2026-10-05T00:00:32.750+00:00""],""evidence"":""INSUFFICIENT"",""samples_needed"":28,""insufficient_reasons"":[""discounted_sample_mass_below_30""]}"
sim,sha256:e4f6fd247e293af84a53288e6c841fa138ff99970368c3afed44d2c93b128b0a,2026-10-05T00:01:34.750Z,synthetic-local,sim-r0,beam_quic,medium,4,3.953461196772734,INSUFFICIENT,"{""contract_version"":1,""estimator"":""m0-decayed-beta-v1"",""methodology_hash"":""sha256:0da0241b9ce652df77f7b9ee40a713f7bfa93e3c62207c28e290da3d1c9a3f86"",""context"":{""source"":""sim"",""regime_id"":""sim-r0"",""region"":""synthetic-local"",""as_of_utc"":""2026-10-05T00:01:34.750Z""},""config"":{""route"":""beam_quic"",""tip_lamports"":""500000"",""cu_price_micro_lamports"":""5000"",""cu_limit"":100000,""fee_bucket"":""local_p90"",""tip_tier"":""x5"",""size_class"":""medium""},""horizon_slots"":4,""half_life_s"":3600.0,""alpha"":4.953461196772734,""beta"":1.0,""p_hat"":0.8320304832855747,""p_interval_95"":[0.47487320400743604,0.9949019048079819],""n_effective"":3.953461196772734,""assignments"":4,""resolved"":4,""unresolved"":0,""unresolved_share"":0.0,""data_age_s"":37.0,""observation_window"":[""2026-10-05T00:00:07.500+00:00"",""2026-10-05T00:00:57.750+00:00""],""evidence"":""INSUFFICIENT"",""samples_needed"":27,""insufficient_reasons"":[""discounted_sample_mass_below_30""]}"
sim,sha256:e55f3328d06ffdb97f0aaa1528b49ac71c9afb2a4d86f9f450cd726888d0db02,2026-10-05T00:01:34.750Z,synthetic-local,sim-r0,beam_quic,large,4,6.912318239520038,INSUFFICIENT,"{""contract_version"":1,""estimator"":""m0-decayed-beta-v1"",""methodology_hash"":""sha256:0da0241b9ce652df77f7b9ee40a713f7bfa93e3c62207c28e290da3d1c9a3f86"",""context"":{""source"":""sim"",""regime_id"":""sim-r0"",""region"":""synthetic-local"",""as_of_utc"":""2026-10-05T00:01:34.750Z""},""config"":{""route"":""beam_quic"",""tip_lamports"":""200000"",""cu_price_micro_lamports"":""5000"",""cu_limit"":300000,""fee_bucket"":""local_p90"",""tip_tier"":""x2"",""size_class"":""large""},""horizon_slots"":4,""half_life_s"":3600.0,""alpha"":6.922661583104832,""beta"":1.989656656415207,""p_hat"":0.7767520634987607,""p_interval_95"":[0.4706951694288273,0.9682171638103279],""n_effective"":6.912318239520038,""assignments"":7,""resolved"":7,""unresolved"":0,""unresolved_share"":0.0,""data_age_s"":46.0,""observation_window"":[""2026-10-05T00:00:00.750+00:00"",""2026-10-05T00:00:48.750+00:00""],""evidence"":""INSUFFICIENT"",""samples_needed"":24,""insufficient_reasons"":[""discounted_sample_mass_below_30""]}"
sim,sha256:e6db2e302011397296e7e9ff4c897a07f27c1e5acb644ad55163eb94a94c11ff,2026-10-05T00:01:34.750Z,synthetic-local,sim-r0,beam_http,medium,1,1.975331583139699,INSUFFICIENT,"{""contract_version"":1,""estimator"":""m0-decayed-beta-v1"",""methodology_hash"":""sha256:0da0241b9ce652df77f7b9ee40a713f7bfa93e3c62207c28e290da3d1c9a3f86"",""context"":{""source"":""sim"",""regime_id"":""sim-r0"",""region"":""synthetic-local"",""as_of_utc"":""2026-10-05T00:01:34.750Z""},""config"":{""route"":""beam_http"",""tip_lamports"":""200000"",""cu_price_micro_lamports"":""1000"",""cu_limit"":100000,""fee_bucket"":""local_median"",""tip_tier"":""x2"",""size_class"":""medium""},""horizon_slots"":1,""half_life_s"":3600.0,""alpha"":2.975331583139699,""beta"":1.0,""p_hat"":0.7484486566501191,""p_interval_95"":[0.2894359371952847,0.9915268619576381],""n_effective"":1.975331583139699,""assignments"":2,""resolved"":2,""unresolved"":0,""unresolved_share"":0.0,""data_age_s"":43.75,""observation_window"":[""2026-10-05T00:00:09.500+00:00"",""2026-10-05T00:00:51+00:00""],""evidence"":""INSUFFICIENT"",""samples_needed"":29,""insufficient_reasons"":[""discounted_sample_mass_below_30""]}"
sim,sha256:e7101b82273873a7fc5e7b287b840aea5de9a8294af98c4293e79a2a8b0854fd,2026-10-05T00:01:34.750Z,synthetic-local,sim-r0,beam_quic,large,2,6.912318239520038,INSUFFICIENT,"{""contract_version"":1,""estimator"":""m0-decayed-beta-v1"",""methodology_hash"":""sha256:0da0241b9ce652df77f7b9ee40a713f7bfa93e3c62207c28e290da3d1c9a3f86"",""context"":{""source"":""sim"",""regime_id"":""sim-r0"",""region"":""synthetic-local"",""as_of_utc"":""2026-10-05T00:01:34.750Z""},""config"":{""route"":""beam_quic"",""tip_lamports"":""200000"",""cu_price_micro_lamports"":""5000"",""cu_limit"":300000,""fee_bucket"":""local_p90"",""tip_tier"":""x2"",""size_class"":""large""},""horizon_slots"":2,""half_life_s"":3600.0,""alpha"":6.922661583104832,""beta"":1.989656656415207,""p_hat"":0.7767520634987607,""p_interval_95"":[0.4706951694288273,0.9682171638103279],""n_effective"":6.912318239520038,""assignments"":7,""resolved"":7,""unresolved"":0,""unresolved_share"":0.0,""data_age_s"":46.0,""observation_window"":[""2026-10-05T00:00:00.750+00:00"",""2026-10-05T00:00:48.750+00:00""],""evidence"":""INSUFFICIENT"",""samples_needed"":24,""insufficient_reasons"":[""discounted_sample_mass_below_30""]}"
sim,sha256:e7762e78a236dcffc34628ddbe822fa6f27c01490acbc5c2ed8cf52dad851ae9,2026-10-05T00:01:34.750Z,synthetic-local,sim-r0,beam_http,small,1,3.94043123332092,INSUFFICIENT,"{""contract_version"":1,""estimator"":""m0-decayed-beta-v1"",""methodology_hash"":""sha256:0da0241b9ce652df77f7b9ee40a713f7bfa93e3c62207c28e290da3d1c9a3f86"",""context"":{""source"":""sim"",""regime_id"":""sim-r0"",""region"":""synthetic-local"",""as_of_utc"":""2026-10-05T00:01:34.750Z""},""config"":{""route"":""beam_http"",""tip_lamports"":""100000"",""cu_price_micro_lamports"":""0"",""cu_limit"":25000,""fee_bucket"":""zero"",""tip_tier"":""x1"",""size_class"":""small""},""horizon_slots"":1,""half_life_s"":3600.0,""alpha"":3.9550052317146194,""beta"":1.9854260016063008,""p_hat"":0.6657774623381383,""p_interval_95"":[0.28101081310488085,0.9476205031318725],""n_effective"":3.94043123332092,""assignments"":4,""resolved"":4,""unresolved"":0,""unresolved_share"":0.0,""data_age_s"":65.75,""observation_window"":[""2026-10-05T00:00:00.500+00:00"",""2026-10-05T00:00:29+00:00""],""evidence"":""INSUFFICIENT"",""samples_needed"":27,""insufficient_reasons"":[""discounted_sample_mass_below_30""]}"
sim,sha256:e7c2e11e3e60c86d95a696a6216ce4c83bdcece7f5b7f7abf898dbacea380175,2026-10-05T00:01:34.750Z,synthetic-local,sim-r0,beam_http,large,1,1.9696675722290022,INSUFFICIENT,"{""contract_version"":1,""estimator"":""m0-decayed-beta-v1"",""methodology_hash"":""sha256:0da0241b9ce652df77f7b9ee40a713f7bfa93e3c62207c28e290da3d1c9a3f86"",""context"":{""source"":""sim"",""regime_id"":""sim-r0"",""region"":""synthetic-local"",""as_of_utc"":""2026-10-05T00:01:34.750Z""},""config"":{""route"":""beam_http"",""tip_lamports"":""1000000"",""cu_price_micro_lamports"":""5000"",""cu_limit"":300000,""fee_bucket"":""local_p90"",""tip_tier"":""x10"",""size_class"":""large""},""horizon_slots"":1,""half_life_s"":3600.0,""alpha"":2.9696675722290022,""beta"":1.0,""p_hat"":0.7480897375397881,""p_interval_95"":[0.288752317756956,0.9915107700350658],""n_effective"":1.9696675722290022,""assignments"":2,""resolved"":2,""unresolved"":0,""unresolved_share"":0.0,""data_age_s"":74.0,""observation_window"":[""2026-10-05T00:00:10+00:00"",""2026-10-05T00:00:20.750+00:00""],""evidence"":""INSUFFICIENT"",""samples_needed"":29,""insufficient_reasons"":[""discounted_sample_mass_below_30""]}"
sim,sha256:e8043e54e0c194baece48cdb0fc27af266b66a8e962e3c3864a5b9a6f4df56fe,2026-10-05T00:01:34.750Z,synthetic-local,sim-r0,beam_quic,large,1,2.9660005937401115,INSUFFICIENT,"{""contract_version"":1,""estimator"":""m0-decayed-beta-v1"",""methodology_hash"":""sha256:0da0241b9ce652df77f7b9ee40a713f7bfa93e3c62207c28e290da3d1c9a3f86"",""context"":{""source"":""sim"",""regime_id"":""sim-r0"",""region"":""synthetic-local"",""as_of_utc"":""2026-10-05T00:01:34.750Z""},""config"":{""route"":""beam_quic"",""tip_lamports"":""1000000"",""cu_price_micro_lamports"":""5000"",""cu_limit"":300000,""fee_bucket"":""local_p90"",""tip_tier"":""x10"",""size_class"":""large""},""horizon_slots"":1,""half_life_s"":3600.0,""alpha"":2.975915108367919,""beta"":1.9900854853721925,""p_hat"":0.5992579042618736,""p_interval_95"":[0.19242580546100707,0.9327029346086104],""n_effective"":2.9660005937401115,""assignments"":3,""resolved"":3,""unresolved"":0,""unresolved_share"":0.0,""data_age_s"":35.0,""observation_window"":[""2026-10-05T00:00:03.750+00:00"",""2026-10-05T00:00:59.750+00:00""],""evidence"":""INSUFFICIENT"",""samples_needed"":28,""insufficient_reasons"":[""discounted_sample_mass_below_30""]}"
sim,sha256:e89ad729355b5cccd26d6bb79cdd207c78bb7cab0573195a82c5a44fd08ecaaa,2026-10-05T00:01:34.750Z,synthetic-local,sim-r0,beam_http,medium,2,1.975331583139699,INSUFFICIENT,"{""contract_version"":1,""estimator"":""m0-decayed-beta-v1"",""methodology_hash"":""sha256:0da0241b9ce652df77f7b9ee40a713f7bfa93e3c62207c28e290da3d1c9a3f86"",""context"":{""source"":""sim"",""regime_id"":""sim-r0"",""region"":""synthetic-local"",""as_of_utc"":""2026-10-05T00:01:34.750Z""},""config"":{""route"":""beam_http"",""tip_lamports"":""200000"",""cu_price_micro_lamports"":""1000"",""cu_limit"":100000,""fee_bucket"":""local_median"",""tip_tier"":""x2"",""size_class"":""medium""},""horizon_slots"":2,""half_life_s"":3600.0,""alpha"":2.975331583139699,""beta"":1.0,""p_hat"":0.7484486566501191,""p_interval_95"":[0.2894359371952847,0.9915268619576381],""n_effective"":1.975331583139699,""assignments"":2,""resolved"":2,""unresolved"":0,""unresolved_share"":0.0,""data_age_s"":43.75,""observation_window"":[""2026-10-05T00:00:09.500+00:00"",""2026-10-05T00:00:51+00:00""],""evidence"":""INSUFFICIENT"",""samples_needed"":29,""insufficient_reasons"":[""discounted_sample_mass_below_30""]}"
sim,sha256:e89b43d7229c78f004ddbbb29548d556c4ea9fd8722fa8e760becdac04af8d4c,2026-10-05T00:01:34.750Z,synthetic-local,sim-r0,beam_http,medium,1,5.935121371875395,INSUFFICIENT,"{""contract_version"":1,""estimator"":""m0-decayed-beta-v1"",""methodology_hash"":""sha256:0da0241b9ce652df77f7b9ee40a713f7bfa93e3c62207c28e290da3d1c9a3f86"",""context"":{""source"":""sim"",""regime_id"":""sim-r0"",""region"":""synthetic-local"",""as_of_utc"":""2026-10-05T00:01:34.750Z""},""config"":{""route"":""beam_http"",""tip_lamports"":""100000"",""cu_price_micro_lamports"":""0"",""cu_limit"":100000,""fee_bucket"":""zero"",""tip_tier"":""x1"",""size_class"":""medium""},""horizon_slots"":1,""half_life_s"":3600.0,""alpha"":4.956228357424402,""beta"":2.978893014450993,""p_hat"":0.6245938940506769,""p_interval_95"":[0.28880159489917645,0.9015435428006353],""n_effective"":5.935121371875395,""assignments"":6,""resolved"":6,""unresolved"":0,""unresolved_share"":0.0,""data_age_s"":37.5,""observation_window"":[""2026-10-05T00:00:06+00:00"",""2026-10-05T00:00:57.250+00:00""],""evidence"":""INSUFFICIENT"",""samples_needed"":25,""insufficient_reasons"":[""discounted_sample_mass_below_30""]}"
sim,sha256:e919caa415c619065a29e5ebf82edf3760ab886af0f6e8c4382c98a71884b04c,2026-10-05T00:01:34.750Z,synthetic-local,sim-r0,beam_http,large,4,1.978361310946518,INSUFFICIENT,"{""contract_version"":1,""estimator"":""m0-decayed-beta-v1"",""methodology_hash"":""sha256:0da0241b9ce652df77f7b9ee40a713f7bfa93e3c62207c28e290da3d1c9a3f86"",""context"":{""source"":""sim"",""regime_id"":""sim-r0"",""region"":""synthetic-local"",""as_of_utc"":""2026-10-05T00:01:34.750Z""},""config"":{""route"":""beam_http"",""tip_lamports"":""200000"",""cu_price_micro_lamports"":""1000"",""cu_limit"":300000,""fee_bucket"":""local_median"",""tip_tier"":""x2"",""size_class"":""large""},""horizon_slots"":4,""half_life_s"":3600.0,""alpha"":1.9884664391573659,""beta"":1.989894871789152,""p_hat"":0.49982047474825175,""p_interval_95"":[0.09352957690453159,0.9062744728014696],""n_effective"":1.978361310946518,""assignments"":2,""resolved"":2,""unresolved"":0,""unresolved_share"":0.0,""data_age_s"":52.75,""observation_window"":[""2026-10-05T00:00:34.500+00:00"",""2026-10-05T00:00:42+00:00""],""evidence"":""INSUFFICIENT"",""samples_needed"":29,""insufficient_reasons"":[""discounted_sample_mass_below_30""]}"
sim,sha256:e93daf23555b3d86a222fab2202cca582c7c3b592b8856c8d1a38877db1d97b7,2026-10-05T00:01:34.750Z,synthetic-local,sim-r0,rpc,medium,1,3.9535577922587795,INSUFFICIENT,"{""contract_version"":1,""estimator"":""m0-decayed-beta-v1"",""methodology_hash"":""sha256:0da0241b9ce652df77f7b9ee40a713f7bfa93e3c62207c28e290da3d1c9a3f86"",""context"":{""source"":""sim"",""regime_id"":""sim-r0"",""region"":""synthetic-local"",""as_of_utc"":""2026-10-05T00:01:34.750Z""},""config"":{""route"":""rpc"",""tip_lamports"":""0"",""cu_price_micro_lamports"":""0"",""cu_limit"":100000,""fee_bucket"":""zero"",""tip_tier"":""none"",""size_class"":""medium""},""horizon_slots"":1,""half_life_s"":3600.0,""alpha"":3.9620892602768847,""beta"":1.991468531981895,""p_hat"":0.6654994204354012,""p_interval_95"":[0.281122853569859,0.9473342769683062],""n_effective"":3.9535577922587795,""assignments"":4,""resolved"":4,""unresolved"":0,""unresolved_share"":0.0,""data_age_s"":44.5,""observation_window"":[""2026-10-05T00:00:02.750+00:00"",""2026-10-05T00:00:50.250+00:00""],""evidence"":""INSUFFICIENT"",""samples_needed"":27,""insufficient_reasons"":[""discounted_sample_mass_below_30""]}"
sim,sha256:e944c67147fbfe56de5894bfd84a39e8b93831ab1a0febfd99d184e2c0791e54,2026-10-05T00:01:34.750Z,synthetic-local,sim-r0,beam_quic,small,2,3.9559387004953575,INSUFFICIENT,"{""contract_version"":1,""estimator"":""m0-decayed-beta-v1"",""methodology_hash"":""sha256:0da0241b9ce652df77f7b9ee40a713f7bfa93e3c62207c28e290da3d1c9a3f86"",""context"":{""source"":""sim"",""regime_id"":""sim-r0"",""region"":""synthetic-local"",""as_of_utc"":""2026-10-05T00:01:34.750Z""},""config"":{""route"":""beam_quic"",""tip_lamports"":""100000"",""cu_price_micro_lamports"":""0"",""cu_limit"":25000,""fee_bucket"":""zero"",""tip_tier"":""x1"",""size_class"":""small""},""horizon_slots"":2,""half_life_s"":3600.0,""alpha"":4.9559387004953575,""beta"":1.0,""p_hat"":0.8321003539010854,""p_interval_95"":[0.47505002449953626,0.9949044468723509],""n_effective"":3.9559387004953575,""assignments"":4,""resolved"":4,""unresolved"":0,""unresolved_share"":0.0,""data_age_s"":37.75,""observation_window"":[""2026-10-05T00:00:07.250+00:00"",""2026-10-05T00:00:57+00:00""],""evidence"":""INSUFFICIENT"",""samples_needed"":27,""insufficient_reasons"":[""discounted_sample_mass_below_30""]}"
sim,sha256:e9e078bdbcca4d8797699c02ee9d2a87814e430001c8d14febe91cfb2b790d5c,2026-10-05T00:01:34.750Z,synthetic-local,sim-r0,beam_http,small,1,5.921460147280182,INSUFFICIENT,"{""contract_version"":1,""estimator"":""m0-decayed-beta-v1"",""methodology_hash"":""sha256:0da0241b9ce652df77f7b9ee40a713f7bfa93e3c62207c28e290da3d1c9a3f86"",""context"":{""source"":""sim"",""regime_id"":""sim-r0"",""region"":""synthetic-local"",""as_of_utc"":""2026-10-05T00:01:34.750Z""},""config"":{""route"":""beam_http"",""tip_lamports"":""100000"",""cu_price_micro_lamports"":""1000"",""cu_limit"":25000,""fee_bucket"":""local_median"",""tip_tier"":""x1"",""size_class"":""small""},""horizon_slots"":1,""half_life_s"":3600.0,""alpha"":5.935464776870667,""beta"":1.9859953704095152,""p_hat"":0.7492892303331977,""p_interval_95"":[0.41882746729615783,0.9635598669659482],""n_effective"":5.921460147280182,""assignments"":6,""resolved"":6,""unresolved"":0,""unresolved_share"":0.0,""data_age_s"":42.0,""observation_window"":[""2026-10-05T00:00:05.250+00:00"",""2026-10-05T00:00:52.750+00:00""],""evidence"":""INSUFFICIENT"",""samples_needed"":25,""insufficient_reasons"":[""discounted_sample_mass_below_30""]}"
sim,sha256:ea61d9dfb7d63174a8c6f6492052d72d597ce301628d9d9baf8d18eb8fd4973b,2026-10-05T00:01:34.750Z,synthetic-local,sim-r0,beam_quic,small,2,1.9672979359801928,INSUFFICIENT,"{""contract_version"":1,""estimator"":""m0-decayed-beta-v1"",""methodology_hash"":""sha256:0da0241b9ce652df77f7b9ee40a713f7bfa93e3c62207c28e290da3d1c9a3f86"",""context"":{""source"":""sim"",""regime_id"":""sim-r0"",""region"":""synthetic-local"",""as_of_utc"":""2026-10-05T00:01:34.750Z""},""config"":{""route"":""beam_quic"",""tip_lamports"":""100000"",""cu_price_micro_lamports"":""5000"",""cu_limit"":25000,""fee_bucket"":""local_p90"",""tip_tier"":""x1"",""size_class"":""small""},""horizon_slots"":2,""half_life_s"":3600.0,""alpha"":2.9672979359801928,""beta"":1.0,""p_hat"":0.7479392734962488,""p_interval_95"":[0.2884660204611361,0.9915040195535423],""n_effective"":1.9672979359801928,""assignments"":2,""resolved"":2,""unresolved"":0,""unresolved_share"":0.0,""data_age_s"":83.0,""observation_window"":[""2026-10-05T00:00:06.500+00:00"",""2026-10-05T00:00:11.750+00:00""],""evidence"":""INSUFFICIENT"",""samples_needed"":29,""insufficient_reasons"":[""discounted_sample_mass_below_30""]}"
sim,sha256:eaace4bca937415ebe92429e8b98ec311595f90c5f7da71fa4e59ad8fb3e141f,2026-10-05T00:01:34.750Z,synthetic-local,sim-r0,beam_http,large,1,4.943112736361109,INSUFFICIENT,"{""contract_version"":1,""estimator"":""m0-decayed-beta-v1"",""methodology_hash"":""sha256:0da0241b9ce652df77f7b9ee40a713f7bfa93e3c62207c28e290da3d1c9a3f86"",""context"":{""source"":""sim"",""regime_id"":""sim-r0"",""region"":""synthetic-local"",""as_of_utc"":""2026-10-05T00:01:34.750Z""},""config"":{""route"":""beam_http"",""tip_lamports"":""100000"",""cu_price_micro_lamports"":""5000"",""cu_limit"":300000,""fee_bucket"":""local_p90"",""tip_tier"":""x1"",""size_class"":""large""},""horizon_slots"":1,""half_life_s"":3600.0,""alpha"":1.985141440511069,""beta"":4.95797129585004,""p_hat"":0.2859151962368226,""p_interval_95"":[0.04284232790870328,0.6428417725421789],""n_effective"":4.943112736361109,""assignments"":5,""resolved"":5,""unresolved"":0,""unresolved_share"":0.0,""data_age_s"":36.5,""observation_window"":[""2026-10-05T00:00:17+00:00"",""2026-10-05T00:00:58.250+00:00""],""evidence"":""INSUFFICIENT"",""samples_needed"":26,""insufficient_reasons"":[""discounted_sample_mass_below_30""]}"
sim,sha256:eaeb80e1caa2136e987f8e6d066db6898f4de5e2b05cc41c56d25e7ceb83bef3,2026-10-05T00:01:34.750Z,synthetic-local,sim-r0,beam_quic,small,1,1.970715529648725,INSUFFICIENT,"{""contract_version"":1,""estimator"":""m0-decayed-beta-v1"",""methodology_hash"":""sha256:0da0241b9ce652df77f7b9ee40a713f7bfa93e3c62207c28e290da3d1c9a3f86"",""context"":{""source"":""sim"",""regime_id"":""sim-r0"",""region"":""synthetic-local"",""as_of_utc"":""2026-10-05T00:01:34.750Z""},""config"":{""route"":""beam_quic"",""tip_lamports"":""200000"",""cu_price_micro_lamports"":""1000"",""cu_limit"":25000,""fee_bucket"":""local_median"",""tip_tier"":""x2"",""size_class"":""small""},""horizon_slots"":1,""half_life_s"":3600.0,""alpha"":1.9829625336528873,""beta"":1.9877529959958378,""p_hat"":0.49939677593280346,""p_interval_95"":[0.09306114035297963,0.9062813814364705],""n_effective"":1.970715529648725,""assignments"":2,""resolved"":2,""unresolved"":0,""unresolved_share"":0.0,""data_age_s"":64.0,""observation_window"":[""2026-10-05T00:00:05.500+00:00"",""2026-10-05T00:00:30.750+00:00""],""evidence"":""INSUFFICIENT"",""samples_needed"":29,""insufficient_reasons"":[""discounted_sample_mass_below_30""]}"
sim,sha256:eb8bc1caaafb038476aa122572b6c59dc8341088cc8803dec55d7852171a146f,2026-10-05T00:01:34.750Z,synthetic-local,sim-r0,beam_http,large,2,4.943112736361108,INSUFFICIENT,"{""contract_version"":1,""estimator"":""m0-decayed-beta-v1"",""methodology_hash"":""sha256:0da0241b9ce652df77f7b9ee40a713f7bfa93e3c62207c28e290da3d1c9a3f86"",""context"":{""source"":""sim"",""regime_id"":""sim-r0"",""region"":""synthetic-local"",""as_of_utc"":""2026-10-05T00:01:34.750Z""},""config"":{""route"":""beam_http"",""tip_lamports"":""100000"",""cu_price_micro_lamports"":""5000"",""cu_limit"":300000,""fee_bucket"":""local_p90"",""tip_tier"":""x1"",""size_class"":""large""},""horizon_slots"":2,""half_life_s"":3600.0,""alpha"":3.9657487042649757,""beta"":2.9773640320961325,""p_hat"":0.5711773457884868,""p_interval_95"":[0.22136694098744064,0.8826240449442941],""n_effective"":4.943112736361108,""assignments"":5,""resolved"":5,""unresolved"":0,""unresolved_share"":0.0,""data_age_s"":36.5,""observation_window"":[""2026-10-05T00:00:17+00:00"",""2026-10-05T00:00:58.250+00:00""],""evidence"":""INSUFFICIENT"",""samples_needed"":26,""insufficient_reasons"":[""discounted_sample_mass_below_30""]}"
sim,sha256:ebab8964ac19b0e8de7dca112091525c88f82eda8ddc02b1eac1624f112600c7,2026-10-05T00:01:34.750Z,synthetic-local,sim-r0,beam_quic,medium,2,3.96125326696498,INSUFFICIENT,"{""contract_version"":1,""estimator"":""m0-decayed-beta-v1"",""methodology_hash"":""sha256:0da0241b9ce652df77f7b9ee40a713f7bfa93e3c62207c28e290da3d1c9a3f86"",""context"":{""source"":""sim"",""regime_id"":""sim-r0"",""region"":""synthetic-local"",""as_of_utc"":""2026-10-05T00:01:34.750Z""},""config"":{""route"":""beam_quic"",""tip_lamports"":""100000"",""cu_price_micro_lamports"":""5000"",""cu_limit"":100000,""fee_bucket"":""local_p90"",""tip_tier"":""x1"",""size_class"":""medium""},""horizon_slots"":2,""half_life_s"":3600.0,""alpha"":4.96125326696498,""beta"":1.0,""p_hat"":0.8322500395107144,""p_interval_95"":[0.4754289531820428,0.9949098913871344],""n_effective"":3.96125326696498,""assignments"":4,""resolved"":4,""unresolved"":0,""unresolved_share"":0.0,""data_age_s"":42.5,""observation_window"":[""2026-10-05T00:00:29.250+00:00"",""2026-10-05T00:00:52.250+00:00""],""evidence"":""INSUFFICIENT"",""samples_needed"":27,""insufficient_reasons"":[""discounted_sample_mass_below_30""]}"
sim,sha256:ec14c7fca9da241398946a06323c66325f5b3684d54e50284f3d533ffc72e64f,2026-10-05T00:01:34.750Z,synthetic-local,sim-r0,beam_quic,small,2,2.9569548764318796,INSUFFICIENT,"{""contract_version"":1,""estimator"":""m0-decayed-beta-v1"",""methodology_hash"":""sha256:0da0241b9ce652df77f7b9ee40a713f7bfa93e3c62207c28e290da3d1c9a3f86"",""context"":{""source"":""sim"",""regime_id"":""sim-r0"",""region"":""synthetic-local"",""as_of_utc"":""2026-10-05T00:01:34.750Z""},""config"":{""route"":""beam_quic"",""tip_lamports"":""1000000"",""cu_price_micro_lamports"":""0"",""cu_limit"":25000,""fee_bucket"":""zero"",""tip_tier"":""x10"",""size_class"":""small""},""horizon_slots"":2,""half_life_s"":3600.0,""alpha"":3.9569548764318796,""beta"":1.0,""p_hat"":0.7982632432757143,""p_interval_95"":[0.39366613967344455,0.9936221196095811],""n_effective"":2.9569548764318796,""assignments"":3,""resolved"":3,""unresolved"":0,""unresolved_share"":0.0,""data_age_s"":54.25,""observation_window"":[""2026-10-05T00:00:04.500+00:00"",""2026-10-05T00:00:40.500+00:00""],""evidence"":""INSUFFICIENT"",""samples_needed"":28,""insufficient_reasons"":[""discounted_sample_mass_below_30""]}"
sim,sha256:ed1f3027979138931422cbe7dd4df1c350f29495ee17853af827999209bda6f4,2026-10-05T00:01:34.750Z,synthetic-local,sim-r0,beam_http,small,2,3.937872396210034,INSUFFICIENT,"{""contract_version"":1,""estimator"":""m0-decayed-beta-v1"",""methodology_hash"":""sha256:0da0241b9ce652df77f7b9ee40a713f7bfa93e3c62207c28e290da3d1c9a3f86"",""context"":{""source"":""sim"",""regime_id"":""sim-r0"",""region"":""synthetic-local"",""as_of_utc"":""2026-10-05T00:01:34.750Z""},""config"":{""route"":""beam_http"",""tip_lamports"":""200000"",""cu_price_micro_lamports"":""0"",""cu_limit"":25000,""fee_bucket"":""zero"",""tip_tier"":""x2"",""size_class"":""small""},""horizon_slots"":2,""half_life_s"":3600.0,""alpha"":4.937872396210034,""beta"":1.0,""p_hat"":0.8315895099668579,""p_interval_95"":[0.47375807328683395,0.9948858514114547],""n_effective"":3.937872396210034,""assignments"":4,""resolved"":4,""unresolved"":0,""unresolved_share"":0.0,""data_age_s"":64.25,""observation_window"":[""2026-10-05T00:00:03.250+00:00"",""2026-10-05T00:00:30.500+00:00""],""evidence"":""INSUFFICIENT"",""samples_needed"":27,""insufficient_reasons"":[""discounted_sample_mass_below_30""]}"
sim,sha256:ee9ababb16e0e6b97220316c9f7835c74d7c34f924d030fb7452b33a33a8882c,2026-10-05T00:01:34.750Z,synthetic-local,sim-r0,beam_http,large,4,3.9483259951110474,INSUFFICIENT,"{""contract_version"":1,""estimator"":""m0-decayed-beta-v1"",""methodology_hash"":""sha256:0da0241b9ce652df77f7b9ee40a713f7bfa93e3c62207c28e290da3d1c9a3f86"",""context"":{""source"":""sim"",""regime_id"":""sim-r0"",""region"":""synthetic-local"",""as_of_utc"":""2026-10-05T00:01:34.750Z""},""config"":{""route"":""beam_http"",""tip_lamports"":""1000000"",""cu_price_micro_lamports"":""0"",""cu_limit"":300000,""fee_bucket"":""zero"",""tip_tier"":""x10"",""size_class"":""large""},""horizon_slots"":4,""half_life_s"":3600.0,""alpha"":4.948325995111047,""beta"":1.0,""p_hat"":0.8318854748677352,""p_interval_95"":[0.4745063487436675,0.9948966277040565],""n_effective"":3.9483259951110474,""assignments"":4,""resolved"":4,""unresolved"":0,""unresolved_share"":0.0,""data_age_s"":37.25,""observation_window"":[""2026-10-05T00:00:12.750+00:00"",""2026-10-05T00:00:57.500+00:00""],""evidence"":""INSUFFICIENT"",""samples_needed"":27,""insufficient_reasons"":[""discounted_sample_mass_below_30""]}"
sim,sha256:ef247784d707422e68c95fd8bd3c1932767433420600dc7b3691027daea6c9c6,2026-10-05T00:01:34.750Z,synthetic-local,sim-r0,beam_http,large,4,3.960741487813044,INSUFFICIENT,"{""contract_version"":1,""estimator"":""m0-decayed-beta-v1"",""methodology_hash"":""sha256:0da0241b9ce652df77f7b9ee40a713f7bfa93e3c62207c28e290da3d1c9a3f86"",""context"":{""source"":""sim"",""regime_id"":""sim-r0"",""region"":""synthetic-local"",""as_of_utc"":""2026-10-05T00:01:34.750Z""},""config"":{""route"":""beam_http"",""tip_lamports"":""1000000"",""cu_price_micro_lamports"":""1000"",""cu_limit"":300000,""fee_bucket"":""local_median"",""tip_tier"":""x10"",""size_class"":""large""},""horizon_slots"":4,""half_life_s"":3600.0,""alpha"":3.9676489923760077,""beta"":1.993092495437036,""p_hat"":0.6656301066717979,""p_interval_95"":[0.2814557370545714,0.9472999832009277],""n_effective"":3.960741487813044,""assignments"":4,""resolved"":4,""unresolved"":0,""unresolved_share"":0.0,""data_age_s"":36.0,""observation_window"":[""2026-10-05T00:00:19.500+00:00"",""2026-10-05T00:00:58.750+00:00""],""evidence"":""INSUFFICIENT"",""samples_needed"":27,""insufficient_reasons"":[""discounted_sample_mass_below_30""]}"
sim,sha256:ef3679ddaeb7ef6e35dc4ae0b15e0ad9ab33b8be1df92382772e70748b08753b,2026-10-05T00:01:34.750Z,synthetic-local,sim-r0,beam_quic,small,4,3.9559387004953575,INSUFFICIENT,"{""contract_version"":1,""estimator"":""m0-decayed-beta-v1"",""methodology_hash"":""sha256:0da0241b9ce652df77f7b9ee40a713f7bfa93e3c62207c28e290da3d1c9a3f86"",""context"":{""source"":""sim"",""regime_id"":""sim-r0"",""region"":""synthetic-local"",""as_of_utc"":""2026-10-05T00:01:34.750Z""},""config"":{""route"":""beam_quic"",""tip_lamports"":""100000"",""cu_price_micro_lamports"":""0"",""cu_limit"":25000,""fee_bucket"":""zero"",""tip_tier"":""x1"",""size_class"":""small""},""horizon_slots"":4,""half_life_s"":3600.0,""alpha"":4.9559387004953575,""beta"":1.0,""p_hat"":0.8321003539010854,""p_interval_95"":[0.47505002449953626,0.9949044468723509],""n_effective"":3.9559387004953575,""assignments"":4,""resolved"":4,""unresolved"":0,""unresolved_share"":0.0,""data_age_s"":37.75,""observation_window"":[""2026-10-05T00:00:07.250+00:00"",""2026-10-05T00:00:57+00:00""],""evidence"":""INSUFFICIENT"",""samples_needed"":27,""insufficient_reasons"":[""discounted_sample_mass_below_30""]}"
sim,sha256:f0d9b0663d365a87eb49e53ebeb1cc6172447e7c75eca8ee48b329c84eb4fe92,2026-10-05T00:01:34.750Z,synthetic-local,sim-r0,beam_quic,large,4,0.9849043690367858,INSUFFICIENT,"{""contract_version"":1,""estimator"":""m0-decayed-beta-v1"",""methodology_hash"":""sha256:0da0241b9ce652df77f7b9ee40a713f7bfa93e3c62207c28e290da3d1c9a3f86"",""context"":{""source"":""sim"",""regime_id"":""sim-r0"",""region"":""synthetic-local"",""as_of_utc"":""2026-10-05T00:01:34.750Z""},""config"":{""route"":""beam_quic"",""tip_lamports"":""500000"",""cu_price_micro_lamports"":""5000"",""cu_limit"":300000,""fee_bucket"":""local_p90"",""tip_tier"":""x5"",""size_class"":""large""},""horizon_slots"":4,""half_life_s"":3600.0,""alpha"":1.9849043690367858,""beta"":1.0,""p_hat"":0.6649808917252866,""p_interval_95"":[0.1559114449079797,0.9873258247930778],""n_effective"":0.9849043690367858,""assignments"":1,""resolved"":1,""unresolved"":0,""unresolved_share"":0.0,""data_age_s"":79.0,""observation_window"":[""2026-10-05T00:00:15.750+00:00"",""2026-10-05T00:00:15.750+00:00""],""evidence"":""INSUFFICIENT"",""samples_needed"":30,""insufficient_reasons"":[""discounted_sample_mass_below_30""]}"
sim,sha256:f2fb4a783a2566e91e21634dcade8c9c922dbf09a4a7b4f6e824e61bdad5356e,2026-10-05T00:01:34.750Z,synthetic-local,sim-r0,beam_quic,small,2,6.918166260820094,INSUFFICIENT,"{""contract_version"":1,""estimator"":""m0-decayed-beta-v1"",""methodology_hash"":""sha256:0da0241b9ce652df77f7b9ee40a713f7bfa93e3c62207c28e290da3d1c9a3f86"",""context"":{""source"":""sim"",""regime_id"":""sim-r0"",""region"":""synthetic-local"",""as_of_utc"":""2026-10-05T00:01:34.750Z""},""config"":{""route"":""beam_quic"",""tip_lamports"":""1000000"",""cu_price_micro_lamports"":""1000"",""cu_limit"":25000,""fee_bucket"":""local_median"",""tip_tier"":""x10"",""size_class"":""small""},""horizon_slots"":2,""half_life_s"":3600.0,""alpha"":7.918166260820095,""beta"":1.0,""p_hat"":0.8878693252901924,""p_interval_95"":[0.6275854303490618,0.9968076731080662],""n_effective"":6.918166260820094,""assignments"":7,""resolved"":7,""unresolved"":0,""unresolved_share"":0.0,""data_age_s"":41.25,""observation_window"":[""2026-10-05T00:00:09+00:00"",""2026-10-05T00:00:53.500+00:00""],""evidence"":""INSUFFICIENT"",""samples_needed"":24,""insufficient_reasons"":[""discounted_sample_mass_below_30""]}"
sim,sha256:f2fba47fab4160d0d09b6fc7fd4f2106b38b460632957f864b64b578046b46d7,2026-10-05T00:01:34.750Z,synthetic-local,sim-r0,beam_quic,medium,4,2.962894139751265,INSUFFICIENT,"{""contract_version"":1,""estimator"":""m0-decayed-beta-v1"",""methodology_hash"":""sha256:0da0241b9ce652df77f7b9ee40a713f7bfa93e3c62207c28e290da3d1c9a3f86"",""context"":{""source"":""sim"",""regime_id"":""sim-r0"",""region"":""synthetic-local"",""as_of_utc"":""2026-10-05T00:01:34.750Z""},""config"":{""route"":""beam_quic"",""tip_lamports"":""1000000"",""cu_price_micro_lamports"":""5000"",""cu_limit"":100000,""fee_bucket"":""local_p90"",""tip_tier"":""x10"",""size_class"":""medium""},""horizon_slots"":4,""half_life_s"":3600.0,""alpha"":3.9628941397512647,""beta"":1.0,""p_hat"":0.798504668477551,""p_interval_95"":[0.39421654796315964,0.9936316477565275],""n_effective"":2.962894139751265,""assignments"":3,""resolved"":3,""unresolved"":0,""unresolved_share"":0.0,""data_age_s"":48.25,""observation_window"":[""2026-10-05T00:00:07+00:00"",""2026-10-05T00:00:46.500+00:00""],""evidence"":""INSUFFICIENT"",""samples_needed"":28,""insufficient_reasons"":[""discounted_sample_mass_below_30""]}"
sim,sha256:f5ca81ab3edbe4998c499baf6c58badfe68ca990a838a227fef12100a9241be0,2026-10-05T00:01:34.750Z,synthetic-local,sim-r0,beam_quic,large,1,2.952917597113876,INSUFFICIENT,"{""contract_version"":1,""estimator"":""m0-decayed-beta-v1"",""methodology_hash"":""sha256:0da0241b9ce652df77f7b9ee40a713f7bfa93e3c62207c28e290da3d1c9a3f86"",""context"":{""source"":""sim"",""regime_id"":""sim-r0"",""region"":""synthetic-local"",""as_of_utc"":""2026-10-05T00:01:34.750Z""},""config"":{""route"":""beam_quic"",""tip_lamports"":""500000"",""cu_price_micro_lamports"":""1000"",""cu_limit"":300000,""fee_bucket"":""local_median"",""tip_tier"":""x5"",""size_class"":""large""},""horizon_slots"":1,""half_life_s"":3600.0,""alpha"":2.9695291351399593,""beta"":1.9833884619739166,""p_hat"":0.5995514920075269,""p_interval_95"":[0.1922331977285927,0.9330877476189499],""n_effective"":2.952917597113876,""assignments"":3,""resolved"":3,""unresolved"":0,""unresolved_share"":0.0,""data_age_s"":68.25,""observation_window"":[""2026-10-05T00:00:03.500+00:00"",""2026-10-05T00:00:26.500+00:00""],""evidence"":""INSUFFICIENT"",""samples_needed"":28,""insufficient_reasons"":[""discounted_sample_mass_below_30""]}"
sim,sha256:f6ab65f5a189d77df8f8b1561fcf2ffb2e2048c220e45531a2bd6202d147b01a,2026-10-05T00:01:34.750Z,synthetic-local,sim-r0,beam_quic,small,1,2.957572350317995,INSUFFICIENT,"{""contract_version"":1,""estimator"":""m0-decayed-beta-v1"",""methodology_hash"":""sha256:0da0241b9ce652df77f7b9ee40a713f7bfa93e3c62207c28e290da3d1c9a3f86"",""context"":{""source"":""sim"",""regime_id"":""sim-r0"",""region"":""synthetic-local"",""as_of_utc"":""2026-10-05T00:01:34.750Z""},""config"":{""route"":""beam_quic"",""tip_lamports"":""200000"",""cu_price_micro_lamports"":""5000"",""cu_limit"":25000,""fee_bucket"":""local_p90"",""tip_tier"":""x2"",""size_class"":""small""},""horizon_slots"":1,""half_life_s"":3600.0,""alpha"":3.957572350317995,""beta"":1.0,""p_hat"":0.7982883699244738,""p_interval_95"":[0.39372340381367776,0.9936231115285692],""n_effective"":2.957572350317995,""assignments"":3,""resolved"":3,""unresolved"":0,""unresolved_share"":0.0,""data_age_s"":52.0,""observation_window"":[""2026-10-05T00:00:08.250+00:00"",""2026-10-05T00:00:42.750+00:00""],""evidence"":""INSUFFICIENT"",""samples_needed"":28,""insufficient_reasons"":[""discounted_sample_mass_below_30""]}"
sim,sha256:f7a3598610318f730abf751c356d51258722f5aca16532a6c82f666e0cd78b26,2026-10-05T00:01:34.750Z,synthetic-local,sim-r0,beam_quic,medium,1,3.96125326696498,INSUFFICIENT,"{""contract_version"":1,""estimator"":""m0-decayed-beta-v1"",""methodology_hash"":""sha256:0da0241b9ce652df77f7b9ee40a713f7bfa93e3c62207c28e290da3d1c9a3f86"",""context"":{""source"":""sim"",""regime_id"":""sim-r0"",""region"":""synthetic-local"",""as_of_utc"":""2026-10-05T00:01:34.750Z""},""config"":{""route"":""beam_quic"",""tip_lamports"":""100000"",""cu_price_micro_lamports"":""5000"",""cu_limit"":100000,""fee_bucket"":""local_p90"",""tip_tier"":""x1"",""size_class"":""medium""},""horizon_slots"":1,""half_life_s"":3600.0,""alpha"":3.9702618657076565,""beta"":1.9909914012573235,""p_hat"":0.6660112711045766,""p_interval_95"":[0.2818373387512906,0.9474584125488856],""n_effective"":3.96125326696498,""assignments"":4,""resolved"":4,""unresolved"":0,""unresolved_share"":0.0,""data_age_s"":42.5,""observation_window"":[""2026-10-05T00:00:29.250+00:00"",""2026-10-05T00:00:52.250+00:00""],""evidence"":""INSUFFICIENT"",""samples_needed"":27,""insufficient_reasons"":[""discounted_sample_mass_below_30""]}"
sim,sha256:f87022b7124c945317302f57022cd2b810f87809488df155f2b061d5e5d15d4a,2026-10-05T00:01:34.750Z,synthetic-local,sim-r0,beam_quic,large,1,4.934796493109502,INSUFFICIENT,"{""contract_version"":1,""estimator"":""m0-decayed-beta-v1"",""methodology_hash"":""sha256:0da0241b9ce652df77f7b9ee40a713f7bfa93e3c62207c28e290da3d1c9a3f86"",""context"":{""source"":""sim"",""regime_id"":""sim-r0"",""region"":""synthetic-local"",""as_of_utc"":""2026-10-05T00:01:34.750Z""},""config"":{""route"":""beam_quic"",""tip_lamports"":""500000"",""cu_price_micro_lamports"":""0"",""cu_limit"":300000,""fee_bucket"":""zero"",""tip_tier"":""x5"",""size_class"":""large""},""horizon_slots"":1,""half_life_s"":3600.0,""alpha"":4.946044532420953,""beta"":1.9887519606885489,""p_hat"":0.7132212945737345,""p_interval_95"":[0.35602160680149275,0.9568806289767766],""n_effective"":4.934796493109502,""assignments"":5,""resolved"":5,""unresolved"":0,""unresolved_share"":0.0,""data_age_s"":53.25,""observation_window"":[""2026-10-05T00:00:01.500+00:00"",""2026-10-05T00:00:41.500+00:00""],""evidence"":""INSUFFICIENT"",""samples_needed"":26,""insufficient_reasons"":[""discounted_sample_mass_below_30""]}"
sim,sha256:f9254dcb9d60611d2f4849a846cb55d7e74de7702b934f4d55c89065d168d53c,2026-10-05T00:01:34.750Z,synthetic-local,sim-r0,beam_quic,medium,4,4.939662385272021,INSUFFICIENT,"{""contract_version"":1,""estimator"":""m0-decayed-beta-v1"",""methodology_hash"":""sha256:0da0241b9ce652df77f7b9ee40a713f7bfa93e3c62207c28e290da3d1c9a3f86"",""context"":{""source"":""sim"",""regime_id"":""sim-r0"",""region"":""synthetic-local"",""as_of_utc"":""2026-10-05T00:01:34.750Z""},""config"":{""route"":""beam_quic"",""tip_lamports"":""1000000"",""cu_price_micro_lamports"":""0"",""cu_limit"":100000,""fee_bucket"":""zero"",""tip_tier"":""x10"",""size_class"":""medium""},""horizon_slots"":4,""half_life_s"":3600.0,""alpha"":5.939662385272021,""beta"":1.0,""p_hat"":0.8559007708901962,""p_interval_95"":[0.5373751760527969,0.9957465720510614],""n_effective"":4.939662385272021,""assignments"":5,""resolved"":5,""unresolved"":0,""unresolved_share"":0.0,""data_age_s"":34.25,""observation_window"":[""2026-10-05T00:00:01.250+00:00"",""2026-10-05T00:01:00.500+00:00""],""evidence"":""INSUFFICIENT"",""samples_needed"":26,""insufficient_reasons"":[""discounted_sample_mass_below_30""]}"
sim,sha256:f973ecd9ab94bc0c103ed9e4854bdaef8419135cac155b5eb27e2972c0f5973a,2026-10-05T00:01:34.750Z,synthetic-local,sim-r0,beam_http,small,2,1.9699515172718907,INSUFFICIENT,"{""contract_version"":1,""estimator"":""m0-decayed-beta-v1"",""methodology_hash"":""sha256:0da0241b9ce652df77f7b9ee40a713f7bfa93e3c62207c28e290da3d1c9a3f86"",""context"":{""source"":""sim"",""regime_id"":""sim-r0"",""region"":""synthetic-local"",""as_of_utc"":""2026-10-05T00:01:34.750Z""},""config"":{""route"":""beam_http"",""tip_lamports"":""500000"",""cu_price_micro_lamports"":""1000"",""cu_limit"":25000,""fee_bucket"":""local_median"",""tip_tier"":""x5"",""size_class"":""small""},""horizon_slots"":2,""half_life_s"":3600.0,""alpha"":2.9699515172718907,""beta"":1.0,""p_hat"":0.7481077550571223,""p_interval_95"":[0.2887866121267023,0.9915115782015012],""n_effective"":1.9699515172718907,""assignments"":2,""resolved"":2,""unresolved"":0,""unresolved_share"":0.0,""data_age_s"":74.75,""observation_window"":[""2026-10-05T00:00:12.250+00:00"",""2026-10-05T00:00:20+00:00""],""evidence"":""INSUFFICIENT"",""samples_needed"":29,""insufficient_reasons"":[""discounted_sample_mass_below_30""]}"
sim,sha256:f99fa47642c81db4cacc80217dcc81471d70f5c94ac323d3a0e6d72eea0b692e,2026-10-05T00:01:34.750Z,synthetic-local,sim-r0,beam_quic,small,4,2.9569548764318796,INSUFFICIENT,"{""contract_version"":1,""estimator"":""m0-decayed-beta-v1"",""methodology_hash"":""sha256:0da0241b9ce652df77f7b9ee40a713f7bfa93e3c62207c28e290da3d1c9a3f86"",""context"":{""source"":""sim"",""regime_id"":""sim-r0"",""region"":""synthetic-local"",""as_of_utc"":""2026-10-05T00:01:34.750Z""},""config"":{""route"":""beam_quic"",""tip_lamports"":""1000000"",""cu_price_micro_lamports"":""0"",""cu_limit"":25000,""fee_bucket"":""zero"",""tip_tier"":""x10"",""size_class"":""small""},""horizon_slots"":4,""half_life_s"":3600.0,""alpha"":3.95695487643188,""beta"":1.0,""p_hat"":0.7982632432757143,""p_interval_95"":[0.39366613967344477,0.9936221196095809],""n_effective"":2.9569548764318796,""assignments"":3,""resolved"":3,""unresolved"":0,""unresolved_share"":0.0,""data_age_s"":54.25,""observation_window"":[""2026-10-05T00:00:04.500+00:00"",""2026-10-05T00:00:40.500+00:00""],""evidence"":""INSUFFICIENT"",""samples_needed"":28,""insufficient_reasons"":[""discounted_sample_mass_below_30""]}"
sim,sha256:fb238d3a00cd2aea4e998951980db50643c038afd9c3cb52ba1719157d386b6b,2026-10-05T00:01:34.750Z,synthetic-local,sim-r0,beam_http,small,4,0.9831044892582366,INSUFFICIENT,"{""contract_version"":1,""estimator"":""m0-decayed-beta-v1"",""methodology_hash"":""sha256:0da0241b9ce652df77f7b9ee40a713f7bfa93e3c62207c28e290da3d1c9a3f86"",""context"":{""source"":""sim"",""regime_id"":""sim-r0"",""region"":""synthetic-local"",""as_of_utc"":""2026-10-05T00:01:34.750Z""},""config"":{""route"":""beam_http"",""tip_lamports"":""500000"",""cu_price_micro_lamports"":""5000"",""cu_limit"":25000,""fee_bucket"":""local_p90"",""tip_tier"":""x5"",""size_class"":""small""},""horizon_slots"":4,""half_life_s"":3600.0,""alpha"":1.9831044892582366,""beta"":1.0,""p_hat"":0.6647787552863578,""p_interval_95"":[0.1556486817039025,0.9873143948939667],""n_effective"":0.9831044892582366,""assignments"":1,""resolved"":1,""unresolved"":0,""unresolved_share"":0.0,""data_age_s"":88.5,""observation_window"":[""2026-10-05T00:00:06.250+00:00"",""2026-10-05T00:00:06.250+00:00""],""evidence"":""INSUFFICIENT"",""samples_needed"":30,""insufficient_reasons"":[""discounted_sample_mass_below_30""]}"
sim,sha256:fc76012770e4bcd96777b8555360bd98a521ee95549167cbf529b3ca01fc1c68,2026-10-05T00:01:34.750Z,synthetic-local,sim-r0,beam_http,large,1,2.9631212239545963,INSUFFICIENT,"{""contract_version"":1,""estimator"":""m0-decayed-beta-v1"",""methodology_hash"":""sha256:0da0241b9ce652df77f7b9ee40a713f7bfa93e3c62207c28e290da3d1c9a3f86"",""context"":{""source"":""sim"",""regime_id"":""sim-r0"",""region"":""synthetic-local"",""as_of_utc"":""2026-10-05T00:01:34.750Z""},""config"":{""route"":""beam_http"",""tip_lamports"":""200000"",""cu_price_micro_lamports"":""0"",""cu_limit"":300000,""fee_bucket"":""zero"",""tip_tier"":""x2"",""size_class"":""large""},""horizon_slots"":1,""half_life_s"":3600.0,""alpha"":3.9631212239545968,""beta"":1.0,""p_hat"":0.7985138877580743,""p_interval_95"":[0.39423757499598555,0.9936320114945432],""n_effective"":2.9631212239545963,""assignments"":3,""resolved"":3,""unresolved"":0,""unresolved_share"":0.0,""data_age_s"":51.0,""observation_window"":[""2026-10-05T00:00:22.750+00:00"",""2026-10-05T00:00:43.750+00:00""],""evidence"":""INSUFFICIENT"",""samples_needed"":28,""insufficient_reasons"":[""discounted_sample_mass_below_30""]}"
sim,sha256:fe623b00f0d0338bb47ef72ac565358e058cc79150c8c70d6c3b84b00e0d5e58,2026-10-05T00:01:34.750Z,synthetic-local,sim-r0,beam_http,medium,4,1.9787964326817908,INSUFFICIENT,"{""contract_version"":1,""estimator"":""m0-decayed-beta-v1"",""methodology_hash"":""sha256:0da0241b9ce652df77f7b9ee40a713f7bfa93e3c62207c28e290da3d1c9a3f86"",""context"":{""source"":""sim"",""regime_id"":""sim-r0"",""region"":""synthetic-local"",""as_of_utc"":""2026-10-05T00:01:34.750Z""},""config"":{""route"":""beam_http"",""tip_lamports"":""200000"",""cu_price_micro_lamports"":""5000"",""cu_limit"":100000,""fee_bucket"":""local_p90"",""tip_tier"":""x2"",""size_class"":""medium""},""horizon_slots"":4,""half_life_s"":3600.0,""alpha"":2.978796432681791,""beta"":1.0,""p_hat"":0.7486677147425762,""p_interval_95"":[0.2898536408651592,0.9915366758415978],""n_effective"":1.9787964326817908,""assignments"":2,""resolved"":2,""unresolved"":0,""unresolved_share"":0.0,""data_age_s"":41.5,""observation_window"":[""2026-10-05T00:00:25.500+00:00"",""2026-10-05T00:00:53.250+00:00""],""evidence"":""INSUFFICIENT"",""samples_needed"":29,""insufficient_reasons"":[""discounted_sample_mass_below_30""]}"
sim,sha256:ffcae3f6f45ef64c79f0e9907028ce15d5561e7064a12caee707b1af4fc5bd5f,2026-10-05T00:01:34.750Z,synthetic-local,sim-r0,beam_quic,large,1,1.975934650760034,INSUFFICIENT,"{""contract_version"":1,""estimator"":""m0-decayed-beta-v1"",""methodology_hash"":""sha256:0da0241b9ce652df77f7b9ee40a713f7bfa93e3c62207c28e290da3d1c9a3f86"",""context"":{""source"":""sim"",""regime_id"":""sim-r0"",""region"":""synthetic-local"",""as_of_utc"":""2026-10-05T00:01:34.750Z""},""config"":{""route"":""beam_quic"",""tip_lamports"":""100000"",""cu_price_micro_lamports"":""5000"",""cu_limit"":300000,""fee_bucket"":""local_p90"",""tip_tier"":""x1"",""size_class"":""large""},""horizon_slots"":1,""half_life_s"":3600.0,""alpha"":2.975934650760034,""beta"":1.0,""p_hat"":0.7484868118220098,""p_interval_95"":[0.2895086663808567,0.9915285717296718],""n_effective"":1.975934650760034,""assignments"":2,""resolved"":2,""unresolved"":0,""unresolved_share"":0.0,""data_age_s"":58.5,""observation_window"":[""2026-10-05T00:00:27.500+00:00"",""2026-10-05T00:00:36.250+00:00""],""evidence"":""INSUFFICIENT"",""samples_needed"":29,""insufficient_reasons"":[""discounted_sample_mass_below_30""]}"
